study,dataset,model,corruption,reference,method,metric,paired_seeds,reference_mean,method_mean,mean_paired_difference,paired_difference_std,ci95_low,ci95_high,method_greater_count,raw_p,family,correction_scope,holm_p_scope,holm_p_family_wide,holm_p_all_378,included_in_replacement_registry,analysis_status
shared_downstream_repair_20260908,fashion,standard,brightness,kaiming,random_stem,normalised_accuracy_auc,5,59.970388478702965,61.33266690704558,1.36227842834261,1.5058686069086258,-0.5075044068810868,3.2320612635663064,5,0.11312979518334525,first_layer_corruption,first_layer_corruption|dataset=fashion|metric=normalised_accuracy_auc,1.0,1.0,1.0,True,"exploratory_repair; inherited retrospective scope, not preregistered"
shared_downstream_repair_20260908,fashion,standard,brightness,kaiming,random_stem,mean_accuracy_drop,5,9.322331945101421,8.369499494632084,-0.952832450469335,0.7055054574124673,-1.8288331774746744,-0.07683172346399536,0,0.03916478704629198,first_layer_corruption,first_layer_corruption|dataset=fashion|metric=mean_accuracy_drop,1.0,,,False,"exploratory_repair; inherited retrospective scope, not preregistered"
shared_downstream_repair_20260908,fashion,standard,brightness,kaiming,random_stem,mean_retention,5,0.864317882634737,0.8788897878272774,0.014571905192540525,0.011834839303734879,-0.00012298869543397525,0.029266799080515025,5,0.05120540768664063,first_layer_corruption,first_layer_corruption|dataset=fashion|metric=mean_retention,1.0,1.0,1.0,True,"exploratory_repair; inherited retrospective scope, not preregistered"
shared_downstream_repair_20260908,fashion,standard,brightness,kaiming,random_stem,mean_consistency,5,0.7648683349291484,0.7973216692606607,0.03245333433151243,0.015008774550586745,0.013817479314891988,0.05108918934813287,5,0.008430435184082827,first_layer_corruption,first_layer_corruption|dataset=fashion|metric=mean_consistency,0.26977392589065047,,,False,"exploratory_repair; inherited retrospective scope, not preregistered"
shared_downstream_repair_20260908,fashion,standard,brightness,kaiming,random_stem,worst_accuracy,5,49.171333312988274,51.16466701030731,1.993333697319032,2.1172281031728746,-0.6355522143759709,4.622219609014035,5,0.10304455376697075,first_layer_corruption,first_layer_corruption|dataset=fashion|metric=worst_accuracy,1.0,,,False,"exploratory_repair; inherited retrospective scope, not preregistered"
shared_downstream_repair_20260908,fashion,standard,brightness,kaiming,gabor,normalised_accuracy_auc,5,59.970388478702965,66.94233361217712,6.971945133474139,0.9862328844199499,5.747375267045234,8.196514999903044,5,9.358671294001671e-05,first_layer_corruption,first_layer_corruption|dataset=fashion|metric=normalised_accuracy_auc,0.0040242286564207185,0.025549172632624562,0.03294252295488588,True,"exploratory_repair; inherited retrospective scope, not preregistered"
shared_downstream_repair_20260908,fashion,standard,brightness,kaiming,gabor,mean_accuracy_drop,5,9.322331945101421,4.628166059652965,-4.694165885448456,0.9947152251079924,-5.929267968930203,-3.4590638019667086,0,0.0004562554647409809,first_layer_corruption,first_layer_corruption|dataset=fashion|metric=mean_accuracy_drop,0.02007524044860316,,,False,"exploratory_repair; inherited retrospective scope, not preregistered"
shared_downstream_repair_20260908,fashion,standard,brightness,kaiming,gabor,mean_retention,5,0.864317882634737,0.9347742579466003,0.07045637531186329,0.013086974486132255,0.05420675024702166,0.08670600037670492,5,0.0002730035011408584,first_layer_corruption,first_layer_corruption|dataset=fashion|metric=mean_retention,0.01201215405019777,0.07152691729890491,0.09200217988446929,True,"exploratory_repair; inherited retrospective scope, not preregistered"
shared_downstream_repair_20260908,fashion,standard,brightness,kaiming,gabor,mean_consistency,5,0.7648683349291484,0.8642916709184647,0.0994233359893163,0.023490607024251653,0.07025589495135057,0.12859077702728203,5,0.0006953161206555084,first_layer_corruption,first_layer_corruption|dataset=fashion|metric=mean_consistency,0.03059390930884237,,,False,"exploratory_repair; inherited retrospective scope, not preregistered"
shared_downstream_repair_20260908,fashion,standard,brightness,kaiming,gabor,worst_accuracy,5,49.171333312988274,59.613333543141685,10.442000230153404,1.0291844007263653,9.16409901225856,11.719901448048248,5,2.2358610848662107e-05,first_layer_corruption,first_layer_corruption|dataset=fashion|metric=worst_accuracy,0.001050854709887119,,,False,"exploratory_repair; inherited retrospective scope, not preregistered"
shared_downstream_repair_20260908,fashion,standard,brightness,kaiming,pca,normalised_accuracy_auc,5,59.970388478702965,63.5611112250222,3.5907227463192384,1.6427757307311686,1.5509472643474655,5.630498228291011,5,0.008116518545608032,first_layer_corruption,first_layer_corruption|dataset=fashion|metric=normalised_accuracy_auc,0.2029129636402008,1.0,1.0,True,"exploratory_repair; inherited retrospective scope, not preregistered"
shared_downstream_repair_20260908,fashion,standard,brightness,kaiming,pca,mean_accuracy_drop,5,9.322331945101421,6.765333712100983,-2.5569982330004377,1.171037669786631,-4.011033548114925,-1.1029629178859504,0,0.008145768230825577,first_layer_corruption,first_layer_corruption|dataset=fashion|metric=mean_accuracy_drop,0.2851018880788952,,,False,"exploratory_repair; inherited retrospective scope, not preregistered"
shared_downstream_repair_20260908,fashion,standard,brightness,kaiming,pca,mean_retention,5,0.864317882634737,0.9028097949892564,0.03849191235451936,0.017083487074592972,0.017279961490217925,0.0597038632188208,5,0.007291140054800227,first_layer_corruption,first_layer_corruption|dataset=fashion|metric=mean_retention,0.26039509311251957,1.0,1.0,True,"exploratory_repair; inherited retrospective scope, not preregistered"
shared_downstream_repair_20260908,fashion,standard,brightness,kaiming,pca,mean_consistency,5,0.7648683349291484,0.8131666670242946,0.04829833209514618,0.02851300195392644,0.012894764088242139,0.08370190010205023,5,0.019307319154324765,first_layer_corruption,first_layer_corruption|dataset=fashion|metric=mean_consistency,0.4826829788581191,,,False,"exploratory_repair; inherited retrospective scope, not preregistered"
shared_downstream_repair_20260908,fashion,standard,brightness,kaiming,pca,worst_accuracy,5,49.171333312988274,53.48066647847493,4.309333165486653,1.906844533061472,1.9416729586125565,6.67699337236075,5,0.007214080197343009,first_layer_corruption,first_layer_corruption|dataset=fashion|metric=worst_accuracy,0.18035200493357523,,,False,"exploratory_repair; inherited retrospective scope, not preregistered"
shared_downstream_repair_20260908,fashion,standard,brightness,kaiming,kmeans,normalised_accuracy_auc,5,59.970388478702965,67.27833340565364,7.307944926950666,1.080655632273397,5.966133733900664,8.649756120000669,5,0.00011148649463515054,first_layer_corruption,first_layer_corruption|dataset=fashion|metric=normalised_accuracy_auc,0.0046824327746763225,0.03032432654076095,0.03902027312230269,True,"exploratory_repair; inherited retrospective scope, not preregistered"
shared_downstream_repair_20260908,fashion,standard,brightness,kaiming,kmeans,mean_accuracy_drop,5,9.322331945101421,3.3376672863960266,-5.984664658705394,1.293319815980282,-7.590533312371627,-4.3787960050391606,0,0.0004923855300998736,first_layer_corruption,first_layer_corruption|dataset=fashion|metric=mean_accuracy_drop,0.021172577794294566,,,False,"exploratory_repair; inherited retrospective scope, not preregistered"
shared_downstream_repair_20260908,fashion,standard,brightness,kaiming,kmeans,mean_retention,5,0.864317882634737,0.9524860009201843,0.08816811828544728,0.018159369191788344,0.06562028332991311,0.11071595324098145,5,0.00040850243489805126,first_layer_corruption,first_layer_corruption|dataset=fashion|metric=mean_retention,0.017565604700616202,0.10457662333390112,0.13439730108145886,True,"exploratory_repair; inherited retrospective scope, not preregistered"
shared_downstream_repair_20260908,fashion,standard,brightness,kaiming,kmeans,mean_consistency,5,0.7648683349291484,0.8742149968942007,0.10934666196505227,0.03330451428451741,0.06799364560030402,0.15069967832980052,5,0.0018327620472733265,first_layer_corruption,first_layer_corruption|dataset=fashion|metric=mean_consistency,0.06964495779638641,,,False,"exploratory_repair; inherited retrospective scope, not preregistered"
shared_downstream_repair_20260908,fashion,standard,brightness,kaiming,kmeans,worst_accuracy,5,49.171333312988274,62.0846672852834,12.913333972295126,1.4766103818273495,11.079880021806192,14.74678792278406,5,4.032623140514072e-05,first_layer_corruption,first_layer_corruption|dataset=fashion|metric=worst_accuracy,0.0017743541818261918,,,False,"exploratory_repair; inherited retrospective scope, not preregistered"
shared_downstream_repair_20260908,fashion,standard,brightness,kaiming,di_wmf,normalised_accuracy_auc,5,59.970388478702965,66.94861140516069,6.978222926457725,0.9250468079274307,5.829625608400923,8.126820244514528,5,7.240674478002114e-05,first_layer_corruption,first_layer_corruption|dataset=fashion|metric=normalised_accuracy_auc,0.00318589677032093,0.019911854814505813,0.025631987652127482,True,"exploratory_repair; inherited retrospective scope, not preregistered"
shared_downstream_repair_20260908,fashion,standard,brightness,kaiming,di_wmf,mean_accuracy_drop,5,9.322331945101421,3.6425002415974936,-5.679831703503926,1.4692017899527938,-7.5040866721848385,-3.8555767348230137,0,0.0009849416909757107,first_layer_corruption,first_layer_corruption|dataset=fashion|metric=mean_accuracy_drop,0.04136755102097985,,,False,"exploratory_repair; inherited retrospective scope, not preregistered"
shared_downstream_repair_20260908,fashion,standard,brightness,kaiming,di_wmf,mean_retention,5,0.864317882634737,0.9480897850653884,0.08377190243065151,0.020301851954217128,0.05856382376223737,0.10897998109906565,5,0.000766821009020716,first_layer_corruption,first_layer_corruption|dataset=fashion|metric=mean_retention,0.03143966136984936,0.18710432620105472,0.24078179683250484,True,"exploratory_repair; inherited retrospective scope, not preregistered"
shared_downstream_repair_20260908,fashion,standard,brightness,kaiming,di_wmf,mean_consistency,5,0.7648683349291484,0.8694300035635629,0.1045616686344147,0.03274299548749112,0.06390586994424866,0.14521746732458074,5,0.0020344322064650235,first_layer_corruption,first_layer_corruption|dataset=fashion|metric=mean_consistency,0.07527399163920587,,,False,"exploratory_repair; inherited retrospective scope, not preregistered"
shared_downstream_repair_20260908,fashion,standard,brightness,kaiming,di_wmf,worst_accuracy,5,49.171333312988274,61.320000092188515,12.148666779200237,1.4849170376826408,10.30489875319032,13.992434805210154,5,5.251744696412072e-05,first_layer_corruption,first_layer_corruption|dataset=fashion|metric=worst_accuracy,0.002258250219457191,,,False,"exploratory_repair; inherited retrospective scope, not preregistered"
shared_downstream_repair_20260908,fashion,standard,brightness,kaiming,lowrank_wmf,normalised_accuracy_auc,5,59.970388478702965,68.42605537838406,8.45566689968109,1.5239903884203658,6.563382900770951,10.347950898591229,5,0.0002426436224310635,first_layer_corruption,first_layer_corruption|dataset=fashion|metric=normalised_accuracy_auc,0.009463101274811475,0.06405791632180076,0.08225618800413052,True,"exploratory_repair; inherited retrospective scope, not preregistered"
shared_downstream_repair_20260908,fashion,standard,brightness,kaiming,lowrank_wmf,mean_accuracy_drop,5,9.322331945101421,3.6959994832674665,-5.626332461833953,1.4601747813740944,-7.439378918951218,-3.813286004716688,0,0.000997471131781568,first_layer_corruption,first_layer_corruption|dataset=fashion|metric=mean_accuracy_drop,0.04136755102097985,,,False,"exploratory_repair; inherited retrospective scope, not preregistered"
shared_downstream_repair_20260908,fashion,standard,brightness,kaiming,lowrank_wmf,mean_retention,5,0.864317882634737,0.9483504240719366,0.08403254143719949,0.019941204043523085,0.05927226629552154,0.10879281657887743,5,0.0007071346080001328,first_layer_corruption,first_layer_corruption|dataset=fashion|metric=mean_retention,0.029699653536005576,0.1753693827840329,0.22557593995204236,True,"exploratory_repair; inherited retrospective scope, not preregistered"
shared_downstream_repair_20260908,fashion,standard,brightness,kaiming,lowrank_wmf,mean_consistency,5,0.7648683349291484,0.876690000295639,0.1118216653664907,0.029693897813762835,0.07495182148479992,0.14869150924818147,5,0.0010889512422563134,first_layer_corruption,first_layer_corruption|dataset=fashion|metric=mean_consistency,0.04246909844799622,,,False,"exploratory_repair; inherited retrospective scope, not preregistered"
shared_downstream_repair_20260908,fashion,standard,brightness,kaiming,lowrank_wmf,worst_accuracy,5,49.171333312988274,62.66533295313517,13.493999640146892,1.9377780408332923,11.08793041033437,15.900068869959416,5,9.931542986964987e-05,first_layer_corruption,first_layer_corruption|dataset=fashion|metric=worst_accuracy,0.004071932624655644,,,False,"exploratory_repair; inherited retrospective scope, not preregistered"
shared_downstream_repair_20260908,fashion,standard,colored_gaussian,kaiming,random_stem,normalised_accuracy_auc,5,56.53872191905975,57.38550004031923,0.8467781212594758,1.2563092824798705,-0.7131358854049823,2.406692127923934,3,0.20624899673809124,first_layer_corruption,first_layer_corruption|dataset=fashion|metric=normalised_accuracy_auc,1.0,1.0,1.0,True,"exploratory_repair; inherited retrospective scope, not preregistered"
shared_downstream_repair_20260908,fashion,standard,colored_gaussian,kaiming,random_stem,mean_accuracy_drop,5,13.291165232658386,12.883833050727844,-0.40733218193054166,2.073987089607976,-2.9825272838361694,2.1678629199750863,2,0.6832235426025013,first_layer_corruption,first_layer_corruption|dataset=fashion|metric=mean_accuracy_drop,1.0,,,False,"exploratory_repair; inherited retrospective scope, not preregistered"
shared_downstream_repair_20260908,fashion,standard,colored_gaussian,kaiming,random_stem,mean_retention,5,0.8066482623486243,0.8133925507666596,0.006744288418035494,0.028047786552418272,-0.028081638373405948,0.041570215209476936,3,0.6193183428756756,first_layer_corruption,first_layer_corruption|dataset=fashion|metric=mean_retention,1.0,1.0,1.0,True,"exploratory_repair; inherited retrospective scope, not preregistered"
shared_downstream_repair_20260908,fashion,standard,colored_gaussian,kaiming,random_stem,mean_consistency,5,0.7124450047810872,0.7321533347169558,0.019708329935868574,0.03499715888157184,-0.023746382286796285,0.06316304215853344,4,0.27642264738350286,first_layer_corruption,first_layer_corruption|dataset=fashion|metric=mean_consistency,1.0,,,False,"exploratory_repair; inherited retrospective scope, not preregistered"
shared_downstream_repair_20260908,fashion,standard,colored_gaussian,kaiming,random_stem,worst_accuracy,5,39.25999999046326,39.70066686471303,0.44066687424977574,3.178953447051079,-3.506525172919305,4.387858921418856,2,0.7720658195818709,first_layer_corruption,first_layer_corruption|dataset=fashion|metric=worst_accuracy,1.0,,,False,"exploratory_repair; inherited retrospective scope, not preregistered"
shared_downstream_repair_20260908,fashion,standard,colored_gaussian,kaiming,gabor,normalised_accuracy_auc,5,56.53872191905975,53.06300027502908,-3.475721644030675,1.4141525153969086,-5.23162391036831,-1.7198193776930397,0,0.005342710828657954,first_layer_corruption,first_layer_corruption|dataset=fashion|metric=normalised_accuracy_auc,0.16028132485973864,1.0,1.0,True,"exploratory_repair; inherited retrospective scope, not preregistered"
shared_downstream_repair_20260908,fashion,standard,colored_gaussian,kaiming,gabor,mean_accuracy_drop,5,13.291165232658386,19.48199927806854,6.190834045410155,1.6295012118744028,4.167541055596305,8.214127035224006,5,0.0010527957921191236,first_layer_corruption,first_layer_corruption|dataset=fashion|metric=mean_accuracy_drop,0.04211183168476494,,,False,"exploratory_repair; inherited retrospective scope, not preregistered"
shared_downstream_repair_20260908,fashion,standard,colored_gaussian,kaiming,gabor,mean_retention,5,0.8066482623486243,0.7257960735198619,-0.08085218882876229,0.023349359113903168,-0.1098442474216268,-0.05186013023589778,0,0.0014987532117059004,first_layer_corruption,first_layer_corruption|dataset=fashion|metric=mean_retention,0.05995012846823602,0.3402169790572394,0.4421321974532406,True,"exploratory_repair; inherited retrospective scope, not preregistered"
shared_downstream_repair_20260908,fashion,standard,colored_gaussian,kaiming,gabor,mean_consistency,5,0.7124450047810872,0.6254166667660077,-0.0870283380150795,0.031391221668822834,-0.1260056878208907,-0.04805098820926831,0,0.003443360677458878,first_layer_corruption,first_layer_corruption|dataset=fashion|metric=mean_consistency,0.12051762371106073,,,False,"exploratory_repair; inherited retrospective scope, not preregistered"
shared_downstream_repair_20260908,fashion,standard,colored_gaussian,kaiming,gabor,worst_accuracy,5,39.25999999046326,28.828666607538857,-10.431333382924397,2.3675301099797528,-13.371010285149653,-7.49165648069914,0,0.000595358940398797,first_layer_corruption,first_layer_corruption|dataset=fashion|metric=worst_accuracy,0.02321899867555308,,,False,"exploratory_repair; inherited retrospective scope, not preregistered"
shared_downstream_repair_20260908,fashion,standard,colored_gaussian,kaiming,pca,normalised_accuracy_auc,5,56.53872191905975,57.43911097447078,0.9003890554110214,1.517546981423691,-0.983894397005572,2.784672507827615,3,0.25527949276219486,first_layer_corruption,first_layer_corruption|dataset=fashion|metric=normalised_accuracy_auc,1.0,1.0,1.0,True,"exploratory_repair; inherited retrospective scope, not preregistered"
shared_downstream_repair_20260908,fashion,standard,colored_gaussian,kaiming,pca,mean_accuracy_drop,5,13.291165232658386,13.394000679254532,0.10283544659614599,1.4723352401061438,-1.7253102143303476,1.9309811075226397,3,0.8834575973712133,first_layer_corruption,first_layer_corruption|dataset=fashion|metric=mean_accuracy_drop,1.0,,,False,"exploratory_repair; inherited retrospective scope, not preregistered"
shared_downstream_repair_20260908,fashion,standard,colored_gaussian,kaiming,pca,mean_retention,5,0.8066482623486243,0.8076117913148316,0.0009635289662073276,0.021618397610847266,-0.02587925704603599,0.027806314978450646,3,0.9254083368351154,first_layer_corruption,first_layer_corruption|dataset=fashion|metric=mean_retention,1.0,1.0,1.0,True,"exploratory_repair; inherited retrospective scope, not preregistered"
shared_downstream_repair_20260908,fashion,standard,colored_gaussian,kaiming,pca,mean_consistency,5,0.7124450047810872,0.731835001707077,0.019389996925989795,0.02235440124900014,-0.008366658306294936,0.04714665215827453,4,0.12444250425078841,first_layer_corruption,first_layer_corruption|dataset=fashion|metric=mean_consistency,1.0,,,False,"exploratory_repair; inherited retrospective scope, not preregistered"
shared_downstream_repair_20260908,fashion,standard,colored_gaussian,kaiming,pca,worst_accuracy,5,39.25999999046326,39.5526663462321,0.29266635576884,2.73041863236072,-3.0975961600582256,3.682928871595905,3,0.8223607123899033,first_layer_corruption,first_layer_corruption|dataset=fashion|metric=worst_accuracy,1.0,,,False,"exploratory_repair; inherited retrospective scope, not preregistered"
shared_downstream_repair_20260908,fashion,standard,colored_gaussian,kaiming,kmeans,normalised_accuracy_auc,5,56.53872191905975,54.9093336198065,-1.6293882992532516,1.8106232456326805,-3.877573997666202,0.6187973991596989,1,0.11450502071568704,first_layer_corruption,first_layer_corruption|dataset=fashion|metric=normalised_accuracy_auc,1.0,1.0,1.0,True,"exploratory_repair; inherited retrospective scope, not preregistered"
shared_downstream_repair_20260908,fashion,standard,colored_gaussian,kaiming,kmeans,mean_accuracy_drop,5,13.291165232658386,16.782333751519523,3.491168518861135,2.3507266013541233,0.5723559283398281,6.409981109382442,5,0.029354290837606344,first_layer_corruption,first_layer_corruption|dataset=fashion|metric=mean_accuracy_drop,0.8219201434529776,,,False,"exploratory_repair; inherited retrospective scope, not preregistered"
shared_downstream_repair_20260908,fashion,standard,colored_gaussian,kaiming,kmeans,mean_retention,5,0.8066482623486243,0.7610684978010194,-0.0455797645476048,0.03221861613146242,-0.08558446026998871,-0.00557506882522088,0,0.034073648526647085,first_layer_corruption,first_layer_corruption|dataset=fashion|metric=mean_retention,0.9540621587461184,1.0,1.0,True,"exploratory_repair; inherited retrospective scope, not preregistered"
shared_downstream_repair_20260908,fashion,standard,colored_gaussian,kaiming,kmeans,mean_consistency,5,0.7124450047810872,0.6802633345127105,-0.032181670268376684,0.035537900828255094,-0.07630780229855677,0.011944461761803395,1,0.11286712548442707,first_layer_corruption,first_layer_corruption|dataset=fashion|metric=mean_consistency,1.0,,,False,"exploratory_repair; inherited retrospective scope, not preregistered"
shared_downstream_repair_20260908,fashion,standard,colored_gaussian,kaiming,kmeans,worst_accuracy,5,39.25999999046326,31.851999958356224,-7.408000032107035,3.039894780889931,-11.182527939865581,-3.6334721243484878,0,0.005509644101354092,first_layer_corruption,first_layer_corruption|dataset=fashion|metric=worst_accuracy,0.17079896714197684,,,False,"exploratory_repair; inherited retrospective scope, not preregistered"
shared_downstream_repair_20260908,fashion,standard,colored_gaussian,kaiming,di_wmf,normalised_accuracy_auc,5,56.53872191905975,55.788500275876785,-0.7502216431829651,1.8429035187091747,-3.038488594527184,1.538045308161254,2,0.4141695396369792,first_layer_corruption,first_layer_corruption|dataset=fashion|metric=normalised_accuracy_auc,1.0,1.0,1.0,True,"exploratory_repair; inherited retrospective scope, not preregistered"
shared_downstream_repair_20260908,fashion,standard,colored_gaussian,kaiming,di_wmf,mean_accuracy_drop,5,13.291165232658386,15.843166808287302,2.552001575628917,2.504388287917867,-0.5576071990018612,5.6616103502596955,4,0.08491949184357657,first_layer_corruption,first_layer_corruption|dataset=fashion|metric=mean_accuracy_drop,1.0,,,False,"exploratory_repair; inherited retrospective scope, not preregistered"
shared_downstream_repair_20260908,fashion,standard,colored_gaussian,kaiming,di_wmf,mean_retention,5,0.8066482623486243,0.7741925054457451,-0.03245575690287905,0.03436191405284408,-0.07512170849166754,0.010210194685909432,1,0.10225656344205993,first_layer_corruption,first_layer_corruption|dataset=fashion|metric=mean_retention,1.0,1.0,1.0,True,"exploratory_repair; inherited retrospective scope, not preregistered"
shared_downstream_repair_20260908,fashion,standard,colored_gaussian,kaiming,di_wmf,mean_consistency,5,0.7124450047810872,0.68818167001009,-0.024263334770997336,0.03311183486568509,-0.06537710803818668,0.01685043849619201,1,0.1766554329960602,first_layer_corruption,first_layer_corruption|dataset=fashion|metric=mean_consistency,1.0,,,False,"exploratory_repair; inherited retrospective scope, not preregistered"
shared_downstream_repair_20260908,fashion,standard,colored_gaussian,kaiming,di_wmf,worst_accuracy,5,39.25999999046326,33.574666778246566,-5.685333212216696,3.28469788571396,-9.763824321883742,-1.60684210254965,0,0.017988777804448415,first_layer_corruption,first_layer_corruption|dataset=fashion|metric=worst_accuracy,0.39575311169786515,,,False,"exploratory_repair; inherited retrospective scope, not preregistered"
shared_downstream_repair_20260908,fashion,standard,colored_gaussian,kaiming,lowrank_wmf,normalised_accuracy_auc,5,56.53872191905975,57.07161095407274,0.5328890350129882,2.2250806042159663,-2.229913444343456,3.295691514369432,2,0.6206786117773418,first_layer_corruption,first_layer_corruption|dataset=fashion|metric=normalised_accuracy_auc,1.0,1.0,1.0,True,"exploratory_repair; inherited retrospective scope, not preregistered"
shared_downstream_repair_20260908,fashion,standard,colored_gaussian,kaiming,lowrank_wmf,mean_accuracy_drop,5,13.291165232658386,16.107332756121952,2.8161675234635677,2.7073635196493684,-0.545468288935282,6.177803335862418,4,0.08061067266986197,first_layer_corruption,first_layer_corruption|dataset=fashion|metric=mean_accuracy_drop,1.0,,,False,"exploratory_repair; inherited retrospective scope, not preregistered"
shared_downstream_repair_20260908,fashion,standard,colored_gaussian,kaiming,lowrank_wmf,mean_retention,5,0.8066482623486243,0.7751943796915572,-0.031453882657066966,0.036865439364273195,-0.07722837149364886,0.014320606179514923,1,0.12906818637909742,first_layer_corruption,first_layer_corruption|dataset=fashion|metric=mean_retention,1.0,1.0,1.0,True,"exploratory_repair; inherited retrospective scope, not preregistered"
shared_downstream_repair_20260908,fashion,standard,colored_gaussian,kaiming,lowrank_wmf,mean_consistency,5,0.7124450047810872,0.6920816689729692,-0.020363335808118155,0.04135901254091265,-0.07171733268142738,0.030990661065191067,1,0.33271959910153676,first_layer_corruption,first_layer_corruption|dataset=fashion|metric=mean_consistency,1.0,,,False,"exploratory_repair; inherited retrospective scope, not preregistered"
shared_downstream_repair_20260908,fashion,standard,colored_gaussian,kaiming,lowrank_wmf,worst_accuracy,5,39.25999999046326,34.345332980155945,-4.914667010307313,4.098265289011886,-10.003335474761517,0.1740014541468904,1,0.05514213432581968,first_layer_corruption,first_layer_corruption|dataset=fashion|metric=worst_accuracy,0.925297215944024,,,False,"exploratory_repair; inherited retrospective scope, not preregistered"
shared_downstream_repair_20260908,fashion,standard,contrast,kaiming,random_stem,normalised_accuracy_auc,5,68.13455578353668,68.22088880671394,0.0863330231772494,1.2019496862090524,-1.4060846298408423,1.5787506761953412,1,0.8801846537313883,first_layer_corruption,first_layer_corruption|dataset=fashion|metric=normalised_accuracy_auc,1.0,1.0,1.0,True,"exploratory_repair; inherited retrospective scope, not preregistered"
shared_downstream_repair_20260908,fashion,standard,contrast,kaiming,random_stem,mean_accuracy_drop,5,0.6486646334330242,1.0068331162134805,0.35816848278045654,0.3552900059201638,-0.08298232649221304,0.7993192920531261,4,0.0872400750461546,first_layer_corruption,first_layer_corruption|dataset=fashion|metric=mean_accuracy_drop,1.0,,,False,"exploratory_repair; inherited retrospective scope, not preregistered"
shared_downstream_repair_20260908,fashion,standard,contrast,kaiming,random_stem,mean_retention,5,0.9905676859195095,0.9854719639869968,-0.005095721932512798,0.005222458524385576,-0.011580260664354722,0.0013888167993291265,1,0.09455368251370909,first_layer_corruption,first_layer_corruption|dataset=fashion|metric=mean_retention,1.0,1.0,1.0,True,"exploratory_repair; inherited retrospective scope, not preregistered"
shared_downstream_repair_20260908,fashion,standard,contrast,kaiming,random_stem,mean_consistency,5,0.9497616678476334,0.9458033323287964,-0.0039583355188369754,0.013865515224118925,-0.02117464658917164,0.013257975551497688,2,0.557959502270223,first_layer_corruption,first_layer_corruption|dataset=fashion|metric=mean_consistency,1.0,,,False,"exploratory_repair; inherited retrospective scope, not preregistered"
shared_downstream_repair_20260908,fashion,standard,contrast,kaiming,random_stem,worst_accuracy,5,66.93533380826314,66.4733330408732,-0.4620007673899352,1.5493053911874874,-2.385717493850438,1.4617159590705675,1,0.5413972565712063,first_layer_corruption,first_layer_corruption|dataset=fashion|metric=worst_accuracy,1.0,,,False,"exploratory_repair; inherited retrospective scope, not preregistered"
shared_downstream_repair_20260908,fashion,standard,contrast,kaiming,gabor,normalised_accuracy_auc,5,68.13455578353668,70.89255541563034,2.7579996320936373,0.49069437087665435,2.14872209765485,3.367277166532425,5,0.00023065760025545333,first_layer_corruption,first_layer_corruption|dataset=fashion|metric=normalised_accuracy_auc,0.009226304010218133,0.061354921667950583,0.07865424168710959,True,"exploratory_repair; inherited retrospective scope, not preregistered"
shared_downstream_repair_20260908,fashion,standard,contrast,kaiming,gabor,mean_accuracy_drop,5,0.6486646334330242,0.2103330691655477,-0.4383315642674764,0.42616260798982114,-0.9674823319890611,0.09081920345410827,1,0.08294649296164097,first_layer_corruption,first_layer_corruption|dataset=fashion|metric=mean_accuracy_drop,1.0,,,False,"exploratory_repair; inherited retrospective scope, not preregistered"
shared_downstream_repair_20260908,fashion,standard,contrast,kaiming,gabor,mean_retention,5,0.9905676859195095,0.9969946538427881,0.006426967923278548,0.006049772053993114,-0.0010848162335039407,0.013938752080061036,4,0.07636357402339643,first_layer_corruption,first_layer_corruption|dataset=fashion|metric=mean_retention,1.0,1.0,1.0,True,"exploratory_repair; inherited retrospective scope, not preregistered"
shared_downstream_repair_20260908,fashion,standard,contrast,kaiming,gabor,mean_consistency,5,0.9497616678476334,0.969311668475469,0.019550000627835608,0.011822034735457468,0.004871005711303708,0.03422899554436751,5,0.020876193817490722,first_layer_corruption,first_layer_corruption|dataset=fashion|metric=mean_consistency,0.4826829788581191,,,False,"exploratory_repair; inherited retrospective scope, not preregistered"
shared_downstream_repair_20260908,fashion,standard,contrast,kaiming,gabor,worst_accuracy,5,66.93533380826314,70.44066667556763,3.505332867304483,0.9699185926426399,2.301019869631655,4.709645864977311,5,0.0012739511547476372,first_layer_corruption,first_layer_corruption|dataset=fashion|metric=worst_accuracy,0.04713619272566258,,,False,"exploratory_repair; inherited retrospective scope, not preregistered"
shared_downstream_repair_20260908,fashion,standard,contrast,kaiming,pca,normalised_accuracy_auc,5,68.13455578353668,69.27533328533171,1.1407775017950201,0.9475708143647663,-0.03578706415033239,2.3173420677403724,4,0.054545045802512425,first_layer_corruption,first_layer_corruption|dataset=fashion|metric=normalised_accuracy_auc,1.0,1.0,1.0,True,"exploratory_repair; inherited retrospective scope, not preregistered"
shared_downstream_repair_20260908,fashion,standard,contrast,kaiming,pca,mean_accuracy_drop,5,0.6486646334330242,0.43583383162816364,-0.21283080180486044,0.47307259153710646,-0.8002280072534402,0.3745664036437193,1,0.371338949921752,first_layer_corruption,first_layer_corruption|dataset=fashion|metric=mean_accuracy_drop,1.0,,,False,"exploratory_repair; inherited retrospective scope, not preregistered"
shared_downstream_repair_20260908,fashion,standard,contrast,kaiming,pca,mean_retention,5,0.9905676859195095,0.9937339307586447,0.0031662448391350574,0.006851946348383151,-0.005341570259276047,0.011674059937546161,4,0.3598521382733171,first_layer_corruption,first_layer_corruption|dataset=fashion|metric=mean_retention,1.0,1.0,1.0,True,"exploratory_repair; inherited retrospective scope, not preregistered"
shared_downstream_repair_20260908,fashion,standard,contrast,kaiming,pca,mean_consistency,5,0.9497616678476334,0.968648331363996,0.018886663516362524,0.013375163181951004,0.002279204923233462,0.035494122109491585,5,0.034266725989468505,first_layer_corruption,first_layer_corruption|dataset=fashion|metric=mean_consistency,0.6589632541636835,,,False,"exploratory_repair; inherited retrospective scope, not preregistered"
shared_downstream_repair_20260908,fashion,standard,contrast,kaiming,pca,worst_accuracy,5,66.93533380826314,68.59399994214375,1.6586661338806123,1.610526041908507,-0.3410660705267874,3.658398338288012,4,0.08267437006132816,first_layer_corruption,first_layer_corruption|dataset=fashion|metric=worst_accuracy,1.0,,,False,"exploratory_repair; inherited retrospective scope, not preregistered"
shared_downstream_repair_20260908,fashion,standard,contrast,kaiming,kmeans,normalised_accuracy_auc,5,68.13455578353668,69.78533350759082,1.6507777240541288,0.5071175180736893,1.0211081590035822,2.2804472891046754,5,0.0018929063039526746,first_layer_corruption,first_layer_corruption|dataset=fashion|metric=normalised_accuracy_auc,0.07003753324624896,0.42211810578144643,0.5470499218423229,True,"exploratory_repair; inherited retrospective scope, not preregistered"
shared_downstream_repair_20260908,fashion,standard,contrast,kaiming,kmeans,mean_accuracy_drop,5,0.6486646334330242,0.5125005046526591,-0.136164128780365,0.34475634806172384,-0.5642356743208135,0.2919074167600835,2,0.42703727664713886,first_layer_corruption,first_layer_corruption|dataset=fashion|metric=mean_accuracy_drop,1.0,,,False,"exploratory_repair; inherited retrospective scope, not preregistered"
shared_downstream_repair_20260908,fashion,standard,contrast,kaiming,kmeans,mean_retention,5,0.9905676859195095,0.9927003347970157,0.0021326488775060604,0.004941010534260733,-0.004002426017631037,0.008267723772643159,3,0.38913097969982857,first_layer_corruption,first_layer_corruption|dataset=fashion|metric=mean_retention,1.0,1.0,1.0,True,"exploratory_repair; inherited retrospective scope, not preregistered"
shared_downstream_repair_20260908,fashion,standard,contrast,kaiming,kmeans,mean_consistency,5,0.9497616678476334,0.9573500037193299,0.00758833587169645,0.017090965536614558,-0.013632900729659121,0.02880957247305202,3,0.377000101461642,first_layer_corruption,first_layer_corruption|dataset=fashion|metric=mean_consistency,1.0,,,False,"exploratory_repair; inherited retrospective scope, not preregistered"
shared_downstream_repair_20260908,fashion,standard,contrast,kaiming,kmeans,worst_accuracy,5,66.93533380826314,68.93333435058595,1.9980005423227964,0.8327351550245197,0.96402328029022,3.031977804355373,5,0.00582658746093416,first_layer_corruption,first_layer_corruption|dataset=fashion|metric=worst_accuracy,0.17079896714197684,,,False,"exploratory_repair; inherited retrospective scope, not preregistered"
shared_downstream_repair_20260908,fashion,standard,contrast,kaiming,di_wmf,normalised_accuracy_auc,5,68.13455578353668,69.68961122963165,1.555055446094937,0.5167964834322731,0.9133678582187754,2.1967430339710985,5,0.002541629802738759,first_layer_corruption,first_layer_corruption|dataset=fashion|metric=normalised_accuracy_auc,0.09149867289859531,0.5566169267997881,0.7218228639778075,True,"exploratory_repair; inherited retrospective scope, not preregistered"
shared_downstream_repair_20260908,fashion,standard,contrast,kaiming,di_wmf,mean_accuracy_drop,5,0.6486646334330242,0.5683336655298868,-0.08033096790313723,0.4425090961370551,-0.6297785814542068,0.46911664564793243,2,0.7055743075031924,first_layer_corruption,first_layer_corruption|dataset=fashion|metric=mean_accuracy_drop,1.0,,,False,"exploratory_repair; inherited retrospective scope, not preregistered"
shared_downstream_repair_20260908,fashion,standard,contrast,kaiming,di_wmf,mean_retention,5,0.9905676859195095,0.9919039372986452,0.0013362513791357112,0.006300113834755599,-0.006486373154065774,0.009158875912337196,3,0.660038393477298,first_layer_corruption,first_layer_corruption|dataset=fashion|metric=mean_retention,1.0,1.0,1.0,True,"exploratory_repair; inherited retrospective scope, not preregistered"
shared_downstream_repair_20260908,fashion,standard,contrast,kaiming,di_wmf,mean_consistency,5,0.9497616678476334,0.9551800002654394,0.005418332417806005,0.0161891787545021,-0.014683188002144508,0.02551985283775652,3,0.4958310275742387,first_layer_corruption,first_layer_corruption|dataset=fashion|metric=mean_consistency,1.0,,,False,"exploratory_repair; inherited retrospective scope, not preregistered"
shared_downstream_repair_20260908,fashion,standard,contrast,kaiming,di_wmf,worst_accuracy,5,66.93533380826314,68.69133353233337,1.75599972407023,0.7083685409874656,0.8764440092659667,2.6355554388744933,5,0.005180136282553788,first_layer_corruption,first_layer_corruption|dataset=fashion|metric=worst_accuracy,0.1657643610417212,,,False,"exploratory_repair; inherited retrospective scope, not preregistered"
shared_downstream_repair_20260908,fashion,standard,contrast,kaiming,lowrank_wmf,normalised_accuracy_auc,5,68.13455578353668,71.21561113331055,3.081055349773834,1.1718984172972238,1.6259512754639,4.536159424083768,5,0.004183327840539118,first_layer_corruption,first_layer_corruption|dataset=fashion|metric=normalised_accuracy_auc,0.1380498187377909,0.8994154857159103,1.0,True,"exploratory_repair; inherited retrospective scope, not preregistered"
shared_downstream_repair_20260908,fashion,standard,contrast,kaiming,lowrank_wmf,mean_accuracy_drop,5,0.6486646334330242,0.5576658248901367,-0.09099880854288737,0.4671856941583468,-0.6710864654551412,0.48908884836936645,1,0.6856405150348371,first_layer_corruption,first_layer_corruption|dataset=fashion|metric=mean_accuracy_drop,1.0,,,False,"exploratory_repair; inherited retrospective scope, not preregistered"
shared_downstream_repair_20260908,fashion,standard,contrast,kaiming,lowrank_wmf,mean_retention,5,0.9905676859195095,0.99218517135102,0.0016174854315106125,0.0066382345298090575,-0.006624971395786387,0.00985994225880761,4,0.6148141144356264,first_layer_corruption,first_layer_corruption|dataset=fashion|metric=mean_retention,1.0,1.0,1.0,True,"exploratory_repair; inherited retrospective scope, not preregistered"
shared_downstream_repair_20260908,fashion,standard,contrast,kaiming,lowrank_wmf,mean_consistency,5,0.9497616678476334,0.9558116664489109,0.006049998601277662,0.015498768094858872,-0.013194263758617741,0.025294260961173064,3,0.43200706510787024,first_layer_corruption,first_layer_corruption|dataset=fashion|metric=mean_consistency,1.0,,,False,"exploratory_repair; inherited retrospective scope, not preregistered"
shared_downstream_repair_20260908,fashion,standard,contrast,kaiming,lowrank_wmf,worst_accuracy,5,66.93533380826314,70.24666666984558,3.311332861582437,1.3873044249396287,1.588766902586124,5.0338988205787505,5,0.005936320604103124,first_layer_corruption,first_layer_corruption|dataset=fashion|metric=worst_accuracy,0.17079896714197684,,,False,"exploratory_repair; inherited retrospective scope, not preregistered"
shared_downstream_repair_20260908,fashion,standard,gaussian,kaiming,random_stem,normalised_accuracy_auc,5,50.65399979551633,56.305944422880806,5.651944627364479,1.9429613883406487,3.2394394215618925,8.064449833167066,5,0.002882476197109994,first_layer_corruption,first_layer_corruption|dataset=fashion|metric=normalised_accuracy_auc,0.0980041907017398,0.6226148585757587,0.8042108589936883,True,"exploratory_repair; inherited retrospective scope, not preregistered"
shared_downstream_repair_20260908,fashion,standard,gaussian,kaiming,random_stem,mean_accuracy_drop,5,19.562498405575752,14.013833105564117,-5.548665300011635,2.6590064804202216,-8.850257917739926,-2.2470726822833433,0,0.009546018552541462,first_layer_corruption,first_layer_corruption|dataset=fashion|metric=mean_accuracy_drop,0.3207627829959815,,,False,"exploratory_repair; inherited retrospective scope, not preregistered"
shared_downstream_repair_20260908,fashion,standard,gaussian,kaiming,random_stem,mean_retention,5,0.7153268046525895,0.7971166555059175,0.08178985085332797,0.03561619627196354,0.03756650218947173,0.1260131995171842,5,0.006815044169835708,first_layer_corruption,first_layer_corruption|dataset=fashion|metric=mean_retention,0.2521566342839212,1.0,1.0,True,"exploratory_repair; inherited retrospective scope, not preregistered"
shared_downstream_repair_20260908,fashion,standard,gaussian,kaiming,random_stem,mean_consistency,5,0.6241750001907349,0.7179400001962979,0.09376500000556309,0.04790186290890887,0.034286981384678714,0.15324301862644746,5,0.011903066065367637,first_layer_corruption,first_layer_corruption|dataset=fashion|metric=mean_consistency,0.34961207702223895,,,False,"exploratory_repair; inherited retrospective scope, not preregistered"
shared_downstream_repair_20260908,fashion,standard,gaussian,kaiming,random_stem,worst_accuracy,5,26.922000348567963,37.82133340835571,10.89933305978775,4.514319850148211,5.294064625482106,16.504601494093393,5,0.00569697609593947,first_layer_corruption,first_layer_corruption|dataset=fashion|metric=worst_accuracy,0.17079896714197684,,,False,"exploratory_repair; inherited retrospective scope, not preregistered"
shared_downstream_repair_20260908,fashion,standard,gaussian,kaiming,gabor,normalised_accuracy_auc,5,50.65399979551633,49.35661090744867,-1.2973888880676625,1.486301429676544,-3.142875863775811,0.5480980876404857,0,0.12269522358313541,first_layer_corruption,first_layer_corruption|dataset=fashion|metric=normalised_accuracy_auc,1.0,1.0,1.0,True,"exploratory_repair; inherited retrospective scope, not preregistered"
shared_downstream_repair_20260908,fashion,standard,gaussian,kaiming,gabor,mean_accuracy_drop,5,19.562498405575752,23.241999795039494,3.6795013894637427,1.7573148355212058,1.4975068246876924,5.861495954239793,5,0.009434199499881809,first_layer_corruption,first_layer_corruption|dataset=fashion|metric=mean_accuracy_drop,0.3207627829959815,,,False,"exploratory_repair; inherited retrospective scope, not preregistered"
shared_downstream_repair_20260908,fashion,standard,gaussian,kaiming,gabor,mean_retention,5,0.7153268046525895,0.6727687287920517,-0.042558075860537704,0.024710827783772024,-0.07324062108546073,-0.011875530635614678,0,0.01828613819413089,first_layer_corruption,first_layer_corruption|dataset=fashion|metric=mean_retention,0.5302980076297957,1.0,1.0,True,"exploratory_repair; inherited retrospective scope, not preregistered"
shared_downstream_repair_20260908,fashion,standard,gaussian,kaiming,gabor,mean_consistency,5,0.6241750001907349,0.5819749976197879,-0.042200002570947026,0.022584881226261518,-0.07024283649330404,-0.01415716864859002,0,0.0139395794205619,first_layer_corruption,first_layer_corruption|dataset=fashion|metric=mean_consistency,0.3624290649346094,,,False,"exploratory_repair; inherited retrospective scope, not preregistered"
shared_downstream_repair_20260908,fashion,standard,gaussian,kaiming,gabor,worst_accuracy,5,26.922000348567963,22.047999699910484,-4.87400064865748,1.5891945764725939,-6.847246340404179,-2.900754956910782,0,0.0023669748166463777,first_layer_corruption,first_layer_corruption|dataset=fashion|metric=worst_accuracy,0.08047714376597684,,,False,"exploratory_repair; inherited retrospective scope, not preregistered"
shared_downstream_repair_20260908,fashion,standard,gaussian,kaiming,pca,normalised_accuracy_auc,5,50.65399979551633,44.528499924474296,-6.125499871042036,1.636437101276722,-8.157404905022268,-4.093594837061803,0,0.0011143075213411256,first_layer_corruption,first_layer_corruption|dataset=fashion|metric=normalised_accuracy_auc,0.042343685810962775,0.2607479599938234,0.3387494864877022,True,"exploratory_repair; inherited retrospective scope, not preregistered"
shared_downstream_repair_20260908,fashion,standard,gaussian,kaiming,pca,mean_accuracy_drop,5,19.562498405575752,26.022333974639572,6.459835569063822,1.9050634933200434,4.094386815116026,8.825284323011617,5,0.0016225870032652372,first_layer_corruption,first_layer_corruption|dataset=fashion|metric=mean_accuracy_drop,0.06328089312734425,,,False,"exploratory_repair; inherited retrospective scope, not preregistered"
shared_downstream_repair_20260908,fashion,standard,gaussian,kaiming,pca,mean_retention,5,0.7153268046525895,0.6262667862963136,-0.08906001835627583,0.026950974352228565,-0.12252407292595105,-0.055595963786600616,0,0.001788655704597549,first_layer_corruption,first_layer_corruption|dataset=fashion|metric=mean_retention,0.0697575724793044,0.400658877829851,0.5204988100378868,True,"exploratory_repair; inherited retrospective scope, not preregistered"
shared_downstream_repair_20260908,fashion,standard,gaussian,kaiming,pca,mean_consistency,5,0.6241750001907349,0.5320000005265076,-0.09217499966422718,0.023734966651303008,-0.12164585325371707,-0.06270414607473729,0,0.000967969191939364,first_layer_corruption,first_layer_corruption|dataset=fashion|metric=mean_consistency,0.039686736869513926,,,False,"exploratory_repair; inherited retrospective scope, not preregistered"
shared_downstream_repair_20260908,fashion,standard,gaussian,kaiming,pca,worst_accuracy,5,26.922000348567963,22.866000036398567,-4.0560003121693935,2.4014268940516357,-7.037765630831594,-1.0742349935071926,0,0.019491107512372922,first_layer_corruption,first_layer_corruption|dataset=fashion|metric=worst_accuracy,0.40931325775983135,,,False,"exploratory_repair; inherited retrospective scope, not preregistered"
shared_downstream_repair_20260908,fashion,standard,gaussian,kaiming,kmeans,normalised_accuracy_auc,5,50.65399979551633,65.02594461043677,14.371944814920429,1.2888914069567707,12.77157475730801,15.972314872532849,5,1.5359302433146465e-05,first_layer_corruption,first_layer_corruption|dataset=fashion|metric=normalised_accuracy_auc,0.0007218872143578838,0.004392760495879889,0.0057290198075636315,True,"exploratory_repair; inherited retrospective scope, not preregistered"
shared_downstream_repair_20260908,fashion,standard,gaussian,kaiming,kmeans,mean_accuracy_drop,5,19.562498405575752,5.994000534216563,-13.568497871359188,1.916510581398338,-15.948160062458069,-11.188835680260308,0,9.303874117807323e-05,first_layer_corruption,first_layer_corruption|dataset=fashion|metric=mean_accuracy_drop,0.0042797820941913685,,,False,"exploratory_repair; inherited retrospective scope, not preregistered"
shared_downstream_repair_20260908,fashion,standard,gaussian,kaiming,kmeans,mean_retention,5,0.7153268046525895,0.9146096644395423,0.1992828597869527,0.024375917858989328,0.16901616015827348,0.22954955941563193,5,5.2669710957112965e-05,first_layer_corruption,first_layer_corruption|dataset=fashion|metric=mean_retention,0.0024228067040271964,0.01474751906799163,0.018908426233603556,True,"exploratory_repair; inherited retrospective scope, not preregistered"
shared_downstream_repair_20260908,fashion,standard,gaussian,kaiming,kmeans,mean_consistency,5,0.6241750001907349,0.8428833365440369,0.218708336353302,0.029517007530429008,0.1820581307680589,0.2553585419385451,5,7.772575504371481e-05,first_layer_corruption,first_layer_corruption|dataset=fashion|metric=mean_consistency,0.003575384732010881,,,False,"exploratory_repair; inherited retrospective scope, not preregistered"
shared_downstream_repair_20260908,fashion,standard,gaussian,kaiming,kmeans,worst_accuracy,5,26.922000348567963,54.87200061480204,27.950000266234078,3.1158153530886046,24.081204517253408,31.818796015214748,5,3.64593309314549e-05,first_layer_corruption,first_layer_corruption|dataset=fashion|metric=worst_accuracy,0.0016771292228469252,,,False,"exploratory_repair; inherited retrospective scope, not preregistered"
shared_downstream_repair_20260908,fashion,standard,gaussian,kaiming,di_wmf,normalised_accuracy_auc,5,50.65399979551633,65.29600017600589,14.642000380489563,1.5581248184029963,12.707332888770784,16.57666787220834,5,3.0317231470614033e-05,first_layer_corruption,first_layer_corruption|dataset=fashion|metric=normalised_accuracy_auc,0.0013642754161776315,0.008519142043242544,0.011035472255303509,True,"exploratory_repair; inherited retrospective scope, not preregistered"
shared_downstream_repair_20260908,fashion,standard,gaussian,kaiming,di_wmf,mean_accuracy_drop,5,19.562498405575752,5.621000230312347,-13.941498175263405,2.1598451270883805,-16.623300111264882,-11.25969623926193,0,0.00013393444306140627,first_layer_corruption,first_layer_corruption|dataset=fashion|metric=mean_accuracy_drop,0.006027049937763282,,,False,"exploratory_repair; inherited retrospective scope, not preregistered"
shared_downstream_repair_20260908,fashion,standard,gaussian,kaiming,di_wmf,mean_retention,5,0.7153268046525895,0.9197927647390187,0.20446596008642923,0.027466852789210898,0.17036135783410342,0.23857056233875504,5,7.631058929751333e-05,first_layer_corruption,first_layer_corruption|dataset=fashion|metric=mean_retention,0.0034339765183881,0.02090910146751865,0.026937638022022203,True,"exploratory_repair; inherited retrospective scope, not preregistered"
shared_downstream_repair_20260908,fashion,standard,gaussian,kaiming,di_wmf,mean_consistency,5,0.6241750001907349,0.8461133350928624,0.22193833490212755,0.03058809487792436,0.18395819871856792,0.2599184710856872,5,8.444456657424883e-05,first_layer_corruption,first_layer_corruption|dataset=fashion|metric=mean_consistency,0.003800005495841197,,,False,"exploratory_repair; inherited retrospective scope, not preregistered"
shared_downstream_repair_20260908,fashion,standard,gaussian,kaiming,di_wmf,worst_accuracy,5,26.922000348567963,55.840000311533615,28.917999962965645,3.9243696102900114,24.0452515022236,33.79074842370769,5,7.94379925145535e-05,first_layer_corruption,first_layer_corruption|dataset=fashion|metric=worst_accuracy,0.003336395685611247,,,False,"exploratory_repair; inherited retrospective scope, not preregistered"
shared_downstream_repair_20260908,fashion,standard,gaussian,kaiming,lowrank_wmf,normalised_accuracy_auc,5,50.65399979551633,51.249500016371414,0.595500220855078,1.2604742283668733,-0.9695852491717382,2.160585690881894,2,0.35035993556014555,first_layer_corruption,first_layer_corruption|dataset=fashion|metric=normalised_accuracy_auc,1.0,1.0,1.0,True,"exploratory_repair; inherited retrospective scope, not preregistered"
shared_downstream_repair_20260908,fashion,standard,gaussian,kaiming,lowrank_wmf,mean_accuracy_drop,5,19.562498405575752,22.104999125003815,2.5425007194280624,1.8493268919330699,0.24625809680470656,4.838743342051418,5,0.037140617360105245,first_layer_corruption,first_layer_corruption|dataset=fashion|metric=mean_accuracy_drop,1.0,,,False,"exploratory_repair; inherited retrospective scope, not preregistered"
shared_downstream_repair_20260908,fashion,standard,gaussian,kaiming,lowrank_wmf,mean_retention,5,0.7153268046525895,0.691611878021078,-0.023714926631511514,0.02300301826044032,-0.05227694625552404,0.004847092992501006,1,0.08245970254676548,first_layer_corruption,first_layer_corruption|dataset=fashion|metric=mean_retention,1.0,1.0,1.0,True,"exploratory_repair; inherited retrospective scope, not preregistered"
shared_downstream_repair_20260908,fashion,standard,gaussian,kaiming,lowrank_wmf,mean_consistency,5,0.6241750001907349,0.6269133329391479,0.0027383327484130416,0.024835112909900127,-0.028098532843135467,0.03357519833996155,2,0.8173924218176877,first_layer_corruption,first_layer_corruption|dataset=fashion|metric=mean_consistency,1.0,,,False,"exploratory_repair; inherited retrospective scope, not preregistered"
shared_downstream_repair_20260908,fashion,standard,gaussian,kaiming,lowrank_wmf,worst_accuracy,5,26.922000348567963,22.974000175793968,-3.948000172773997,2.7625175993616056,-7.378118820305592,-0.5178815252424016,0,0.03303806564014797,first_layer_corruption,first_layer_corruption|dataset=fashion|metric=worst_accuracy,0.5946851815226635,,,False,"exploratory_repair; inherited retrospective scope, not preregistered"
shared_downstream_repair_20260908,fashion,standard,occlusion,kaiming,random_stem,normalised_accuracy_auc,5,60.983110931184555,60.83238843414519,-0.1507224970393679,1.387077231823734,-1.873006358523035,1.5715613644442992,2,0.819975537980687,first_layer_corruption,first_layer_corruption|dataset=fashion|metric=normalised_accuracy_auc,1.0,1.0,1.0,True,"exploratory_repair; inherited retrospective scope, not preregistered"
shared_downstream_repair_20260908,fashion,standard,occlusion,kaiming,random_stem,mean_accuracy_drop,5,8.394664973020554,9.01816685994466,0.6235018869241078,0.7837539323221264,-0.34965715429090594,1.5966609281391215,4,0.14988237670051469,first_layer_corruption,first_layer_corruption|dataset=fashion|metric=mean_accuracy_drop,1.0,,,False,"exploratory_repair; inherited retrospective scope, not preregistered"
shared_downstream_repair_20260908,fashion,standard,occlusion,kaiming,random_stem,mean_retention,5,0.8777642922742956,0.8694678745711528,-0.008296417703142845,0.01197233355642406,-0.02316203325464143,0.006569197848355744,2,0.1961858502844798,first_layer_corruption,first_layer_corruption|dataset=fashion|metric=mean_retention,1.0,1.0,1.0,True,"exploratory_repair; inherited retrospective scope, not preregistered"
shared_downstream_repair_20260908,fashion,standard,occlusion,kaiming,random_stem,mean_consistency,5,0.8042166660229364,0.8068933337926865,0.002676667769749974,0.022606456367658536,-0.02539295522893587,0.030746290768435814,2,0.8042798450564211,first_layer_corruption,first_layer_corruption|dataset=fashion|metric=mean_consistency,1.0,,,False,"exploratory_repair; inherited retrospective scope, not preregistered"
shared_downstream_repair_20260908,fashion,standard,occlusion,kaiming,random_stem,worst_accuracy,5,51.556000113487244,50.510666370391846,-1.045333743095398,2.1030748553465397,-3.656646076506785,1.5659785903159893,2,0.3286796951565455,first_layer_corruption,first_layer_corruption|dataset=fashion|metric=worst_accuracy,1.0,,,False,"exploratory_repair; inherited retrospective scope, not preregistered"
shared_downstream_repair_20260908,fashion,standard,occlusion,kaiming,gabor,normalised_accuracy_auc,5,60.983110931184555,61.64755566252603,0.6644447313414673,0.47962418730966405,0.0689126452913188,1.2599768173916157,5,0.03630113303139518,first_layer_corruption,first_layer_corruption|dataset=fashion|metric=normalised_accuracy_auc,0.798624926690694,1.0,1.0,True,"exploratory_repair; inherited retrospective scope, not preregistered"
shared_downstream_repair_20260908,fashion,standard,occlusion,kaiming,gabor,mean_accuracy_drop,5,8.394664973020554,10.232832779486973,1.8381678064664204,0.7041827020758601,0.9638094971409779,2.7125261157918628,5,0.004294114621513149,first_layer_corruption,first_layer_corruption|dataset=fashion|metric=mean_accuracy_drop,0.15888224099598652,,,False,"exploratory_repair; inherited retrospective scope, not preregistered"
shared_downstream_repair_20260908,fashion,standard,occlusion,kaiming,gabor,mean_retention,5,0.8777642922742956,0.8559701245386698,-0.021794167735625702,0.009650941140162954,-0.03377739389814963,-0.009810941573101776,0,0.007233197030903322,first_layer_corruption,first_layer_corruption|dataset=fashion|metric=mean_retention,0.26039509311251957,1.0,1.0,True,"exploratory_repair; inherited retrospective scope, not preregistered"
shared_downstream_repair_20260908,fashion,standard,occlusion,kaiming,gabor,mean_consistency,5,0.8042166660229364,0.7710733324289322,-0.03314333359400432,0.01693904176826755,-0.054175931921731965,-0.012110735266276679,0,0.011920041851553806,first_layer_corruption,first_layer_corruption|dataset=fashion|metric=mean_consistency,0.34961207702223895,,,False,"exploratory_repair; inherited retrospective scope, not preregistered"
shared_downstream_repair_20260908,fashion,standard,occlusion,kaiming,gabor,worst_accuracy,5,51.556000113487244,50.196666518847145,-1.3593335946400955,1.6889353168861818,-3.456423772912533,0.7377565836323423,1,0.1462909078855946,first_layer_corruption,first_layer_corruption|dataset=fashion|metric=worst_accuracy,1.0,,,False,"exploratory_repair; inherited retrospective scope, not preregistered"
shared_downstream_repair_20260908,fashion,standard,occlusion,kaiming,pca,normalised_accuracy_auc,5,60.983110931184555,60.33077796300252,-0.6523329681820371,1.2771821522882993,-2.2381640658268154,0.9334981294627414,1,0.3171377200015295,first_layer_corruption,first_layer_corruption|dataset=fashion|metric=normalised_accuracy_auc,1.0,1.0,1.0,True,"exploratory_repair; inherited retrospective scope, not preregistered"
shared_downstream_repair_20260908,fashion,standard,occlusion,kaiming,pca,mean_accuracy_drop,5,8.394664973020554,10.300167053937912,1.9055020809173584,0.9472675716991875,0.7293140404725744,3.0816901213621426,5,0.010838942669057687,first_layer_corruption,first_layer_corruption|dataset=fashion|metric=mean_accuracy_drop,0.346846165409846,,,False,"exploratory_repair; inherited retrospective scope, not preregistered"
shared_downstream_repair_20260908,fashion,standard,occlusion,kaiming,pca,mean_retention,5,0.8777642922742956,0.8520360177164378,-0.02572827455785782,0.01459915700685033,-0.0438555222173881,-0.007601026898327541,0,0.016950528055428543,first_layer_corruption,first_layer_corruption|dataset=fashion|metric=mean_retention,0.5085158416628563,1.0,1.0,True,"exploratory_repair; inherited retrospective scope, not preregistered"
shared_downstream_repair_20260908,fashion,standard,occlusion,kaiming,pca,mean_consistency,5,0.8042166660229364,0.7864699999491374,-0.017746666073799156,0.02157287227833248,-0.044532924919652606,0.009039592772054298,1,0.13968351983921254,first_layer_corruption,first_layer_corruption|dataset=fashion|metric=mean_consistency,1.0,,,False,"exploratory_repair; inherited retrospective scope, not preregistered"
shared_downstream_repair_20260908,fashion,standard,occlusion,kaiming,pca,worst_accuracy,5,51.556000113487244,47.499999801317855,-4.0560003121693935,2.701159996745693,-7.409933433516717,-0.7020671908220697,1,0.02836718429567596,first_layer_corruption,first_layer_corruption|dataset=fashion|metric=worst_accuracy,0.5389765016178433,,,False,"exploratory_repair; inherited retrospective scope, not preregistered"
shared_downstream_repair_20260908,fashion,standard,occlusion,kaiming,kmeans,normalised_accuracy_auc,5,60.983110931184555,59.39316683345371,-1.5899440977308559,1.3581744945243486,-3.276340470860335,0.09645227539862322,0,0.05894465572716738,first_layer_corruption,first_layer_corruption|dataset=fashion|metric=normalised_accuracy_auc,1.0,1.0,1.0,True,"exploratory_repair; inherited retrospective scope, not preregistered"
shared_downstream_repair_20260908,fashion,standard,occlusion,kaiming,kmeans,mean_accuracy_drop,5,8.394664973020554,11.838833838701248,3.4441688656806946,1.7869791136364197,1.2253412347362795,5.66299649662511,5,0.012548726749564131,first_layer_corruption,first_layer_corruption|dataset=fashion|metric=mean_accuracy_drop,0.38901052923648805,,,False,"exploratory_repair; inherited retrospective scope, not preregistered"
shared_downstream_repair_20260908,fashion,standard,occlusion,kaiming,kmeans,mean_retention,5,0.8777642922742956,0.8314199731435371,-0.04634431913075847,0.024527143078261444,-0.07679878966982835,-0.015889848591688585,0,0.013422873206933814,first_layer_corruption,first_layer_corruption|dataset=fashion|metric=mean_retention,0.4210311613200701,1.0,1.0,True,"exploratory_repair; inherited retrospective scope, not preregistered"
shared_downstream_repair_20260908,fashion,standard,occlusion,kaiming,kmeans,mean_consistency,5,0.8042166660229364,0.7639716655015946,-0.040245000521341966,0.030386728300093018,-0.07797510707476693,-0.0025148939679170007,1,0.04149225667229329,first_layer_corruption,first_layer_corruption|dataset=fashion|metric=mean_consistency,0.7468606201012792,,,False,"exploratory_repair; inherited retrospective scope, not preregistered"
shared_downstream_repair_20260908,fashion,standard,occlusion,kaiming,kmeans,worst_accuracy,5,51.556000113487244,45.403333703676864,-6.152666409810384,2.6697568978752875,-9.46760743385829,-2.837725385762476,0,0.006729573722920026,first_layer_corruption,first_layer_corruption|dataset=fashion|metric=worst_accuracy,0.17496891679592066,,,False,"exploratory_repair; inherited retrospective scope, not preregistered"
shared_downstream_repair_20260908,fashion,standard,occlusion,kaiming,di_wmf,normalised_accuracy_auc,5,60.983110931184555,59.30088914102978,-1.6822217901547787,1.2888991137689805,-3.2826014170384594,-0.08184216327109817,0,0.0433113632584388,first_layer_corruption,first_layer_corruption|dataset=fashion|metric=normalised_accuracy_auc,0.9095386284272148,1.0,1.0,True,"exploratory_repair; inherited retrospective scope, not preregistered"
shared_downstream_repair_20260908,fashion,standard,occlusion,kaiming,di_wmf,mean_accuracy_drop,5,8.394664973020554,11.872166842222214,3.47750186920166,1.8066844221696858,1.2342068660779906,5.72079687232533,5,0.01260588961586661,first_layer_corruption,first_layer_corruption|dataset=fashion|metric=mean_accuracy_drop,0.38901052923648805,,,False,"exploratory_repair; inherited retrospective scope, not preregistered"
shared_downstream_repair_20260908,fashion,standard,occlusion,kaiming,di_wmf,mean_retention,5,0.8777642922742956,0.8307568274362118,-0.04700746483808378,0.024731738063130494,-0.07771597360407861,-0.016298956072088956,0,0.013157223791252191,first_layer_corruption,first_layer_corruption|dataset=fashion|metric=mean_retention,0.4210311613200701,1.0,1.0,True,"exploratory_repair; inherited retrospective scope, not preregistered"
shared_downstream_repair_20260908,fashion,standard,occlusion,kaiming,di_wmf,mean_consistency,5,0.8042166660229364,0.7621433327595393,-0.04207333326339722,0.02941350075656826,-0.0785950182139672,-0.005551648312827236,1,0.032948162708184174,first_layer_corruption,first_layer_corruption|dataset=fashion|metric=mean_consistency,0.6589632541636835,,,False,"exploratory_repair; inherited retrospective scope, not preregistered"
shared_downstream_repair_20260908,fashion,standard,occlusion,kaiming,di_wmf,worst_accuracy,5,51.556000113487244,45.363333423932396,-6.19266668955485,2.4227636062024644,-9.200925035534771,-3.184408343574928,0,0.004635868288191313,first_layer_corruption,first_layer_corruption|dataset=fashion|metric=worst_accuracy,0.15298365351031334,,,False,"exploratory_repair; inherited retrospective scope, not preregistered"
shared_downstream_repair_20260908,fashion,standard,occlusion,kaiming,lowrank_wmf,normalised_accuracy_auc,5,60.983110931184555,60.9242778023084,-0.05883312887615659,1.3649904036884997,-1.753692571029789,1.636026313277476,2,0.9278561318437298,first_layer_corruption,first_layer_corruption|dataset=fashion|metric=normalised_accuracy_auc,1.0,1.0,1.0,True,"exploratory_repair; inherited retrospective scope, not preregistered"
shared_downstream_repair_20260908,fashion,standard,occlusion,kaiming,lowrank_wmf,mean_accuracy_drop,5,8.394664973020554,11.768665711085003,3.3740007380644483,1.4198564644477507,1.6110160835427936,5.136985392586103,5,0.006031688712302949,first_layer_corruption,first_layer_corruption|dataset=fashion|metric=mean_accuracy_drop,0.21714079364290614,,,False,"exploratory_repair; inherited retrospective scope, not preregistered"
shared_downstream_repair_20260908,fashion,standard,occlusion,kaiming,lowrank_wmf,mean_retention,5,0.8777642922742956,0.8358280875476533,-0.04193620472664232,0.01923444902120438,-0.06581892760155743,-0.018053481851727216,0,0.00818877547452828,first_layer_corruption,first_layer_corruption|dataset=fashion|metric=mean_retention,0.27841836613396154,1.0,1.0,True,"exploratory_repair; inherited retrospective scope, not preregistered"
shared_downstream_repair_20260908,fashion,standard,occlusion,kaiming,lowrank_wmf,mean_consistency,5,0.8042166660229364,0.7687549998362859,-0.03546166618665061,0.028042908408840047,-0.0702815359628329,-0.0006417964104683191,1,0.04745949396378763,first_layer_corruption,first_layer_corruption|dataset=fashion|metric=mean_consistency,0.7789566763203647,,,False,"exploratory_repair; inherited retrospective scope, not preregistered"
shared_downstream_repair_20260908,fashion,standard,occlusion,kaiming,lowrank_wmf,worst_accuracy,5,51.556000113487244,47.43933320045471,-4.116666913032532,2.593567559389943,-7.337006378436227,-0.8963274476288365,0,0.02381521643836069,first_layer_corruption,first_layer_corruption|dataset=fashion|metric=worst_accuracy,0.47630432876721385,,,False,"exploratory_repair; inherited retrospective scope, not preregistered"
shared_downstream_repair_20260908,fashion,standard,rotation,kaiming,random_stem,normalised_accuracy_auc,5,67.60827799638113,67.67966638008754,0.07138838370640314,0.9499905196587023,-1.108180643188693,1.2509574106014991,2,0.8747114844573137,first_layer_corruption,first_layer_corruption|dataset=fashion|metric=normalised_accuracy_auc,1.0,1.0,1.0,True,"exploratory_repair; inherited retrospective scope, not preregistered"
shared_downstream_repair_20260908,fashion,standard,rotation,kaiming,random_stem,mean_accuracy_drop,5,1.199164688587189,1.5366667509078977,0.3375020623207092,0.4059196722430122,-0.16651378086611085,0.8415179055075293,4,0.1365300791247413,first_layer_corruption,first_layer_corruption|dataset=fashion|metric=mean_accuracy_drop,1.0,,,False,"exploratory_repair; inherited retrospective scope, not preregistered"
shared_downstream_repair_20260908,fashion,standard,rotation,kaiming,random_stem,mean_retention,5,0.982538606332243,0.9777802746041686,-0.004758331728074494,0.0057094094913944776,-0.01184749994454188,0.0023308364883928923,1,0.1358360506217471,first_layer_corruption,first_layer_corruption|dataset=fashion|metric=mean_retention,1.0,1.0,1.0,True,"exploratory_repair; inherited retrospective scope, not preregistered"
shared_downstream_repair_20260908,fashion,standard,rotation,kaiming,random_stem,mean_consistency,5,0.9115016619364422,0.9269516666730245,0.015450004736582423,0.012069570867210676,0.0004636531169979422,0.030436356356166906,4,0.045820980960021455,first_layer_corruption,first_layer_corruption|dataset=fashion|metric=mean_consistency,0.7789566763203647,,,False,"exploratory_repair; inherited retrospective scope, not preregistered"
shared_downstream_repair_20260908,fashion,standard,rotation,kaiming,random_stem,worst_accuracy,5,65.84200104077658,65.85333267847697,0.011331637700401131,1.194619996891855,-1.4719850039745077,1.49464827937531,3,0.9840937258004591,first_layer_corruption,first_layer_corruption|dataset=fashion|metric=worst_accuracy,1.0,,,False,"exploratory_repair; inherited retrospective scope, not preregistered"
shared_downstream_repair_20260908,fashion,standard,rotation,kaiming,gabor,normalised_accuracy_auc,5,67.60827799638113,69.95733353826736,2.3490555418862185,0.7926714777210034,1.3648239055970715,3.3332871781753655,5,0.0026902482190622593,first_layer_corruption,first_layer_corruption|dataset=fashion|metric=normalised_accuracy_auc,0.09415868766717908,0.5837838635365102,0.7559597495564949,True,"exploratory_repair; inherited retrospective scope, not preregistered"
shared_downstream_repair_20260908,fashion,standard,rotation,kaiming,gabor,mean_accuracy_drop,5,1.199164688587189,1.2308326363563535,0.03166794776916497,0.7423408309984192,-0.890069936478237,0.9534058320165668,3,0.9285930072620375,first_layer_corruption,first_layer_corruption|dataset=fashion|metric=mean_accuracy_drop,1.0,,,False,"exploratory_repair; inherited retrospective scope, not preregistered"
shared_downstream_repair_20260908,fashion,standard,rotation,kaiming,gabor,mean_retention,5,0.982538606332243,0.9827908211569053,0.0002522148246623335,0.010674987675287495,-0.013002533053011042,0.01350696270233571,2,0.9603998281216826,first_layer_corruption,first_layer_corruption|dataset=fashion|metric=mean_retention,1.0,1.0,1.0,True,"exploratory_repair; inherited retrospective scope, not preregistered"
shared_downstream_repair_20260908,fashion,standard,rotation,kaiming,gabor,mean_consistency,5,0.9115016619364422,0.9002666691939037,-0.011234992742538452,0.00469209082226212,-0.017060992992843624,-0.0054089924922332815,0,0.00586924288225483,first_layer_corruption,first_layer_corruption|dataset=fashion|metric=mean_consistency,0.19688716478640644,,,False,"exploratory_repair; inherited retrospective scope, not preregistered"
shared_downstream_repair_20260908,fashion,standard,rotation,kaiming,gabor,worst_accuracy,5,65.84200104077658,68.19200078646341,2.3499997456868487,1.1466432753388074,0.9262540719162056,3.7737454194574918,5,0.010162447222387962,first_layer_corruption,first_layer_corruption|dataset=fashion|metric=worst_accuracy,0.2438987333373111,,,False,"exploratory_repair; inherited retrospective scope, not preregistered"
shared_downstream_repair_20260908,fashion,standard,rotation,kaiming,pca,normalised_accuracy_auc,5,67.60827799638113,68.28961110777325,0.6813331113921237,0.6521497968962706,-0.12841781284987241,1.49108403563412,4,0.07971515304412265,first_layer_corruption,first_layer_corruption|dataset=fashion|metric=normalised_accuracy_auc,1.0,1.0,1.0,True,"exploratory_repair; inherited retrospective scope, not preregistered"
shared_downstream_repair_20260908,fashion,standard,rotation,kaiming,pca,mean_accuracy_drop,5,1.199164688587189,1.502667168776194,0.3035024801890055,0.4495103748140191,-0.25463836903664205,0.861643329414653,4,0.205615710120988,first_layer_corruption,first_layer_corruption|dataset=fashion|metric=mean_accuracy_drop,1.0,,,False,"exploratory_repair; inherited retrospective scope, not preregistered"
shared_downstream_repair_20260908,fashion,standard,rotation,kaiming,pca,mean_retention,5,0.982538606332243,0.9783968560812293,-0.004141750251013909,0.006495045690827857,-0.012206414652003355,0.003922914149975537,1,0.22704290701293392,first_layer_corruption,first_layer_corruption|dataset=fashion|metric=mean_retention,1.0,1.0,1.0,True,"exploratory_repair; inherited retrospective scope, not preregistered"
shared_downstream_repair_20260908,fashion,standard,rotation,kaiming,pca,mean_consistency,5,0.9115016619364422,0.9130216677983602,0.001520005861918139,0.010669457585336892,-0.011727875502156745,0.014767887225993023,4,0.7660019097660974,first_layer_corruption,first_layer_corruption|dataset=fashion|metric=mean_consistency,1.0,,,False,"exploratory_repair; inherited retrospective scope, not preregistered"
shared_downstream_repair_20260908,fashion,standard,rotation,kaiming,pca,worst_accuracy,5,65.84200104077658,66.36666655540466,0.5246655146280943,0.7148056882100872,-0.3628829741336357,1.4122140033898243,4,0.17608592684602117,first_layer_corruption,first_layer_corruption|dataset=fashion|metric=worst_accuracy,1.0,,,False,"exploratory_repair; inherited retrospective scope, not preregistered"
shared_downstream_repair_20260908,fashion,standard,rotation,kaiming,kmeans,normalised_accuracy_auc,5,67.60827799638113,69.39327792988884,1.7849999335077,0.7194680364120911,0.8916623748364516,2.6783374921789482,5,0.005164574157809734,first_layer_corruption,first_layer_corruption|dataset=fashion|metric=normalised_accuracy_auc,0.16010179889210174,1.0,1.0,True,"exploratory_repair; inherited retrospective scope, not preregistered"
shared_downstream_repair_20260908,fashion,standard,rotation,kaiming,kmeans,mean_accuracy_drop,5,1.199164688587189,0.9708339969317118,-0.22833069165547687,0.2859360201328031,-0.5833671536440452,0.12670577033309144,1,0.14871345464722627,first_layer_corruption,first_layer_corruption|dataset=fashion|metric=mean_accuracy_drop,1.0,,,False,"exploratory_repair; inherited retrospective scope, not preregistered"
shared_downstream_repair_20260908,fashion,standard,rotation,kaiming,kmeans,mean_retention,5,0.982538606332243,0.9862282646947476,0.003689658362504411,0.004333906079775452,-0.0016915967883491777,0.009070913513358,4,0.12968878147976132,first_layer_corruption,first_layer_corruption|dataset=fashion|metric=mean_retention,1.0,1.0,1.0,True,"exploratory_repair; inherited retrospective scope, not preregistered"
shared_downstream_repair_20260908,fashion,standard,rotation,kaiming,kmeans,mean_consistency,5,0.9115016619364422,0.9486983358860016,0.03719667394955954,0.009167934578226952,0.025813179645887724,0.04858016825323136,5,0.0008182724600097192,first_layer_corruption,first_layer_corruption|dataset=fashion|metric=mean_consistency,0.034367443320408204,,,False,"exploratory_repair; inherited retrospective scope, not preregistered"
shared_downstream_repair_20260908,fashion,standard,rotation,kaiming,kmeans,worst_accuracy,5,65.84200104077658,67.75266607602437,1.9106650352478014,0.5858399046492306,1.1832487169337258,2.6380813535618772,5,0.0018794036837111849,first_layer_corruption,first_layer_corruption|dataset=fashion|metric=worst_accuracy,0.06577912892989148,,,False,"exploratory_repair; inherited retrospective scope, not preregistered"
shared_downstream_repair_20260908,fashion,standard,rotation,kaiming,di_wmf,normalised_accuracy_auc,5,67.60827799638113,69.25050026840634,1.642222272025208,0.7165071846649127,0.7525610963724497,2.5318834476779664,5,0.0068621277039374404,first_layer_corruption,first_layer_corruption|dataset=fashion|metric=normalised_accuracy_auc,0.1830059576408701,1.0,1.0,True,"exploratory_repair; inherited retrospective scope, not preregistered"
shared_downstream_repair_20260908,fashion,standard,rotation,kaiming,di_wmf,mean_accuracy_drop,5,1.199164688587189,1.0586668054262796,-0.14049788316090908,0.371364367606394,-0.6016076486334766,0.3206118823116585,2,0.44520921388436213,first_layer_corruption,first_layer_corruption|dataset=fashion|metric=mean_accuracy_drop,1.0,,,False,"exploratory_repair; inherited retrospective scope, not preregistered"
shared_downstream_repair_20260908,fashion,standard,rotation,kaiming,di_wmf,mean_retention,5,0.982538606332243,0.9849680818439864,0.0024294755117434176,0.005402323890891041,-0.004278395570212068,0.009137346593698904,3,0.3715117319086015,first_layer_corruption,first_layer_corruption|dataset=fashion|metric=mean_retention,1.0,1.0,1.0,True,"exploratory_repair; inherited retrospective scope, not preregistered"
shared_downstream_repair_20260908,fashion,standard,rotation,kaiming,di_wmf,mean_consistency,5,0.9115016619364422,0.9469966699679692,0.035495008031527164,0.009211309194998492,0.02405765702777424,0.04693235903528009,5,0.0009972480277056358,first_layer_corruption,first_layer_corruption|dataset=fashion|metric=mean_consistency,0.03988992110822543,,,False,"exploratory_repair; inherited retrospective scope, not preregistered"
shared_downstream_repair_20260908,fashion,standard,rotation,kaiming,di_wmf,worst_accuracy,5,65.84200104077658,67.58666714032492,1.7446660995483412,0.4343489098371078,1.2053506955445517,2.2839815035521305,5,0.000850457736005207,first_layer_corruption,first_layer_corruption|dataset=fashion|metric=worst_accuracy,0.03231739396819786,,,False,"exploratory_repair; inherited retrospective scope, not preregistered"
shared_downstream_repair_20260908,fashion,standard,rotation,kaiming,lowrank_wmf,normalised_accuracy_auc,5,67.60827799638113,70.6409446729554,3.0326666765742774,1.3053581896037982,1.411850407782798,4.653482945365757,5,0.0065388470667700795,first_layer_corruption,first_layer_corruption|dataset=fashion|metric=normalised_accuracy_auc,0.1830059576408701,1.0,1.0,True,"exploratory_repair; inherited retrospective scope, not preregistered"
shared_downstream_repair_20260908,fashion,standard,rotation,kaiming,lowrank_wmf,mean_accuracy_drop,5,1.199164688587189,1.2001655499140422,0.0010008613268534638,0.543728794571264,-0.6741276076790153,0.6761293303327223,2,0.9969130022821605,first_layer_corruption,first_layer_corruption|dataset=fashion|metric=mean_accuracy_drop,1.0,,,False,"exploratory_repair; inherited retrospective scope, not preregistered"
shared_downstream_repair_20260908,fashion,standard,rotation,kaiming,lowrank_wmf,mean_retention,5,0.982538606332243,0.9832884219751096,0.0007498156428664915,0.007847224291263227,-0.008993800245425105,0.010493431531158089,3,0.8412608996272827,first_layer_corruption,first_layer_corruption|dataset=fashion|metric=mean_retention,1.0,1.0,1.0,True,"exploratory_repair; inherited retrospective scope, not preregistered"
shared_downstream_repair_20260908,fashion,standard,rotation,kaiming,lowrank_wmf,mean_consistency,5,0.9115016619364422,0.9349850018819174,0.023483339945475266,0.007758310058925833,0.013850125658404936,0.0331165542325456,5,0.0024862216954538363,first_layer_corruption,first_layer_corruption|dataset=fashion|metric=mean_consistency,0.08950398103633811,,,False,"exploratory_repair; inherited retrospective scope, not preregistered"
shared_downstream_repair_20260908,fashion,standard,rotation,kaiming,lowrank_wmf,worst_accuracy,5,65.84200104077658,68.81400028864542,2.9719992478688555,1.6079572715378345,0.9754565931503723,4.968541902587338,5,0.01445926259901076,first_layer_corruption,first_layer_corruption|dataset=fashion|metric=worst_accuracy,0.3325630397772475,,,False,"exploratory_repair; inherited retrospective scope, not preregistered"
shared_downstream_repair_20260908,fashion,standard,salt_pepper,kaiming,random_stem,normalised_accuracy_auc,5,29.222499827543896,36.504666739039955,7.282166911496057,3.0481346347095095,3.497407873899278,11.066925949092838,5,0.0059169614717317735,first_layer_corruption,first_layer_corruption|dataset=fashion|metric=normalised_accuracy_auc,0.17159188268022144,1.0,1.0,True,"exploratory_repair; inherited retrospective scope, not preregistered"
shared_downstream_repair_20260908,fashion,standard,salt_pepper,kaiming,random_stem,mean_accuracy_drop,5,41.63966509203116,34.58883295456569,-7.050832137465477,3.9063453143502014,-11.90120047884609,-2.2004637960848656,0,0.015655242816906265,first_layer_corruption,first_layer_corruption|dataset=fashion|metric=mean_accuracy_drop,0.4540020416902817,,,False,"exploratory_repair; inherited retrospective scope, not preregistered"
shared_downstream_repair_20260908,fashion,standard,salt_pepper,kaiming,random_stem,mean_retention,5,0.39387729454536186,0.4992151209974892,0.10533782645212733,0.049739892326387695,0.04357759287592006,0.1670980600283346,5,0.009067321598121009,first_layer_corruption,first_layer_corruption|dataset=fashion|metric=mean_retention,0.2992216127379933,1.0,1.0,True,"exploratory_repair; inherited retrospective scope, not preregistered"
shared_downstream_repair_20260908,fashion,standard,salt_pepper,kaiming,random_stem,mean_consistency,5,0.3226483311504125,0.43467166622479764,0.11202333507438503,0.05591759632793194,0.04259246884790094,0.18145420130086912,5,0.010992727904229897,first_layer_corruption,first_layer_corruption|dataset=fashion|metric=mean_consistency,0.3407745650311268,,,False,"exploratory_repair; inherited retrospective scope, not preregistered"
shared_downstream_repair_20260908,fashion,standard,salt_pepper,kaiming,random_stem,worst_accuracy,5,12.062666714191437,15.637333393096924,3.574666678905487,3.2131073437776667,-0.41493303222736744,7.564266390038341,4,0.06765189742188202,first_layer_corruption,first_layer_corruption|dataset=fashion|metric=worst_accuracy,1.0,,,False,"exploratory_repair; inherited retrospective scope, not preregistered"
shared_downstream_repair_20260908,fashion,standard,salt_pepper,kaiming,gabor,normalised_accuracy_auc,5,29.222499827543896,29.73805552555455,0.5155556980106553,1.3818388669933785,-1.2002238744537026,2.231335270475013,4,0.4510575192256989,first_layer_corruption,first_layer_corruption|dataset=fashion|metric=normalised_accuracy_auc,1.0,1.0,1.0,True,"exploratory_repair; inherited retrospective scope, not preregistered"
shared_downstream_repair_20260908,fashion,standard,salt_pepper,kaiming,gabor,mean_accuracy_drop,5,41.63966509203116,43.472999619940914,1.8333345279097557,1.5922235928601247,-0.14367218443530883,3.8103412402548202,4,0.06167319737675974,first_layer_corruption,first_layer_corruption|dataset=fashion|metric=mean_accuracy_drop,1.0,,,False,"exploratory_repair; inherited retrospective scope, not preregistered"
shared_downstream_repair_20260908,fashion,standard,salt_pepper,kaiming,gabor,mean_retention,5,0.39387729454536186,0.38838735560059406,-0.005489938944767803,0.02047456659958061,-0.030912471170292312,0.019932593280756708,2,0.5811029397498967,first_layer_corruption,first_layer_corruption|dataset=fashion|metric=mean_retention,1.0,1.0,1.0,True,"exploratory_repair; inherited retrospective scope, not preregistered"
shared_downstream_repair_20260908,fashion,standard,salt_pepper,kaiming,gabor,mean_consistency,5,0.3226483311504125,0.31605999991297723,-0.006588331237435329,0.014169297770862226,-0.0241818381593438,0.011005175684473142,2,0.35718922011022364,first_layer_corruption,first_layer_corruption|dataset=fashion|metric=mean_consistency,1.0,,,False,"exploratory_repair; inherited retrospective scope, not preregistered"
shared_downstream_repair_20260908,fashion,standard,salt_pepper,kaiming,gabor,worst_accuracy,5,12.062666714191437,12.513333211342495,0.45066649715105705,1.8645155546084058,-1.8644353410971248,2.765768335399239,3,0.6175592258778222,first_layer_corruption,first_layer_corruption|dataset=fashion|metric=worst_accuracy,1.0,,,False,"exploratory_repair; inherited retrospective scope, not preregistered"
shared_downstream_repair_20260908,fashion,standard,salt_pepper,kaiming,pca,normalised_accuracy_auc,5,29.222499827543896,29.316444413529503,0.09394458598560647,2.194659884165807,-2.631085580485119,2.818974752456332,3,0.9283488674789607,first_layer_corruption,first_layer_corruption|dataset=fashion|metric=normalised_accuracy_auc,1.0,1.0,1.0,True,"exploratory_repair; inherited retrospective scope, not preregistered"
shared_downstream_repair_20260908,fashion,standard,salt_pepper,kaiming,pca,mean_accuracy_drop,5,41.63966509203116,42.97116719186306,1.3315020998319,2.809615115642383,-2.1570958380703527,4.820100037734153,3,0.34903174605624077,first_layer_corruption,first_layer_corruption|dataset=fashion|metric=mean_accuracy_drop,1.0,,,False,"exploratory_repair; inherited retrospective scope, not preregistered"
shared_downstream_repair_20260908,fashion,standard,salt_pepper,kaiming,pca,mean_retention,5,0.39387729454536186,0.38300618515507623,-0.010871109390285705,0.03689073692365873,-0.05667700929559903,0.034934790515027625,2,0.5459395108158155,first_layer_corruption,first_layer_corruption|dataset=fashion|metric=mean_retention,1.0,1.0,1.0,True,"exploratory_repair; inherited retrospective scope, not preregistered"
shared_downstream_repair_20260908,fashion,standard,salt_pepper,kaiming,pca,mean_consistency,5,0.3226483311504125,0.2997750004132589,-0.022873330737153676,0.012002016360121019,-0.03777580235736853,-0.007970859116938825,0,0.013038254152915124,first_layer_corruption,first_layer_corruption|dataset=fashion|metric=mean_consistency,0.3520328621287083,,,False,"exploratory_repair; inherited retrospective scope, not preregistered"
shared_downstream_repair_20260908,fashion,standard,salt_pepper,kaiming,pca,worst_accuracy,5,12.062666714191437,16.176000138123833,4.113333423932394,4.010820716469204,-0.8667582629572435,9.093425110822032,4,0.08356025484488759,first_layer_corruption,first_layer_corruption|dataset=fashion|metric=worst_accuracy,1.0,,,False,"exploratory_repair; inherited retrospective scope, not preregistered"
shared_downstream_repair_20260908,fashion,standard,salt_pepper,kaiming,kmeans,normalised_accuracy_auc,5,29.222499827543896,55.43761130836274,26.215111480818848,2.1436181647961288,23.55345797969587,28.876764981941825,5,1.063487024767035e-05,first_layer_corruption,first_layer_corruption|dataset=fashion|metric=normalised_accuracy_auc,0.0005104737718881769,0.0030628426313290607,0.004009346083371722,True,"exploratory_repair; inherited retrospective scope, not preregistered"
shared_downstream_repair_20260908,fashion,standard,salt_pepper,kaiming,kmeans,mean_accuracy_drop,5,41.63966509203116,16.094333877166115,-25.54533121486505,2.8153339747534063,-29.04103005423626,-22.049632375493843,0,3.484046995682048e-05,first_layer_corruption,first_layer_corruption|dataset=fashion|metric=mean_accuracy_drop,0.001672342557927383,,,False,"exploratory_repair; inherited retrospective scope, not preregistered"
shared_downstream_repair_20260908,fashion,standard,salt_pepper,kaiming,kmeans,mean_retention,5,0.39387729454536186,0.7707864018113455,0.3769091072659835,0.033694467792893305,0.3350718996689116,0.41874631486305536,5,1.5166505226798303e-05,first_layer_corruption,first_layer_corruption|dataset=fashion|metric=mean_retention,0.0007279922508863186,0.004352787000091113,0.0056722729548225655,True,"exploratory_repair; inherited retrospective scope, not preregistered"
shared_downstream_repair_20260908,fashion,standard,salt_pepper,kaiming,kmeans,mean_consistency,5,0.3226483311504125,0.6848649963736533,0.36221666522324086,0.034449250828163504,0.319442270704819,0.4049910597416627,5,1.940157427491739e-05,first_layer_corruption,first_layer_corruption|dataset=fashion|metric=mean_consistency,0.0009118739909211173,,,False,"exploratory_repair; inherited retrospective scope, not preregistered"
shared_downstream_repair_20260908,fashion,standard,salt_pepper,kaiming,kmeans,worst_accuracy,5,12.062666714191437,36.95000032583873,24.887333611647286,2.320556917401337,22.00598163152734,27.76868559176723,5,1.7932834119633675e-05,first_layer_corruption,first_layer_corruption|dataset=fashion|metric=worst_accuracy,0.0008607760377424163,,,False,"exploratory_repair; inherited retrospective scope, not preregistered"
shared_downstream_repair_20260908,fashion,standard,salt_pepper,kaiming,di_wmf,normalised_accuracy_auc,5,29.222499827543896,56.44372228119109,27.221222453647197,2.5431648319149884,24.06346624036043,30.378978666933964,5,1.807346254149797e-05,first_layer_corruption,first_layer_corruption|dataset=fashion|metric=normalised_accuracy_auc,0.0008313792769089066,0.005150936824326922,0.006723328065437245,True,"exploratory_repair; inherited retrospective scope, not preregistered"
shared_downstream_repair_20260908,fashion,standard,salt_pepper,kaiming,di_wmf,mean_accuracy_drop,5,41.63966509203116,15.0218336780866,-26.61783141394456,3.189197962052056,-30.577743706569414,-22.657919121319708,0,4.852652627906546e-05,first_layer_corruption,first_layer_corruption|dataset=fashion|metric=mean_accuracy_drop,0.0022807467351160767,,,False,"exploratory_repair; inherited retrospective scope, not preregistered"
shared_downstream_repair_20260908,fashion,standard,salt_pepper,kaiming,di_wmf,mean_retention,5,0.39387729454536186,0.78582638380164,0.3919490892562781,0.03809434679781532,0.34464871030234195,0.4392494682102142,5,2.114873860715491e-05,first_layer_corruption,first_layer_corruption|dataset=fashion|metric=mean_retention,0.0009939907145362808,0.006006241764431995,0.007846182023254471,True,"exploratory_repair; inherited retrospective scope, not preregistered"
shared_downstream_repair_20260908,fashion,standard,salt_pepper,kaiming,di_wmf,mean_consistency,5,0.3226483311504125,0.6966699997584025,0.3740216686079899,0.03218489006170076,0.33405884933222996,0.41398448788374986,5,1.303036680480287e-05,first_layer_corruption,first_layer_corruption|dataset=fashion|metric=mean_consistency,0.0006254576066305377,,,False,"exploratory_repair; inherited retrospective scope, not preregistered"
shared_downstream_repair_20260908,fashion,standard,salt_pepper,kaiming,di_wmf,worst_accuracy,5,12.062666714191437,38.59399994214375,26.531333227952324,2.962843584515092,22.852477016750942,30.210189439153705,5,3.6713241066442e-05,first_layer_corruption,first_layer_corruption|dataset=fashion|metric=worst_accuracy,0.0016771292228469252,,,False,"exploratory_repair; inherited retrospective scope, not preregistered"
shared_downstream_repair_20260908,fashion,standard,salt_pepper,kaiming,lowrank_wmf,normalised_accuracy_auc,5,29.222499827543896,29.72744437555472,0.5049445480108282,1.8700444544734722,-1.81702232614948,2.8269114221711367,3,0.5785602499531826,first_layer_corruption,first_layer_corruption|dataset=fashion|metric=normalised_accuracy_auc,1.0,1.0,1.0,True,"exploratory_repair; inherited retrospective scope, not preregistered"
shared_downstream_repair_20260908,fashion,standard,salt_pepper,kaiming,lowrank_wmf,mean_accuracy_drop,5,41.63966509203116,44.155832615991436,2.5161675239602745,2.615550991726165,-0.7314679779322559,5.7638030258528055,4,0.09786034473978011,first_layer_corruption,first_layer_corruption|dataset=fashion|metric=mean_accuracy_drop,1.0,,,False,"exploratory_repair; inherited retrospective scope, not preregistered"
shared_downstream_repair_20260908,fashion,standard,salt_pepper,kaiming,lowrank_wmf,mean_retention,5,0.39387729454536186,0.3843398681181857,-0.009537426427176176,0.02959405126991643,-0.04628329445002779,0.027208441595675432,1,0.511003777219615,first_layer_corruption,first_layer_corruption|dataset=fashion|metric=mean_retention,1.0,1.0,1.0,True,"exploratory_repair; inherited retrospective scope, not preregistered"
shared_downstream_repair_20260908,fashion,standard,salt_pepper,kaiming,lowrank_wmf,mean_consistency,5,0.3226483311504125,0.33678666527072587,0.014138334120313335,0.036421659896539546,-0.031085129728041654,0.05936179796866832,3,0.4343643958192251,first_layer_corruption,first_layer_corruption|dataset=fashion|metric=mean_consistency,1.0,,,False,"exploratory_repair; inherited retrospective scope, not preregistered"
shared_downstream_repair_20260908,fashion,standard,salt_pepper,kaiming,lowrank_wmf,worst_accuracy,5,12.062666714191437,11.595999946196873,-0.4666667679945629,2.81843616730108,-3.9662174881677146,3.0328839521785884,1,0.7299745087830625,first_layer_corruption,first_layer_corruption|dataset=fashion|metric=worst_accuracy,1.0,,,False,"exploratory_repair; inherited retrospective scope, not preregistered"
shared_downstream_repair_20260908,fashion,standard,translation,kaiming,random_stem,normalised_accuracy_auc,5,62.05544408824708,62.43322193622589,0.3777778479788111,0.8076983815749198,-0.6251121538302132,1.3806678497878355,2,0.3546619538881205,first_layer_corruption,first_layer_corruption|dataset=fashion|metric=normalised_accuracy_auc,1.0,1.0,1.0,True,"exploratory_repair; inherited retrospective scope, not preregistered"
shared_downstream_repair_20260908,fashion,standard,translation,kaiming,random_stem,mean_accuracy_drop,5,7.244831919670105,7.197500069936116,-0.04733184973398892,0.6845428998854037,-0.8973041237476983,0.8026404242797204,3,0.8846163137365808,first_layer_corruption,first_layer_corruption|dataset=fashion|metric=mean_accuracy_drop,1.0,,,False,"exploratory_repair; inherited retrospective scope, not preregistered"
shared_downstream_repair_20260908,fashion,standard,translation,kaiming,random_stem,mean_retention,5,0.8946571727900212,0.8958666011348345,0.0012094283448133235,0.009101040090575553,-0.010091005481863466,0.012509862171490114,2,0.7811451127340382,first_layer_corruption,first_layer_corruption|dataset=fashion|metric=mean_retention,1.0,1.0,1.0,True,"exploratory_repair; inherited retrospective scope, not preregistered"
shared_downstream_repair_20260908,fashion,standard,translation,kaiming,random_stem,mean_consistency,5,0.7781800031661987,0.8035033345222473,0.025323331356048584,0.015017821406840786,0.006676243183720579,0.04397041952837659,5,0.019596000074535606,first_layer_corruption,first_layer_corruption|dataset=fashion|metric=mean_consistency,0.4826829788581191,,,False,"exploratory_repair; inherited retrospective scope, not preregistered"
shared_downstream_repair_20260908,fashion,standard,translation,kaiming,random_stem,worst_accuracy,5,53.909333149592086,55.29666582743327,1.3873326778411865,1.1514918443899589,-0.04243328956307635,2.8170986452454496,5,0.05442924799670729,first_layer_corruption,first_layer_corruption|dataset=fashion|metric=worst_accuracy,0.925297215944024,,,False,"exploratory_repair; inherited retrospective scope, not preregistered"
shared_downstream_repair_20260908,fashion,standard,translation,kaiming,gabor,normalised_accuracy_auc,5,62.05544408824708,65.90488857693143,3.8494444886843424,0.587428041021161,3.120056238613003,4.578832738755682,5,0.00012620369582385955,first_layer_corruption,first_layer_corruption|dataset=fashion|metric=normalised_accuracy_auc,0.0051743515287782415,0.03407499787244208,0.043918886146703126,True,"exploratory_repair; inherited retrospective scope, not preregistered"
shared_downstream_repair_20260908,fashion,standard,translation,kaiming,gabor,mean_accuracy_drop,5,7.244831919670105,5.645833214124044,-1.5989987055460613,0.5742748846161769,-2.312055154846589,-0.8859422562455337,0,0.003388978646424041,first_layer_corruption,first_layer_corruption|dataset=fashion|metric=mean_accuracy_drop,0.12878118856411355,,,False,"exploratory_repair; inherited retrospective scope, not preregistered"
shared_downstream_repair_20260908,fashion,standard,translation,kaiming,gabor,mean_retention,5,0.8946571727900212,0.9207022022023104,0.0260450294122893,0.008338064189674694,0.015691955293258193,0.036398103531320405,5,0.0022102368406301883,first_layer_corruption,first_layer_corruption|dataset=fashion|metric=mean_retention,0.08398899994394715,0.4884623417792716,0.634337973260864,True,"exploratory_repair; inherited retrospective scope, not preregistered"
shared_downstream_repair_20260908,fashion,standard,translation,kaiming,gabor,mean_consistency,5,0.7781800031661987,0.7920033345619838,0.01382333139578502,0.007018401675423234,0.00510883471047901,0.022537828081091033,5,0.011653735900741298,first_layer_corruption,first_layer_corruption|dataset=fashion|metric=mean_consistency,0.34961207702223895,,,False,"exploratory_repair; inherited retrospective scope, not preregistered"
shared_downstream_repair_20260908,fashion,standard,translation,kaiming,gabor,worst_accuracy,5,53.909333149592086,59.918000300725296,6.008667151133219,0.928437094221843,4.855860236641041,7.161474065625397,5,0.00013255873501937516,first_layer_corruption,first_layer_corruption|dataset=fashion|metric=worst_accuracy,0.0053023494007750065,,,False,"exploratory_repair; inherited retrospective scope, not preregistered"
shared_downstream_repair_20260908,fashion,standard,translation,kaiming,pca,normalised_accuracy_auc,5,62.05544408824708,63.431111276149764,1.3756671879026698,0.5272524513228509,0.7209968011304033,2.0303375746749364,5,0.004301516428805652,first_layer_corruption,first_layer_corruption|dataset=fashion|metric=normalised_accuracy_auc,0.1380498187377909,0.9205245157644094,1.0,True,"exploratory_repair; inherited retrospective scope, not preregistered"
shared_downstream_repair_20260908,fashion,standard,translation,kaiming,pca,mean_accuracy_drop,5,7.244831919670105,6.834333737691243,-0.41049818197886145,0.6701693996296343,-1.2426233981968093,0.42162703423908643,2,0.24264940696968051,first_layer_corruption,first_layer_corruption|dataset=fashion|metric=mean_accuracy_drop,1.0,,,False,"exploratory_repair; inherited retrospective scope, not preregistered"
shared_downstream_repair_20260908,fashion,standard,translation,kaiming,pca,mean_retention,5,0.8946571727900212,0.9019966694572782,0.007339496667256995,0.009008245122086672,-0.0038457169878326966,0.018524710322346687,4,0.14257144729274474,first_layer_corruption,first_layer_corruption|dataset=fashion|metric=mean_retention,1.0,1.0,1.0,True,"exploratory_repair; inherited retrospective scope, not preregistered"
shared_downstream_repair_20260908,fashion,standard,translation,kaiming,pca,mean_consistency,5,0.7781800031661987,0.7985866626103718,0.020406659444173147,0.013440031646755658,0.0037186560136773968,0.03709466287466889,5,0.027399989810501776,first_layer_corruption,first_layer_corruption|dataset=fashion|metric=mean_consistency,0.5753997860205373,,,False,"exploratory_repair; inherited retrospective scope, not preregistered"
shared_downstream_repair_20260908,fashion,standard,translation,kaiming,pca,worst_accuracy,5,53.909333149592086,56.34933312733968,2.4399999777475996,0.6837605681612536,1.5909990968704202,3.289000858624779,5,0.0013369355732579385,first_layer_corruption,first_layer_corruption|dataset=fashion|metric=worst_accuracy,0.04812968063728579,,,False,"exploratory_repair; inherited retrospective scope, not preregistered"
shared_downstream_repair_20260908,fashion,standard,translation,kaiming,kmeans,normalised_accuracy_auc,5,62.05544408824708,63.44511104954614,1.3896669612990535,0.7747811753001633,0.4276490694428413,2.3516848531552657,5,0.015987728700397847,first_layer_corruption,first_layer_corruption|dataset=fashion|metric=normalised_accuracy_auc,0.38370548880954836,1.0,1.0,True,"exploratory_repair; inherited retrospective scope, not preregistered"
shared_downstream_repair_20260908,fashion,standard,translation,kaiming,kmeans,mean_accuracy_drop,5,7.244831919670105,7.330834170182547,0.08600225051244088,0.3888913147247584,-0.396870094195421,0.5688745952203028,2,0.6468803607784506,first_layer_corruption,first_layer_corruption|dataset=fashion|metric=mean_accuracy_drop,1.0,,,False,"exploratory_repair; inherited retrospective scope, not preregistered"
shared_downstream_repair_20260908,fashion,standard,translation,kaiming,kmeans,mean_retention,5,0.8946571727900212,0.8957276477644625,0.0010704749744413044,0.0060972021051772214,-0.00650020136932945,0.008641151318212059,4,0.7146497573790724,first_layer_corruption,first_layer_corruption|dataset=fashion|metric=mean_retention,1.0,1.0,1.0,True,"exploratory_repair; inherited retrospective scope, not preregistered"
shared_downstream_repair_20260908,fashion,standard,translation,kaiming,kmeans,mean_consistency,5,0.7781800031661987,0.8058516611655552,0.02767165799935658,0.006556617269783341,0.019530542385465546,0.03581277361324761,5,0.000703007482325392,first_layer_corruption,first_layer_corruption|dataset=fashion|metric=mean_consistency,0.03059390930884237,,,False,"exploratory_repair; inherited retrospective scope, not preregistered"
shared_downstream_repair_20260908,fashion,standard,translation,kaiming,kmeans,worst_accuracy,5,53.909333149592086,54.84333276748657,0.9339996178944915,1.0714037165205645,-0.39632380445080495,2.264323040239788,4,0.12305610110806159,first_layer_corruption,first_layer_corruption|dataset=fashion|metric=worst_accuracy,1.0,,,False,"exploratory_repair; inherited retrospective scope, not preregistered"
shared_downstream_repair_20260908,fashion,standard,translation,kaiming,di_wmf,normalised_accuracy_auc,5,62.05544408824708,63.136055668195084,1.0806115799480012,0.6747183381522626,0.24283811053646354,1.918385049359539,5,0.023142261074517986,first_layer_corruption,first_layer_corruption|dataset=fashion|metric=normalised_accuracy_auc,0.5322720047139137,1.0,1.0,True,"exploratory_repair; inherited retrospective scope, not preregistered"
shared_downstream_repair_20260908,fashion,standard,translation,kaiming,di_wmf,mean_accuracy_drop,5,7.244831919670105,7.588833669821422,0.3440017501513159,0.4307831055182194,-0.1908861230050704,0.8788896233077022,3,0.14870877856814974,first_layer_corruption,first_layer_corruption|dataset=fashion|metric=mean_accuracy_drop,1.0,,,False,"exploratory_repair; inherited retrospective scope, not preregistered"
shared_downstream_repair_20260908,fashion,standard,translation,kaiming,di_wmf,mean_retention,5,0.8946571727900212,0.8920004853867673,-0.0026566874032537325,0.005906236955266948,-0.009990249195469317,0.004676874388961852,2,0.37141516981438877,first_layer_corruption,first_layer_corruption|dataset=fashion|metric=mean_retention,1.0,1.0,1.0,True,"exploratory_repair; inherited retrospective scope, not preregistered"
shared_downstream_repair_20260908,fashion,standard,translation,kaiming,di_wmf,mean_consistency,5,0.7781800031661987,0.80176666478316,0.023586661616961192,0.009813700092230704,0.011401343523269368,0.03577197971065302,5,0.005790798964306072,first_layer_corruption,first_layer_corruption|dataset=fashion|metric=mean_consistency,0.19688716478640644,,,False,"exploratory_repair; inherited retrospective scope, not preregistered"
shared_downstream_repair_20260908,fashion,standard,translation,kaiming,di_wmf,worst_accuracy,5,53.909333149592086,54.592000246047974,0.6826670964558914,0.8141203239017779,-0.32819679993893347,1.6935309928507163,4,0.13405100103654888,first_layer_corruption,first_layer_corruption|dataset=fashion|metric=worst_accuracy,1.0,,,False,"exploratory_repair; inherited retrospective scope, not preregistered"
shared_downstream_repair_20260908,fashion,standard,translation,kaiming,lowrank_wmf,normalised_accuracy_auc,5,62.05544408824708,64.99033331871033,2.9348892304632415,1.263113436218116,1.3665267510637604,4.503251709862722,5,0.0065359270586025035,first_layer_corruption,first_layer_corruption|dataset=fashion|metric=normalised_accuracy_auc,0.1830059576408701,1.0,1.0,True,"exploratory_repair; inherited retrospective scope, not preregistered"
shared_downstream_repair_20260908,fashion,standard,translation,kaiming,lowrank_wmf,mean_accuracy_drop,5,7.244831919670105,7.241499225298563,-0.003332694371541578,0.7668305185412007,-0.9554785419680744,0.9488131532249912,2,0.9927115728016143,first_layer_corruption,first_layer_corruption|dataset=fashion|metric=mean_accuracy_drop,1.0,,,False,"exploratory_repair; inherited retrospective scope, not preregistered"
shared_downstream_repair_20260908,fashion,standard,translation,kaiming,lowrank_wmf,mean_retention,5,0.8946571727900212,0.8990634608291895,0.004406288039168338,0.01086606290273783,-0.009085711069378714,0.01789828714771539,4,0.4158247958375092,first_layer_corruption,first_layer_corruption|dataset=fashion|metric=mean_retention,1.0,1.0,1.0,True,"exploratory_repair; inherited retrospective scope, not preregistered"
shared_downstream_repair_20260908,fashion,standard,translation,kaiming,lowrank_wmf,mean_consistency,5,0.7781800031661987,0.7981516629457474,0.019971659779548668,0.012243631103436257,0.004769183831124039,0.035174135727973295,5,0.021820606147815134,first_layer_corruption,first_layer_corruption|dataset=fashion|metric=mean_consistency,0.4826829788581191,,,False,"exploratory_repair; inherited retrospective scope, not preregistered"
shared_downstream_repair_20260908,fashion,standard,translation,kaiming,lowrank_wmf,worst_accuracy,5,53.909333149592086,57.15533336003622,3.2460002104441315,1.3323394630582301,1.5916822657785932,4.9003181551096695,5,0.005514616946671988,first_layer_corruption,first_layer_corruption|dataset=fashion|metric=worst_accuracy,0.17079896714197684,,,False,"exploratory_repair; inherited retrospective scope, not preregistered"
shared_downstream_repair_20260908,cifar10,standard,brightness,kaiming,random_stem,normalised_accuracy_auc,5,31.834666911098697,33.00133327643076,1.166666365332069,0.5021931478359473,0.5431112135195528,1.7902215171445852,5,0.00653987224283402,first_layer_corruption,first_layer_corruption|dataset=cifar10|metric=normalised_accuracy_auc,0.15041706158518245,1.0,1.0,True,"exploratory_repair; inherited retrospective scope, not preregistered"
shared_downstream_repair_20260908,cifar10,standard,brightness,kaiming,random_stem,mean_accuracy_drop,5,1.7601669331391652,1.7459999521573384,-0.014166980981826782,0.28575067237809826,-0.36897330333623013,0.34063934137257657,3,0.9170671664757138,first_layer_corruption,first_layer_corruption|dataset=cifar10|metric=mean_accuracy_drop,1.0,,,False,"exploratory_repair; inherited retrospective scope, not preregistered"
shared_downstream_repair_20260908,cifar10,standard,brightness,kaiming,random_stem,mean_retention,5,0.9474572683114963,0.9494278340569073,0.0019705657454108126,0.008379703521339151,-0.00843421043265732,0.012375341923478944,2,0.626808170200994,first_layer_corruption,first_layer_corruption|dataset=cifar10|metric=mean_retention,1.0,1.0,1.0,True,"exploratory_repair; inherited retrospective scope, not preregistered"
shared_downstream_repair_20260908,cifar10,standard,brightness,kaiming,random_stem,mean_consistency,5,0.7698333323001862,0.7808049996693928,0.010971667369206694,0.013292125697345206,-0.005532686568785951,0.02747602130719934,3,0.1386774539240001,first_layer_corruption,first_layer_corruption|dataset=cifar10|metric=mean_consistency,1.0,,,False,"exploratory_repair; inherited retrospective scope, not preregistered"
shared_downstream_repair_20260908,cifar10,standard,brightness,kaiming,random_stem,worst_accuracy,5,29.18600002924601,30.33133347829183,1.1453334490458176,0.7463299418583934,0.2186424294587419,2.0720244686328932,5,0.026498787610478584,first_layer_corruption,first_layer_corruption|dataset=cifar10|metric=worst_accuracy,0.5564745398200502,,,False,"exploratory_repair; inherited retrospective scope, not preregistered"
shared_downstream_repair_20260908,cifar10,standard,brightness,kaiming,gabor,normalised_accuracy_auc,5,31.834666911098697,35.58349993493822,3.748833023839525,0.4689683847161002,3.166531864241771,4.331134183437279,5,5.756959368755994e-05,first_layer_corruption,first_layer_corruption|dataset=cifar10|metric=normalised_accuracy_auc,0.0026482013096277572,0.016061916638829225,0.02060991454014646,True,"exploratory_repair; inherited retrospective scope, not preregistered"
shared_downstream_repair_20260908,cifar10,standard,brightness,kaiming,gabor,mean_accuracy_drop,5,1.7601669331391652,1.7461662491162617,-0.014000684022903487,0.30252538402953183,-0.38963556191514115,0.36163419386933415,3,0.9225598084758757,first_layer_corruption,first_layer_corruption|dataset=cifar10|metric=mean_accuracy_drop,1.0,,,False,"exploratory_repair; inherited retrospective scope, not preregistered"
shared_downstream_repair_20260908,cifar10,standard,brightness,kaiming,gabor,mean_retention,5,0.9474572683114963,0.9529560201403153,0.005498751828818827,0.007523831850672167,-0.003843319308699601,0.014840822966337253,4,0.17755179640574653,first_layer_corruption,first_layer_corruption|dataset=cifar10|metric=mean_retention,1.0,1.0,1.0,True,"exploratory_repair; inherited retrospective scope, not preregistered"
shared_downstream_repair_20260908,cifar10,standard,brightness,kaiming,gabor,mean_consistency,5,0.7698333323001862,0.79428999821345,0.02445666591326392,0.010575572646849692,0.011325358097282166,0.037587973729245674,5,0.006647187000337873,first_layer_corruption,first_layer_corruption|dataset=cifar10|metric=mean_consistency,0.11964936600608171,,,False,"exploratory_repair; inherited retrospective scope, not preregistered"
shared_downstream_repair_20260908,cifar10,standard,brightness,kaiming,gabor,worst_accuracy,5,29.18600002924601,32.816000382105514,3.630000352859498,0.49828606890164534,3.011296480297845,4.248704225421151,5,8.311253525021866e-05,first_layer_corruption,first_layer_corruption|dataset=cifar10|metric=worst_accuracy,0.003989401692010496,,,False,"exploratory_repair; inherited retrospective scope, not preregistered"
shared_downstream_repair_20260908,cifar10,standard,brightness,kaiming,pca,normalised_accuracy_auc,5,31.834666911098697,36.82488881879383,4.990221907695134,1.0071305860407458,3.7397041175184818,6.240739697871787,5,0.00037744138727887754,first_layer_corruption,first_layer_corruption|dataset=cifar10|metric=normalised_accuracy_auc,0.01396533132931847,0.0973798779179504,0.12531054057658733,True,"exploratory_repair; inherited retrospective scope, not preregistered"
shared_downstream_repair_20260908,cifar10,standard,brightness,kaiming,pca,mean_accuracy_drop,5,1.7601669331391652,1.9538336992263794,0.19366676608721417,0.33169588411654477,-0.21818807157266723,0.6055216037470956,4,0.2617262716701925,first_layer_corruption,first_layer_corruption|dataset=cifar10|metric=mean_accuracy_drop,1.0,,,False,"exploratory_repair; inherited retrospective scope, not preregistered"
shared_downstream_repair_20260908,cifar10,standard,brightness,kaiming,pca,mean_retention,5,0.9474572683114963,0.9493411644409754,0.001883896129478857,0.008836567584875941,-0.009088151708355982,0.012855943967313698,3,0.6584398551612729,first_layer_corruption,first_layer_corruption|dataset=cifar10|metric=mean_retention,1.0,1.0,1.0,True,"exploratory_repair; inherited retrospective scope, not preregistered"
shared_downstream_repair_20260908,cifar10,standard,brightness,kaiming,pca,mean_consistency,5,0.7698333323001862,0.7996666640043258,0.02983333170413969,0.021999498617668416,0.0025173462920473413,0.057149317116232036,4,0.03869267177738722,first_layer_corruption,first_layer_corruption|dataset=cifar10|metric=mean_consistency,0.5859511884826285,,,False,"exploratory_repair; inherited retrospective scope, not preregistered"
shared_downstream_repair_20260908,cifar10,standard,brightness,kaiming,pca,worst_accuracy,5,29.18600002924601,33.71333320935567,4.527333180109662,0.9148748153425061,3.3913660590355557,5.663300301183768,5,0.0003793187620737526,first_layer_corruption,first_layer_corruption|dataset=cifar10|metric=worst_accuracy,0.014414112958802598,,,False,"exploratory_repair; inherited retrospective scope, not preregistered"
shared_downstream_repair_20260908,cifar10,standard,brightness,kaiming,kmeans,normalised_accuracy_auc,5,31.834666911098697,32.31927767395974,0.48461076286104116,1.0600955058294168,-0.8316716613849542,1.8008931871070366,3,0.3644782033565189,first_layer_corruption,first_layer_corruption|dataset=cifar10|metric=normalised_accuracy_auc,1.0,1.0,1.0,True,"exploratory_repair; inherited retrospective scope, not preregistered"
shared_downstream_repair_20260908,cifar10,standard,brightness,kaiming,kmeans,mean_accuracy_drop,5,1.7601669331391652,2.3785002529621124,0.6183333198229471,0.1297573218885676,0.45721832473057555,0.7794483149153187,5,0.00043930774046517865,first_layer_corruption,first_layer_corruption|dataset=cifar10|metric=mean_accuracy_drop,0.01847483711929377,,,False,"exploratory_repair; inherited retrospective scope, not preregistered"
shared_downstream_repair_20260908,cifar10,standard,brightness,kaiming,kmeans,mean_retention,5,0.9474572683114963,0.930984438029524,-0.016472830281972394,0.004613295073336179,-0.02220099268762472,-0.010744667876320068,0,0.0013337644685730392,first_layer_corruption,first_layer_corruption|dataset=cifar10|metric=mean_retention,0.042680462994337254,0.305432063303226,0.39612804716619265,True,"exploratory_repair; inherited retrospective scope, not preregistered"
shared_downstream_repair_20260908,cifar10,standard,brightness,kaiming,kmeans,mean_consistency,5,0.7698333323001862,0.7646549999713897,-0.005178332328796409,0.01335938872085247,-0.021766204341488356,0.011409539683895539,2,0.4349827793140767,first_layer_corruption,first_layer_corruption|dataset=cifar10|metric=mean_consistency,1.0,,,False,"exploratory_repair; inherited retrospective scope, not preregistered"
shared_downstream_repair_20260908,cifar10,standard,brightness,kaiming,kmeans,worst_accuracy,5,29.18600002924601,28.915999929110207,-0.2700001001358025,1.2078678638008795,-1.7697661412046422,1.229765940933037,3,0.6434342099499758,first_layer_corruption,first_layer_corruption|dataset=cifar10|metric=worst_accuracy,1.0,,,False,"exploratory_repair; inherited retrospective scope, not preregistered"
shared_downstream_repair_20260908,cifar10,standard,brightness,kaiming,di_wmf,normalised_accuracy_auc,5,31.834666911098697,32.28883329364989,0.45416638255119113,1.0421556241807242,-0.8398407365195862,1.7481735016219684,3,0.3850030617566218,first_layer_corruption,first_layer_corruption|dataset=cifar10|metric=normalised_accuracy_auc,1.0,1.0,1.0,True,"exploratory_repair; inherited retrospective scope, not preregistered"
shared_downstream_repair_20260908,cifar10,standard,brightness,kaiming,di_wmf,mean_accuracy_drop,5,1.7601669331391652,2.3840007682641344,0.6238338351249695,0.2425558419338616,0.3226609786416907,0.9250066916082482,5,0.004532592536589581,first_layer_corruption,first_layer_corruption|dataset=cifar10|metric=mean_accuracy_drop,0.1223799984879187,,,False,"exploratory_repair; inherited retrospective scope, not preregistered"
shared_downstream_repair_20260908,cifar10,standard,brightness,kaiming,di_wmf,mean_retention,5,0.9474572683114963,0.9307798805292359,-0.01667738778226071,0.007648560406874683,-0.026174329877563737,-0.007180445686957682,0,0.008186192974173211,first_layer_corruption,first_layer_corruption|dataset=cifar10|metric=mean_retention,0.2128410173285035,1.0,1.0,True,"exploratory_repair; inherited retrospective scope, not preregistered"
shared_downstream_repair_20260908,cifar10,standard,brightness,kaiming,di_wmf,mean_consistency,5,0.7698333323001862,0.7638950010140737,-0.005938331286112497,0.012910778548529681,-0.02196918019860325,0.010092517626378257,2,0.361846095342296,first_layer_corruption,first_layer_corruption|dataset=cifar10|metric=mean_consistency,1.0,,,False,"exploratory_repair; inherited retrospective scope, not preregistered"
shared_downstream_repair_20260908,cifar10,standard,brightness,kaiming,di_wmf,worst_accuracy,5,29.18600002924601,28.900666435559593,-0.28533359368642053,1.169467126847547,-1.7374188221758142,1.1667516348029732,3,0.6143598966109609,first_layer_corruption,first_layer_corruption|dataset=cifar10|metric=worst_accuracy,1.0,,,False,"exploratory_repair; inherited retrospective scope, not preregistered"
shared_downstream_repair_20260908,cifar10,standard,brightness,kaiming,lowrank_wmf,normalised_accuracy_auc,5,31.834666911098697,35.641722083091736,3.8070551719930394,0.3730127214186174,3.343898704935532,4.2702116390505465,5,2.1837883630656856e-05,first_layer_corruption,first_layer_corruption|dataset=cifar10|metric=normalised_accuracy_auc,0.001048218414271529,0.0061801210674758906,0.008080016943343036,True,"exploratory_repair; inherited retrospective scope, not preregistered"
shared_downstream_repair_20260908,cifar10,standard,brightness,kaiming,lowrank_wmf,mean_accuracy_drop,5,1.7601669331391652,2.2698328395684557,0.5096659064292908,0.24613490373223804,0.20404905776362153,0.81528275509496,5,0.009805930270876995,first_layer_corruption,first_layer_corruption|dataset=cifar10|metric=mean_accuracy_drop,0.2059245356884169,,,False,"exploratory_repair; inherited retrospective scope, not preregistered"
shared_downstream_repair_20260908,cifar10,standard,brightness,kaiming,lowrank_wmf,mean_retention,5,0.9474572683114963,0.9398233838416269,-0.007633884469869523,0.006317347381055357,-0.015477907277072794,0.00021013833733374895,1,0.0539787363816753,first_layer_corruption,first_layer_corruption|dataset=cifar10|metric=mean_retention,0.9716172548701554,1.0,1.0,True,"exploratory_repair; inherited retrospective scope, not preregistered"
shared_downstream_repair_20260908,cifar10,standard,brightness,kaiming,lowrank_wmf,mean_consistency,5,0.7698333323001862,0.7781299988428751,0.00829666654268899,0.013496438319798151,-0.008461375022982073,0.025054708108360052,4,0.24124209065395613,first_layer_corruption,first_layer_corruption|dataset=cifar10|metric=mean_consistency,1.0,,,False,"exploratory_repair; inherited retrospective scope, not preregistered"
shared_downstream_repair_20260908,cifar10,standard,brightness,kaiming,lowrank_wmf,worst_accuracy,5,29.18600002924601,32.22933332125346,3.0433332920074476,0.7120471576802918,2.1592099712925106,3.9274566127223847,5,0.0006695703551391502,first_layer_corruption,first_layer_corruption|dataset=cifar10|metric=worst_accuracy,0.020756681009313657,,,False,"exploratory_repair; inherited retrospective scope, not preregistered"
shared_downstream_repair_20260908,cifar10,standard,colored_gaussian,kaiming,random_stem,normalised_accuracy_auc,5,27.150333424409233,28.591499808761807,1.441166384352578,0.9804962951567119,0.22371943428431718,2.6586133344208385,4,0.03031077136540783,first_layer_corruption,first_layer_corruption|dataset=cifar10|metric=normalised_accuracy_auc,0.5023892786276462,1.0,1.0,True,"exploratory_repair; inherited retrospective scope, not preregistered"
shared_downstream_repair_20260908,cifar10,standard,colored_gaussian,kaiming,random_stem,mean_accuracy_drop,5,6.6948337852954865,6.379666725794475,-0.31516705950101204,1.0389878695679005,-1.6052408917139025,0.9749067727118783,2,0.534800230775797,first_layer_corruption,first_layer_corruption|dataset=cifar10|metric=mean_accuracy_drop,1.0,,,False,"exploratory_repair; inherited retrospective scope, not preregistered"
shared_downstream_repair_20260908,cifar10,standard,colored_gaussian,kaiming,random_stem,mean_retention,5,0.79991102446727,0.8164566572485856,0.016545632781315555,0.02911631819824515,-0.019607051285690538,0.052698316848321644,4,0.2727210308788249,first_layer_corruption,first_layer_corruption|dataset=cifar10|metric=mean_retention,1.0,1.0,1.0,True,"exploratory_repair; inherited retrospective scope, not preregistered"
shared_downstream_repair_20260908,cifar10,standard,colored_gaussian,kaiming,random_stem,mean_consistency,5,0.6338566650946935,0.6427183344960212,0.008861669401327755,0.032757757672471355,-0.031812458962463055,0.04953579776511857,3,0.577881088098142,first_layer_corruption,first_layer_corruption|dataset=cifar10|metric=mean_consistency,1.0,,,False,"exploratory_repair; inherited retrospective scope, not preregistered"
shared_downstream_repair_20260908,cifar10,standard,colored_gaussian,kaiming,random_stem,worst_accuracy,5,19.69733327627182,21.292666494846344,1.5953332185745233,1.765679970358977,-0.5970480329697077,3.787714470118754,4,0.1134538136608712,first_layer_corruption,first_layer_corruption|dataset=cifar10|metric=worst_accuracy,1.0,,,False,"exploratory_repair; inherited retrospective scope, not preregistered"
shared_downstream_repair_20260908,cifar10,standard,colored_gaussian,kaiming,gabor,normalised_accuracy_auc,5,27.150333424409233,22.532055551807087,-4.618277872602146,2.242681725904517,-7.402935031087267,-1.8336207141170253,0,0.009995757531745121,first_layer_corruption,first_layer_corruption|dataset=cifar10|metric=normalised_accuracy_auc,0.20991090816664754,1.0,1.0,True,"exploratory_repair; inherited retrospective scope, not preregistered"
shared_downstream_repair_20260908,cifar10,standard,colored_gaussian,kaiming,gabor,mean_accuracy_drop,5,6.6948337852954865,15.08816622197628,8.393332436680792,1.8241163414677855,6.128392846945079,10.658272026416505,5,0.0005032883083334708,first_layer_corruption,first_layer_corruption|dataset=cifar10|metric=mean_accuracy_drop,0.02043935258263965,,,False,"exploratory_repair; inherited retrospective scope, not preregistered"
shared_downstream_repair_20260908,cifar10,standard,colored_gaussian,kaiming,gabor,mean_retention,5,0.79991102446727,0.5934128853480769,-0.20649813911919318,0.05538062748446808,-0.27526227046459106,-0.1377340077737953,0,0.001130930326650626,first_layer_corruption,first_layer_corruption|dataset=cifar10|metric=mean_retention,0.037642187457038144,0.2635067661095959,0.3426718889751397,True,"exploratory_repair; inherited retrospective scope, not preregistered"
shared_downstream_repair_20260908,cifar10,standard,colored_gaussian,kaiming,gabor,mean_consistency,5,0.6338566650946935,0.3191499998172124,-0.3147066652774811,0.07716810333558159,-0.41052352099894057,-0.2188898095560216,0,0.0008022324627659648,first_layer_corruption,first_layer_corruption|dataset=cifar10|metric=mean_consistency,0.025671438808510874,,,False,"exploratory_repair; inherited retrospective scope, not preregistered"
shared_downstream_repair_20260908,cifar10,standard,colored_gaussian,kaiming,gabor,worst_accuracy,5,19.69733327627182,13.43266675869624,-6.264666517575582,3.7473759213689095,-10.917648286875016,-1.6116847482761472,0,0.02015361057819643,first_layer_corruption,first_layer_corruption|dataset=cifar10|metric=worst_accuracy,0.4635330432985179,,,False,"exploratory_repair; inherited retrospective scope, not preregistered"
shared_downstream_repair_20260908,cifar10,standard,colored_gaussian,kaiming,pca,normalised_accuracy_auc,5,27.150333424409233,31.344777875476417,4.194444451067185,1.076216365015382,2.858145336349865,5.530743565784506,5,0.0009548170843807317,first_layer_corruption,first_layer_corruption|dataset=cifar10|metric=normalised_accuracy_auc,0.028644512531421952,0.22848783363335792,0.2951301184430873,True,"exploratory_repair; inherited retrospective scope, not preregistered"
shared_downstream_repair_20260908,cifar10,standard,colored_gaussian,kaiming,pca,mean_accuracy_drop,5,6.6948337852954865,7.7960001925627385,1.1011664072672525,1.8740750596571176,-1.225805124240562,3.428137938775067,4,0.2591766320146226,first_layer_corruption,first_layer_corruption|dataset=cifar10|metric=mean_accuracy_drop,1.0,,,False,"exploratory_repair; inherited retrospective scope, not preregistered"
shared_downstream_repair_20260908,cifar10,standard,colored_gaussian,kaiming,pca,mean_retention,5,0.79991102446727,0.798402258518976,-0.0015087659482941884,0.04480219775691735,-0.05713804194346389,0.054120510046875514,3,0.9435899827440734,first_layer_corruption,first_layer_corruption|dataset=cifar10|metric=mean_retention,1.0,1.0,1.0,True,"exploratory_repair; inherited retrospective scope, not preregistered"
shared_downstream_repair_20260908,cifar10,standard,colored_gaussian,kaiming,pca,mean_consistency,5,0.6338566650946935,0.601545000076294,-0.03231166501839955,0.008893529770880754,-0.04335444075185555,-0.021268889284943547,0,0.0012486125169230843,first_layer_corruption,first_layer_corruption|dataset=cifar10|metric=mean_consistency,0.03496115047384636,,,False,"exploratory_repair; inherited retrospective scope, not preregistered"
shared_downstream_repair_20260908,cifar10,standard,colored_gaussian,kaiming,pca,worst_accuracy,5,19.69733327627182,21.31000022093455,1.6126669446627298,2.341962043674737,-1.2952630101279023,4.520596899453362,3,0.19846122475309078,first_layer_corruption,first_layer_corruption|dataset=cifar10|metric=worst_accuracy,1.0,,,False,"exploratory_repair; inherited retrospective scope, not preregistered"
shared_downstream_repair_20260908,cifar10,standard,colored_gaussian,kaiming,kmeans,normalised_accuracy_auc,5,27.150333424409233,31.569555617041054,4.419222192631825,0.5777154084315573,3.7018937687747764,5.136550616488873,5,6.852545987068642e-05,first_layer_corruption,first_layer_corruption|dataset=cifar10|metric=normalised_accuracy_auc,0.0030836456941808893,0.019050077844050824,0.024463589173835055,True,"exploratory_repair; inherited retrospective scope, not preregistered"
shared_downstream_repair_20260908,cifar10,standard,colored_gaussian,kaiming,kmeans,mean_accuracy_drop,5,6.6948337852954865,3.3586667726437254,-3.336167012651761,0.9639707449743489,-4.533094782008072,-2.1392392432954503,0,0.0015018029897876637,first_layer_corruption,first_layer_corruption|dataset=cifar10|metric=mean_accuracy_drop,0.046555892683417574,,,False,"exploratory_repair; inherited retrospective scope, not preregistered"
shared_downstream_repair_20260908,cifar10,standard,colored_gaussian,kaiming,kmeans,mean_retention,5,0.79991102446727,0.9030675306666561,0.10315650619938602,0.024710803860246485,0.07247399067944336,0.13383902171932868,5,0.0007332531986610296,first_layer_corruption,first_layer_corruption|dataset=cifar10|metric=mean_retention,0.028596874747780155,0.17964703367195226,0.23170801077688535,True,"exploratory_repair; inherited retrospective scope, not preregistered"
shared_downstream_repair_20260908,cifar10,standard,colored_gaussian,kaiming,kmeans,mean_consistency,5,0.6338566650946935,0.6970416645208996,0.06318499942620599,0.022724214737510705,0.034969160099187546,0.09140083875322444,5,0.0034063753529167376,first_layer_corruption,first_layer_corruption|dataset=cifar10|metric=mean_consistency,0.07387414536905819,,,False,"exploratory_repair; inherited retrospective scope, not preregistered"
shared_downstream_repair_20260908,cifar10,standard,colored_gaussian,kaiming,kmeans,worst_accuracy,5,19.69733327627182,25.432000259558357,5.734666983286539,0.8338682099459315,4.699282847750058,6.77005111882302,5,0.00010433328049794264,first_layer_corruption,first_layer_corruption|dataset=cifar10|metric=worst_accuracy,0.004811762697769098,,,False,"exploratory_repair; inherited retrospective scope, not preregistered"
shared_downstream_repair_20260908,cifar10,standard,colored_gaussian,kaiming,di_wmf,normalised_accuracy_auc,5,27.150333424409233,31.551666657129925,4.401333232720691,0.5815116132872968,3.679291197964465,5.123375267476917,5,7.146060564466605e-05,first_layer_corruption,first_layer_corruption|dataset=cifar10|metric=normalised_accuracy_auc,0.003084368823047628,0.01972312715792783,0.025368515003856448,True,"exploratory_repair; inherited retrospective scope, not preregistered"
shared_downstream_repair_20260908,cifar10,standard,colored_gaussian,kaiming,di_wmf,mean_accuracy_drop,5,6.6948337852954865,3.3551673342784247,-3.339666451017062,0.9154344888687707,-4.476328498559479,-2.203004403474645,0,0.0012291522414692446,first_layer_corruption,first_layer_corruption|dataset=cifar10|metric=mean_accuracy_drop,0.04179117620995432,,,False,"exploratory_repair; inherited retrospective scope, not preregistered"
shared_downstream_repair_20260908,cifar10,standard,colored_gaussian,kaiming,di_wmf,mean_retention,5,0.79991102446727,0.9030152022912468,0.10310417782397681,0.02356297195141145,0.07384688386122412,0.1323614717867295,5,0.0006114662615984038,first_layer_corruption,first_layer_corruption|dataset=cifar10|metric=mean_retention,0.02568158298713296,0.15347803166119936,0.19689213623468602,True,"exploratory_repair; inherited retrospective scope, not preregistered"
shared_downstream_repair_20260908,cifar10,standard,colored_gaussian,kaiming,di_wmf,mean_consistency,5,0.6338566650946935,0.6973283350467682,0.06347166995207469,0.022738781566196062,0.03523774351830964,0.09170559638583975,5,0.003357915698593554,first_layer_corruption,first_layer_corruption|dataset=cifar10|metric=mean_consistency,0.07387414536905819,,,False,"exploratory_repair; inherited retrospective scope, not preregistered"
shared_downstream_repair_20260908,cifar10,standard,colored_gaussian,kaiming,di_wmf,worst_accuracy,5,19.69733327627182,25.42000025510788,5.722666978836059,0.8281419833382789,4.694392892723856,6.750941064948261,5,0.00010237792973976806,first_layer_corruption,first_layer_corruption|dataset=cifar10|metric=worst_accuracy,0.004811762697769098,,,False,"exploratory_repair; inherited retrospective scope, not preregistered"
shared_downstream_repair_20260908,cifar10,standard,colored_gaussian,kaiming,lowrank_wmf,normalised_accuracy_auc,5,27.150333424409233,30.213055560986202,3.062722136576968,1.818115220567646,0.8052339226118264,5.3202103505421094,5,0.019659011745628254,first_layer_corruption,first_layer_corruption|dataset=cifar10|metric=normalised_accuracy_auc,0.3538622114213086,1.0,1.0,True,"exploratory_repair; inherited retrospective scope, not preregistered"
shared_downstream_repair_20260908,cifar10,standard,colored_gaussian,kaiming,lowrank_wmf,mean_accuracy_drop,5,6.6948337852954865,8.174499397476515,1.4796656121810279,1.5918636700169768,-0.49689419692756887,3.4562254212896244,4,0.1062072746452177,first_layer_corruption,first_layer_corruption|dataset=cifar10|metric=mean_accuracy_drop,1.0,,,False,"exploratory_repair; inherited retrospective scope, not preregistered"
shared_downstream_repair_20260908,cifar10,standard,colored_gaussian,kaiming,lowrank_wmf,mean_retention,5,0.79991102446727,0.7835767965454001,-0.016334227921869938,0.04256037492265908,-0.06917991321339002,0.036511457369650155,1,0.4391739166614131,first_layer_corruption,first_layer_corruption|dataset=cifar10|metric=mean_retention,1.0,1.0,1.0,True,"exploratory_repair; inherited retrospective scope, not preregistered"
shared_downstream_repair_20260908,cifar10,standard,colored_gaussian,kaiming,lowrank_wmf,mean_consistency,5,0.6338566650946935,0.580546665440003,-0.05330999965469043,0.038594330361259095,-0.10123119019904832,-0.005388809110332543,1,0.03662194928016428,first_layer_corruption,first_layer_corruption|dataset=cifar10|metric=mean_consistency,0.5859511884826285,,,False,"exploratory_repair; inherited retrospective scope, not preregistered"
shared_downstream_repair_20260908,cifar10,standard,colored_gaussian,kaiming,lowrank_wmf,worst_accuracy,5,19.69733327627182,18.07799994945526,-1.61933332681656,2.5646943246039005,-4.803821936074741,1.5651552824416213,1,0.23084640221639227,first_layer_corruption,first_layer_corruption|dataset=cifar10|metric=worst_accuracy,1.0,,,False,"exploratory_repair; inherited retrospective scope, not preregistered"
shared_downstream_repair_20260908,cifar10,standard,contrast,kaiming,random_stem,normalised_accuracy_auc,5,33.33383346597354,34.47711105147997,1.1432775855064363,0.36808178973282585,0.6862436788007786,1.600311492212094,5,0.002257475877321414,first_layer_corruption,first_layer_corruption|dataset=cifar10|metric=normalised_accuracy_auc,0.05417942105571394,0.49664469301071107,0.6456381009139244,True,"exploratory_repair; inherited retrospective scope, not preregistered"
shared_downstream_repair_20260908,cifar10,standard,contrast,kaiming,random_stem,mean_accuracy_drop,5,0.0873337189356486,0.08749991655349731,0.00016619761784871512,0.09390391170024374,-0.11643090883084915,0.11676330406654657,2,0.9970318492179229,first_layer_corruption,first_layer_corruption|dataset=cifar10|metric=mean_accuracy_drop,1.0,,,False,"exploratory_repair; inherited retrospective scope, not preregistered"
shared_downstream_repair_20260908,cifar10,standard,contrast,kaiming,random_stem,mean_retention,5,0.9974105706765064,0.9974806329692993,7.006229279298282e-05,0.0028142854629860463,-0.0034243346472650027,0.003564459232850968,3,0.9582763568634659,first_layer_corruption,first_layer_corruption|dataset=cifar10|metric=mean_retention,1.0,1.0,1.0,True,"exploratory_repair; inherited retrospective scope, not preregistered"
shared_downstream_repair_20260908,cifar10,standard,contrast,kaiming,random_stem,mean_consistency,5,0.9553783307472864,0.9486933320760726,-0.006684998671213771,0.01022473337319287,-0.019380681991939888,0.006010684649512347,1,0.2175658331425049,first_layer_corruption,first_layer_corruption|dataset=cifar10|metric=mean_consistency,1.0,,,False,"exploratory_repair; inherited retrospective scope, not preregistered"
shared_downstream_repair_20260908,cifar10,standard,contrast,kaiming,random_stem,worst_accuracy,5,33.23666671911876,34.330666661262505,1.0939999421437563,0.41301982074385063,0.5811681001815447,1.6068317841059678,5,0.004070907656636188,first_layer_corruption,first_layer_corruption|dataset=cifar10|metric=worst_accuracy,0.11398541438581325,,,False,"exploratory_repair; inherited retrospective scope, not preregistered"
shared_downstream_repair_20260908,cifar10,standard,contrast,kaiming,gabor,normalised_accuracy_auc,5,33.33383346597354,37.06438880827692,3.7305553423033815,0.6766013788976076,2.890443768991198,4.570666915615565,5,0.0002486779415467977,first_layer_corruption,first_layer_corruption|dataset=cifar10|metric=normalised_accuracy_auc,0.00969843972032511,0.0654022986268078,0.08405314424281762,True,"exploratory_repair; inherited retrospective scope, not preregistered"
shared_downstream_repair_20260908,cifar10,standard,contrast,kaiming,gabor,mean_accuracy_drop,5,0.0873337189356486,0.0716663400332133,-0.015667378902435303,0.13347825612733938,-0.1814025240787736,0.150067766273903,2,0.8059264406083732,first_layer_corruption,first_layer_corruption|dataset=cifar10|metric=mean_accuracy_drop,1.0,,,False,"exploratory_repair; inherited retrospective scope, not preregistered"
shared_downstream_repair_20260908,cifar10,standard,contrast,kaiming,gabor,mean_retention,5,0.9974105706765064,0.9980660182248006,0.0006554475482941413,0.0036280332534766894,-0.003849350726833935,0.0051602458234222175,3,0.7068988127326618,first_layer_corruption,first_layer_corruption|dataset=cifar10|metric=mean_retention,1.0,1.0,1.0,True,"exploratory_repair; inherited retrospective scope, not preregistered"
shared_downstream_repair_20260908,cifar10,standard,contrast,kaiming,gabor,mean_consistency,5,0.9553783307472864,0.9607833315928778,0.005405000845591257,0.006864160065913305,-0.0031179795861612705,0.013927981277343784,5,0.15308589401892772,first_layer_corruption,first_layer_corruption|dataset=cifar10|metric=mean_consistency,1.0,,,False,"exploratory_repair; inherited retrospective scope, not preregistered"
shared_downstream_repair_20260908,cifar10,standard,contrast,kaiming,gabor,worst_accuracy,5,33.23666671911876,36.91999991734822,3.683333198229471,0.658993159146567,2.865085117454615,4.501581279004327,5,0.00023575401469213587,first_layer_corruption,first_layer_corruption|dataset=cifar10|metric=worst_accuracy,0.010608930661146114,,,False,"exploratory_repair; inherited retrospective scope, not preregistered"
shared_downstream_repair_20260908,cifar10,standard,contrast,kaiming,pca,normalised_accuracy_auc,5,33.33383346597354,38.49799990653992,5.1641664405663805,1.1123190538490546,3.7830399168859357,6.545292964246825,5,0.00048610450197252226,first_layer_corruption,first_layer_corruption|dataset=cifar10|metric=normalised_accuracy_auc,0.01701365756903828,0.12298443899904814,0.15798396314106974,True,"exploratory_repair; inherited retrospective scope, not preregistered"
shared_downstream_repair_20260908,cifar10,standard,contrast,kaiming,pca,mean_accuracy_drop,5,0.0873337189356486,0.07166703542073569,-0.015666683514912925,0.035742715511833216,-0.060047126563995454,0.028713759534169603,3,0.38252567399813747,first_layer_corruption,first_layer_corruption|dataset=cifar10|metric=mean_accuracy_drop,1.0,,,False,"exploratory_repair; inherited retrospective scope, not preregistered"
shared_downstream_repair_20260908,cifar10,standard,contrast,kaiming,pca,mean_retention,5,0.9974105706765064,0.9981543755913835,0.0007438049148770665,0.000947044732375477,-0.0004321064340020819,0.001919716263756215,4,0.1538982643244554,first_layer_corruption,first_layer_corruption|dataset=cifar10|metric=mean_retention,1.0,1.0,1.0,True,"exploratory_repair; inherited retrospective scope, not preregistered"
shared_downstream_repair_20260908,cifar10,standard,contrast,kaiming,pca,mean_consistency,5,0.9553783307472864,0.9542549967765808,-0.0011233339707056532,0.0040324413675896275,-0.006130271241709244,0.0038836033002979382,1,0.5670982128128256,first_layer_corruption,first_layer_corruption|dataset=cifar10|metric=mean_consistency,1.0,,,False,"exploratory_repair; inherited retrospective scope, not preregistered"
shared_downstream_repair_20260908,cifar10,standard,contrast,kaiming,pca,worst_accuracy,5,33.23666671911876,38.27199995517731,5.035333236058553,1.0497451777067084,3.7319024416121205,6.338764030504985,5,0.00042822967194918864,first_layer_corruption,first_layer_corruption|dataset=cifar10|metric=worst_accuracy,0.01584449786211998,,,False,"exploratory_repair; inherited retrospective scope, not preregistered"
shared_downstream_repair_20260908,cifar10,standard,contrast,kaiming,kmeans,normalised_accuracy_auc,5,33.33383346597354,34.01038886772262,0.67655540174908,0.9520695715470416,-0.5055951090261643,1.8587059125243244,3,0.1872638914687526,first_layer_corruption,first_layer_corruption|dataset=cifar10|metric=normalised_accuracy_auc,1.0,1.0,1.0,True,"exploratory_repair; inherited retrospective scope, not preregistered"
shared_downstream_repair_20260908,cifar10,standard,contrast,kaiming,kmeans,mean_accuracy_drop,5,0.0873337189356486,0.509500155846278,0.4221664369106293,0.09729472178943144,0.301359083649441,0.5429737901718176,5,0.0006316646636065945,first_layer_corruption,first_layer_corruption|dataset=cifar10|metric=mean_accuracy_drop,0.024634921880657183,,,False,"exploratory_repair; inherited retrospective scope, not preregistered"
shared_downstream_repair_20260908,cifar10,standard,contrast,kaiming,kmeans,mean_retention,5,0.9974105706765064,0.9852610349872168,-0.012149535689289382,0.002497964614879938,-0.015251168420372732,-0.009047902958206032,0,0.0004057212142564409,first_layer_corruption,first_layer_corruption|dataset=cifar10|metric=mean_retention,0.017851733427283398,0.10427035206390531,0.13388800070462548,True,"exploratory_repair; inherited retrospective scope, not preregistered"
shared_downstream_repair_20260908,cifar10,standard,contrast,kaiming,kmeans,mean_consistency,5,0.9553783307472864,0.9040883382161458,-0.05128999253114064,0.005064161120111381,-0.05757797907508619,-0.04500200598719509,0,2.2515761035793412e-05,first_layer_corruption,first_layer_corruption|dataset=cifar10|metric=mean_consistency,0.0010582407686822904,,,False,"exploratory_repair; inherited retrospective scope, not preregistered"
shared_downstream_repair_20260908,cifar10,standard,contrast,kaiming,kmeans,worst_accuracy,5,33.23666671911876,33.29333325227101,0.056666533152261424,0.8919764172742519,-1.0508684714239553,1.164201537728478,3,0.893903875273711,first_layer_corruption,first_layer_corruption|dataset=cifar10|metric=worst_accuracy,1.0,,,False,"exploratory_repair; inherited retrospective scope, not preregistered"
shared_downstream_repair_20260908,cifar10,standard,contrast,kaiming,di_wmf,normalised_accuracy_auc,5,33.33383346597354,34.0154446164767,0.6816111505031571,0.9441038194080914,-0.4906485726225379,1.853870873628852,3,0.18174831013775755,first_layer_corruption,first_layer_corruption|dataset=cifar10|metric=normalised_accuracy_auc,1.0,1.0,1.0,True,"exploratory_repair; inherited retrospective scope, not preregistered"
shared_downstream_repair_20260908,cifar10,standard,contrast,kaiming,di_wmf,mean_accuracy_drop,5,0.0873337189356486,0.4785005748271942,0.3911668558915456,0.07914644102243114,0.29289356948803535,0.48944014229505584,5,0.00038119453615295483,first_layer_corruption,first_layer_corruption|dataset=cifar10|metric=mean_accuracy_drop,0.01735428389752541,,,False,"exploratory_repair; inherited retrospective scope, not preregistered"
shared_downstream_repair_20260908,cifar10,standard,contrast,kaiming,di_wmf,mean_retention,5,0.9974105706765064,0.9861286957664934,-0.01128187491001289,0.0021490900483788385,-0.01395032265198288,-0.0086134271680429,0,0.0003012862447620498,first_layer_corruption,first_layer_corruption|dataset=cifar10|metric=mean_retention,0.013557881014292242,0.07833442363813295,0.1009308919952867,True,"exploratory_repair; inherited retrospective scope, not preregistered"
shared_downstream_repair_20260908,cifar10,standard,contrast,kaiming,di_wmf,mean_consistency,5,0.9553783307472864,0.903964998324712,-0.05141333242257436,0.005550792412324803,-0.05830555152246069,-0.04452111332268802,0,3.2107647860935996e-05,first_layer_corruption,first_layer_corruption|dataset=cifar10|metric=mean_consistency,0.0014127365058811839,,,False,"exploratory_repair; inherited retrospective scope, not preregistered"
shared_downstream_repair_20260908,cifar10,standard,contrast,kaiming,di_wmf,worst_accuracy,5,33.23666671911876,33.31199983755748,0.0753331184387207,0.8968417464666336,-1.038242990235086,1.1889092271125274,3,0.8601565350085776,first_layer_corruption,first_layer_corruption|dataset=cifar10|metric=worst_accuracy,1.0,,,False,"exploratory_repair; inherited retrospective scope, not preregistered"
shared_downstream_repair_20260908,cifar10,standard,contrast,kaiming,lowrank_wmf,normalised_accuracy_auc,5,33.33383346597354,37.23933332496219,3.905499858988648,0.5134975304819429,3.2679084622226795,4.543091255754616,5,7.009929143290063e-05,first_layer_corruption,first_layer_corruption|dataset=cifar10|metric=normalised_accuracy_auc,0.003084368823047628,0.019417503726913476,0.024955347750112624,True,"exploratory_repair; inherited retrospective scope, not preregistered"
shared_downstream_repair_20260908,cifar10,standard,contrast,kaiming,lowrank_wmf,mean_accuracy_drop,5,0.0873337189356486,0.49999937415122986,0.41266565521558124,0.11427534777060772,0.27077407000660286,0.5545572404245596,5,0.00127784564497846,first_layer_corruption,first_layer_corruption|dataset=cifar10|metric=mean_accuracy_drop,0.04216890628428918,,,False,"exploratory_repair; inherited retrospective scope, not preregistered"
shared_downstream_repair_20260908,cifar10,standard,contrast,kaiming,lowrank_wmf,mean_retention,5,0.9974105706765064,0.986774689383954,-0.010635881292552486,0.002726890658914146,-0.01402176325076432,-0.007249999334340651,0,0.0009520326401389913,first_layer_corruption,first_layer_corruption|dataset=cifar10|metric=mean_retention,0.034273175045003684,0.22848783363335792,0.2951301184430873,True,"exploratory_repair; inherited retrospective scope, not preregistered"
shared_downstream_repair_20260908,cifar10,standard,contrast,kaiming,lowrank_wmf,mean_consistency,5,0.9553783307472864,0.9028833359479904,-0.05249499479929602,0.009595138775003523,-0.06440893317398687,-0.04058105642460518,0,0.00025635528273563357,first_layer_corruption,first_layer_corruption|dataset=cifar10|metric=mean_consistency,0.009997856026689709,,,False,"exploratory_repair; inherited retrospective scope, not preregistered"
shared_downstream_repair_20260908,cifar10,standard,contrast,kaiming,lowrank_wmf,worst_accuracy,5,33.23666671911876,36.37666682402293,3.1400001049041735,0.6735760635796283,2.3036449567055395,3.9763552531028075,5,0.00047846688088862884,first_layer_corruption,first_layer_corruption|dataset=cifar10|metric=worst_accuracy,0.01714613355112372,,,False,"exploratory_repair; inherited retrospective scope, not preregistered"
shared_downstream_repair_20260908,cifar10,standard,gaussian,kaiming,random_stem,normalised_accuracy_auc,5,25.537500000662277,27.064333276616207,1.5268332759539291,1.879795839143922,-0.8072415414843126,3.8609080933921707,3,0.14350774386524745,first_layer_corruption,first_layer_corruption|dataset=cifar10|metric=normalised_accuracy_auc,1.0,1.0,1.0,True,"exploratory_repair; inherited retrospective scope, not preregistered"
shared_downstream_repair_20260908,cifar10,standard,gaussian,kaiming,random_stem,mean_accuracy_drop,5,8.318667163451513,7.878499925136566,-0.4401672383149469,1.9119835469106181,-2.814208373671799,1.9338738970419052,2,0.6338478966320767,first_layer_corruption,first_layer_corruption|dataset=cifar10|metric=mean_accuracy_drop,1.0,,,False,"exploratory_repair; inherited retrospective scope, not preregistered"
shared_downstream_repair_20260908,cifar10,standard,gaussian,kaiming,random_stem,mean_retention,5,0.7513770025087102,0.7733490820786179,0.021972079569907564,0.05693427258747443,-0.04872115696587891,0.09266531610569403,3,0.43683719718120717,first_layer_corruption,first_layer_corruption|dataset=cifar10|metric=mean_retention,1.0,1.0,1.0,True,"exploratory_repair; inherited retrospective scope, not preregistered"
shared_downstream_repair_20260908,cifar10,standard,gaussian,kaiming,random_stem,mean_consistency,5,0.5825500021378198,0.5862566669782003,0.0037066648403803804,0.0794417740991912,-0.0949333260120216,0.10234665569278235,2,0.9219276113253773,first_layer_corruption,first_layer_corruption|dataset=cifar10|metric=mean_consistency,1.0,,,False,"exploratory_repair; inherited retrospective scope, not preregistered"
shared_downstream_repair_20260908,cifar10,standard,gaussian,kaiming,random_stem,worst_accuracy,5,18.479333221912384,20.088000098864235,1.6086668769518533,2.5096145008248296,-1.5074310980924484,4.724764851996155,4,0.22505689117248803,first_layer_corruption,first_layer_corruption|dataset=cifar10|metric=worst_accuracy,1.0,,,False,"exploratory_repair; inherited retrospective scope, not preregistered"
shared_downstream_repair_20260908,cifar10,standard,gaussian,kaiming,gabor,normalised_accuracy_auc,5,25.537500000662277,23.1228889276584,-2.4146110730038743,2.795672151840283,-5.885896534724801,1.0566743887170524,1,0.12562986842353444,first_layer_corruption,first_layer_corruption|dataset=cifar10|metric=normalised_accuracy_auc,1.0,1.0,1.0,True,"exploratory_repair; inherited retrospective scope, not preregistered"
shared_downstream_repair_20260908,cifar10,standard,gaussian,kaiming,gabor,mean_accuracy_drop,5,8.318667163451513,14.486999536554018,6.168332373102506,2.644852852210835,2.884313805965771,9.45235094023924,5,0.00644966203280236,first_layer_corruption,first_layer_corruption|dataset=cifar10|metric=mean_accuracy_drop,0.15213738329654786,,,False,"exploratory_repair; inherited retrospective scope, not preregistered"
shared_downstream_repair_20260908,cifar10,standard,gaussian,kaiming,gabor,mean_retention,5,0.7513770025087102,0.60991471178718,-0.14146229072153021,0.08042997428395476,-0.24132929416637142,-0.041595287276689014,0,0.017061996549137697,first_layer_corruption,first_layer_corruption|dataset=cifar10|metric=mean_retention,0.4094879171793047,1.0,1.0,True,"exploratory_repair; inherited retrospective scope, not preregistered"
shared_downstream_repair_20260908,cifar10,standard,gaussian,kaiming,gabor,mean_consistency,5,0.5825500021378198,0.3381633348762989,-0.24438666726152097,0.0858707484678609,-0.3510092841328749,-0.13776405039016704,0,0.003125862118052819,first_layer_corruption,first_layer_corruption|dataset=cifar10|metric=mean_consistency,0.07189482871521484,,,False,"exploratory_repair; inherited retrospective scope, not preregistered"
shared_downstream_repair_20260908,cifar10,standard,gaussian,kaiming,gabor,worst_accuracy,5,18.479333221912384,13.624666531880695,-4.854666690031687,3.756784698685096,-9.519330999391746,-0.19000238067162734,0,0.04458368283155151,first_layer_corruption,first_layer_corruption|dataset=cifar10|metric=worst_accuracy,0.8804843378397466,,,False,"exploratory_repair; inherited retrospective scope, not preregistered"
shared_downstream_repair_20260908,cifar10,standard,gaussian,kaiming,pca,normalised_accuracy_auc,5,25.537500000662277,28.056999941666923,2.5194999410046477,2.4528478174296704,-0.526112886970453,5.565112768979748,4,0.08322887640053672,first_layer_corruption,first_layer_corruption|dataset=cifar10|metric=normalised_accuracy_auc,1.0,1.0,1.0,True,"exploratory_repair; inherited retrospective scope, not preregistered"
shared_downstream_repair_20260908,cifar10,standard,gaussian,kaiming,pca,mean_accuracy_drop,5,8.318667163451513,10.975667014718054,2.6569998512665425,2.5746268216991735,-0.5398215820471028,5.853821284580188,4,0.08224806292267456,first_layer_corruption,first_layer_corruption|dataset=cifar10|metric=mean_accuracy_drop,1.0,,,False,"exploratory_repair; inherited retrospective scope, not preregistered"
shared_downstream_repair_20260908,cifar10,standard,gaussian,kaiming,pca,mean_retention,5,0.7513770025087102,0.7158033976368208,-0.03557360487188954,0.07371145902382154,-0.1270984697968407,0.05595126005306163,2,0.3412532570813321,first_layer_corruption,first_layer_corruption|dataset=cifar10|metric=mean_retention,1.0,1.0,1.0,True,"exploratory_repair; inherited retrospective scope, not preregistered"
shared_downstream_repair_20260908,cifar10,standard,gaussian,kaiming,pca,mean_consistency,5,0.5825500021378198,0.533201664686203,-0.04934833745161692,0.019351050663263415,-0.07337584038760817,-0.025320834515625664,0,0.004674769136964064,first_layer_corruption,first_layer_corruption|dataset=cifar10|metric=mean_consistency,0.09086222495734429,,,False,"exploratory_repair; inherited retrospective scope, not preregistered"
shared_downstream_repair_20260908,cifar10,standard,gaussian,kaiming,pca,worst_accuracy,5,18.479333221912384,18.983999888102215,0.50466666618983,3.5854942069000018,-3.947312406286061,4.956645738665721,2,0.7686990414640436,first_layer_corruption,first_layer_corruption|dataset=cifar10|metric=worst_accuracy,1.0,,,False,"exploratory_repair; inherited retrospective scope, not preregistered"
shared_downstream_repair_20260908,cifar10,standard,gaussian,kaiming,kmeans,normalised_accuracy_auc,5,25.537500000662277,33.84566669662794,8.308166695965664,2.2049931250346324,5.57030611632335,11.046027275607978,5,0.0010866613677076899,first_layer_corruption,first_layer_corruption|dataset=cifar10|metric=normalised_accuracy_auc,0.031513179663523,0.2575387441467225,0.3336050398862608,True,"exploratory_repair; inherited retrospective scope, not preregistered"
shared_downstream_repair_20260908,cifar10,standard,gaussian,kaiming,kmeans,mean_accuracy_drop,5,8.318667163451513,0.7056667407353718,-7.613000422716141,2.308351194235405,-10.479196995808907,-4.746803849623374,0,0.0018019750879132638,first_layer_corruption,first_layer_corruption|dataset=cifar10|metric=mean_accuracy_drop,0.053517756146428425,,,False,"exploratory_repair; inherited retrospective scope, not preregistered"
shared_downstream_repair_20260908,cifar10,standard,gaussian,kaiming,kmeans,mean_retention,5,0.7513770025087102,0.9796308028345507,0.2282538003258404,0.06808413788603669,0.1437161774640077,0.31279142318767306,5,0.0016938775921036963,first_layer_corruption,first_layer_corruption|dataset=cifar10|metric=mean_retention,0.05081632776311089,0.38281633581543534,0.4980000120784867,True,"exploratory_repair; inherited retrospective scope, not preregistered"
shared_downstream_repair_20260908,cifar10,standard,gaussian,kaiming,kmeans,mean_consistency,5,0.5825500021378198,0.8743866662184396,0.2918366640806198,0.04106894503919644,0.2408428335812405,0.3428304945799991,5,9.169056297985221e-05,first_layer_corruption,first_layer_corruption|dataset=cifar10|metric=mean_consistency,0.003851003645153793,,,False,"exploratory_repair; inherited retrospective scope, not preregistered"
shared_downstream_repair_20260908,cifar10,standard,gaussian,kaiming,kmeans,worst_accuracy,5,18.479333221912384,32.64733374118804,14.168000519275665,3.1685438965930515,10.233733636147804,18.102267402403527,5,0.0005623351944357039,first_layer_corruption,first_layer_corruption|dataset=cifar10|metric=worst_accuracy,0.019119396610813934,,,False,"exploratory_repair; inherited retrospective scope, not preregistered"
shared_downstream_repair_20260908,cifar10,standard,gaussian,kaiming,di_wmf,normalised_accuracy_auc,5,25.537500000662277,33.858888894319534,8.32138889365726,2.2135730122821196,5.572874976911095,11.069902810403427,5,0.001096226536371958,first_layer_corruption,first_layer_corruption|dataset=cifar10|metric=normalised_accuracy_auc,0.031513179663523,0.2587094625837821,0.33544532012981915,True,"exploratory_repair; inherited retrospective scope, not preregistered"
shared_downstream_repair_20260908,cifar10,standard,gaussian,kaiming,di_wmf,mean_accuracy_drop,5,8.318667163451513,0.6655007104078929,-7.653166453043619,2.3323589877103594,-10.549172638970548,-4.75716026711669,0,0.0018368488338593024,first_layer_corruption,first_layer_corruption|dataset=cifar10|metric=mean_accuracy_drop,0.053517756146428425,,,False,"exploratory_repair; inherited retrospective scope, not preregistered"
shared_downstream_repair_20260908,cifar10,standard,gaussian,kaiming,di_wmf,mean_retention,5,0.7513770025087102,0.9807386115986553,0.229361609089945,0.06872324897167732,0.1440304250022194,0.31469279317767057,5,0.0017229236648604429,first_layer_corruption,first_layer_corruption|dataset=cifar10|metric=mean_retention,0.05081632776311089,0.38765782459359965,0.5048166338041098,True,"exploratory_repair; inherited retrospective scope, not preregistered"
shared_downstream_repair_20260908,cifar10,standard,gaussian,kaiming,di_wmf,mean_consistency,5,0.5825500021378198,0.8741616656382879,0.29161166350046797,0.04149209545494977,0.2400924223640228,0.34313090463691315,5,9.57679164754085e-05,first_layer_corruption,first_layer_corruption|dataset=cifar10|metric=mean_consistency,0.003926484575491748,,,False,"exploratory_repair; inherited retrospective scope, not preregistered"
shared_downstream_repair_20260908,cifar10,standard,gaussian,kaiming,di_wmf,worst_accuracy,5,18.479333221912384,32.701999743779496,14.222666521867117,3.198500207960269,10.251203965395598,18.194129078338634,5,0.0005745664420149229,first_layer_corruption,first_layer_corruption|dataset=cifar10|metric=worst_accuracy,0.019119396610813934,,,False,"exploratory_repair; inherited retrospective scope, not preregistered"
shared_downstream_repair_20260908,cifar10,standard,gaussian,kaiming,lowrank_wmf,normalised_accuracy_auc,5,25.537500000662277,31.876055565145286,6.338555564483011,2.0148781206622495,3.836753941288236,8.840357187677785,5,0.002152222298620105,first_layer_corruption,first_layer_corruption|dataset=cifar10|metric=normalised_accuracy_auc,0.05380555746550262,0.47779335029366327,0.6198400220025901,True,"exploratory_repair; inherited retrospective scope, not preregistered"
shared_downstream_repair_20260908,cifar10,standard,gaussian,kaiming,lowrank_wmf,mean_accuracy_drop,5,8.318667163451513,6.384666015704473,-1.9340011477470398,1.8890389721737455,-4.279552830699021,0.4115505352049422,1,0.08392269478880948,first_layer_corruption,first_layer_corruption|dataset=cifar10|metric=mean_accuracy_drop,1.0,,,False,"exploratory_repair; inherited retrospective scope, not preregistered"
shared_downstream_repair_20260908,cifar10,standard,gaussian,kaiming,lowrank_wmf,mean_retention,5,0.7513770025087102,0.8309429148495179,0.07956591234080754,0.058016582622036315,0.007528810400210903,0.15160301428140416,4,0.03741606488631105,first_layer_corruption,first_layer_corruption|dataset=cifar10|metric=mean_retention,0.748321297726221,1.0,1.0,True,"exploratory_repair; inherited retrospective scope, not preregistered"
shared_downstream_repair_20260908,cifar10,standard,gaussian,kaiming,lowrank_wmf,mean_consistency,5,0.5825500021378198,0.6373349964618683,0.054784994324048375,0.04808280621388649,-0.004917695084342713,0.11448768373243946,5,0.06345668590152807,first_layer_corruption,first_layer_corruption|dataset=cifar10|metric=mean_consistency,0.888393602621393,,,False,"exploratory_repair; inherited retrospective scope, not preregistered"
shared_downstream_repair_20260908,cifar10,standard,gaussian,kaiming,lowrank_wmf,worst_accuracy,5,18.479333221912384,22.3199999332428,3.8406667113304147,3.437313463451016,-0.4273216667778019,8.108655089438631,5,0.06687649467947311,first_layer_corruption,first_layer_corruption|dataset=cifar10|metric=worst_accuracy,1.0,,,False,"exploratory_repair; inherited retrospective scope, not preregistered"
shared_downstream_repair_20260908,cifar10,standard,occlusion,kaiming,random_stem,normalised_accuracy_auc,5,32.406277772453095,33.48083355360561,1.0745557811525153,0.5721841155287714,0.3640953645563766,1.785016197748654,5,0.013703389730230412,first_layer_corruption,first_layer_corruption|dataset=cifar10|metric=normalised_accuracy_auc,0.26036440487437784,1.0,1.0,True,"exploratory_repair; inherited retrospective scope, not preregistered"
shared_downstream_repair_20260908,cifar10,standard,occlusion,kaiming,random_stem,mean_accuracy_drop,5,1.0991671681404116,1.1859996616840363,0.08683249354362484,0.42915615213954805,-0.4460352501757093,0.619700237262959,2,0.6744102251053761,first_layer_corruption,first_layer_corruption|dataset=cifar10|metric=mean_accuracy_drop,1.0,,,False,"exploratory_repair; inherited retrospective scope, not preregistered"
shared_downstream_repair_20260908,cifar10,standard,occlusion,kaiming,random_stem,mean_retention,5,0.967279527788351,0.9657105921177257,-0.0015689356706254376,0.012652170070757527,-0.01727867974663623,0.014140808405385355,3,0.7953021366661648,first_layer_corruption,first_layer_corruption|dataset=cifar10|metric=mean_retention,1.0,1.0,1.0,True,"exploratory_repair; inherited retrospective scope, not preregistered"
shared_downstream_repair_20260908,cifar10,standard,occlusion,kaiming,random_stem,mean_consistency,5,0.8525999993085861,0.8383483310540516,-0.014251668254534411,0.004815089268091017,-0.020230391246860338,-0.008272945262208483,0,0.002702691574372749,first_layer_corruption,first_layer_corruption|dataset=cifar10|metric=mean_consistency,0.06486459778494598,,,False,"exploratory_repair; inherited retrospective scope, not preregistered"
shared_downstream_repair_20260908,cifar10,standard,occlusion,kaiming,random_stem,worst_accuracy,5,31.251333554585774,32.0246668656667,0.7733333110809326,0.7035425501618651,-0.10023014465952107,1.6468967668213863,5,0.06985019378720608,first_layer_corruption,first_layer_corruption|dataset=cifar10|metric=worst_accuracy,1.0,,,False,"exploratory_repair; inherited retrospective scope, not preregistered"
shared_downstream_repair_20260908,cifar10,standard,occlusion,kaiming,gabor,normalised_accuracy_auc,5,32.406277772453095,35.420611053705215,3.01433328125212,0.5000429957758813,2.3934478958432512,3.6352186666609887,5,0.00017526942517872695,first_layer_corruption,first_layer_corruption|dataset=cifar10|metric=normalised_accuracy_auc,0.007186046432327805,0.046972205947898825,0.06064322111183952,True,"exploratory_repair; inherited retrospective scope, not preregistered"
shared_downstream_repair_20260908,cifar10,standard,occlusion,kaiming,gabor,mean_accuracy_drop,5,1.0991671681404116,1.8953330318133035,0.7961658636728922,0.24076332441046833,0.49721871166456016,1.0951130156812243,5,0.0017839252048809475,first_layer_corruption,first_layer_corruption|dataset=cifar10|metric=mean_accuracy_drop,0.053517756146428425,,,False,"exploratory_repair; inherited retrospective scope, not preregistered"
shared_downstream_repair_20260908,cifar10,standard,occlusion,kaiming,gabor,mean_retention,5,0.967279527788351,0.9490586334871642,-0.018220894301186875,0.006112686852650651,-0.025810797498416665,-0.010630991103957085,0,0.0026323725818803876,first_layer_corruption,first_layer_corruption|dataset=cifar10|metric=mean_retention,0.07370643229265085,0.5738572228499245,0.7449614406721498,True,"exploratory_repair; inherited retrospective scope, not preregistered"
shared_downstream_repair_20260908,cifar10,standard,occlusion,kaiming,gabor,mean_consistency,5,0.8525999993085861,0.8224483340978622,-0.030151665210723898,0.007033626507586992,-0.03888506602200634,-0.021418264399441455,0,0.0006619293708077414,first_layer_corruption,first_layer_corruption|dataset=cifar10|metric=mean_consistency,0.02316752797827095,,,False,"exploratory_repair; inherited retrospective scope, not preregistered"
shared_downstream_repair_20260908,cifar10,standard,occlusion,kaiming,gabor,worst_accuracy,5,31.251333554585774,33.3353332678477,2.0839997132619232,0.4770356716475348,1.4916816939182271,2.6763177326056193,5,0.0006152849382676229,first_layer_corruption,first_layer_corruption|dataset=cifar10|metric=worst_accuracy,0.019689118024563933,,,False,"exploratory_repair; inherited retrospective scope, not preregistered"
shared_downstream_repair_20260908,cifar10,standard,occlusion,kaiming,pca,normalised_accuracy_auc,5,32.406277772453095,36.88433350788223,4.4780557354291295,0.8821263923020862,3.382751152242259,5.573360318616,5,0.00034342665650850324,first_layer_corruption,first_layer_corruption|dataset=cifar10|metric=normalised_accuracy_auc,0.013050212947323123,0.08894750403570234,0.11436107661733158,True,"exploratory_repair; inherited retrospective scope, not preregistered"
shared_downstream_repair_20260908,cifar10,standard,occlusion,kaiming,pca,mean_accuracy_drop,5,1.0991671681404116,1.8510000904401143,0.7518329222997029,0.4022952012313818,0.2523174542805575,1.2513483903188483,5,0.013930723319089976,first_layer_corruption,first_layer_corruption|dataset=cifar10|metric=mean_accuracy_drop,0.27861446638179954,,,False,"exploratory_repair; inherited retrospective scope, not preregistered"
shared_downstream_repair_20260908,cifar10,standard,occlusion,kaiming,pca,mean_retention,5,0.967279527788351,0.952085310983694,-0.01519421680465718,0.01040990095928162,-0.028119816050663996,-0.0022686175586503626,0,0.030971101767696067,first_layer_corruption,first_layer_corruption|dataset=cifar10|metric=mean_retention,0.6503931371216174,1.0,1.0,True,"exploratory_repair; inherited retrospective scope, not preregistered"
shared_downstream_repair_20260908,cifar10,standard,occlusion,kaiming,pca,mean_consistency,5,0.8525999993085861,0.8190000017484029,-0.03359999756018319,0.009958274930686798,-0.04596482902583207,-0.02123516609453431,0,0.0016533480858607608,first_layer_corruption,first_layer_corruption|dataset=cifar10|metric=mean_consistency,0.04133370214651902,,,False,"exploratory_repair; inherited retrospective scope, not preregistered"
shared_downstream_repair_20260908,cifar10,standard,occlusion,kaiming,pca,worst_accuracy,5,31.251333554585774,34.53466673692068,3.2833331823349012,0.6337414436011756,2.4964392476456405,4.070227117024162,5,0.00031719675534338035,first_layer_corruption,first_layer_corruption|dataset=cifar10|metric=worst_accuracy,0.013005066969078594,,,False,"exploratory_repair; inherited retrospective scope, not preregistered"
shared_downstream_repair_20260908,cifar10,standard,occlusion,kaiming,kmeans,normalised_accuracy_auc,5,32.406277772453095,32.51388877630234,0.1076110038492395,0.8636476931268378,-0.9647492438380874,1.1799712515365663,3,0.7943503815724199,first_layer_corruption,first_layer_corruption|dataset=cifar10|metric=normalised_accuracy_auc,1.0,1.0,1.0,True,"exploratory_repair; inherited retrospective scope, not preregistered"
shared_downstream_repair_20260908,cifar10,standard,occlusion,kaiming,kmeans,mean_accuracy_drop,5,1.0991671681404116,2.1543335417906446,1.055166373650233,0.22016375658190981,0.7817969633931786,1.3285357839072875,5,0.000429647374867297,first_layer_corruption,first_layer_corruption|dataset=cifar10|metric=mean_accuracy_drop,0.01847483711929377,,,False,"exploratory_repair; inherited retrospective scope, not preregistered"
shared_downstream_repair_20260908,cifar10,standard,occlusion,kaiming,kmeans,mean_retention,5,0.967279527788351,0.9376601937323821,-0.02961933405596895,0.005281228518045849,-0.0361768453731135,-0.0230618227388244,0,0.0002326275235783036,first_layer_corruption,first_layer_corruption|dataset=cifar10|metric=mean_retention,0.010933493608180269,0.06164629374825045,0.07909335801662322,True,"exploratory_repair; inherited retrospective scope, not preregistered"
shared_downstream_repair_20260908,cifar10,standard,occlusion,kaiming,kmeans,mean_consistency,5,0.8525999993085861,0.7921583394209544,-0.06044165988763173,0.013405807256291659,-0.07708716812462786,-0.04379615165063559,0,0.0005445967353464211,first_layer_corruption,first_layer_corruption|dataset=cifar10|metric=mean_consistency,0.01960548247247116,,,False,"exploratory_repair; inherited retrospective scope, not preregistered"
shared_downstream_repair_20260908,cifar10,standard,occlusion,kaiming,kmeans,worst_accuracy,5,31.251333554585774,29.968000451723736,-1.2833331028620385,0.8035723381912885,-2.281099945146581,-0.2855662605774959,0,0.023353193415489054,first_layer_corruption,first_layer_corruption|dataset=cifar10|metric=worst_accuracy,0.5137702551407592,,,False,"exploratory_repair; inherited retrospective scope, not preregistered"
shared_downstream_repair_20260908,cifar10,standard,occlusion,kaiming,di_wmf,normalised_accuracy_auc,5,32.406277772453095,32.52166681819492,0.11538904574182211,0.8189775190421941,-0.9015058549911079,1.132283946474752,3,0.7684755104740659,first_layer_corruption,first_layer_corruption|dataset=cifar10|metric=normalised_accuracy_auc,1.0,1.0,1.0,True,"exploratory_repair; inherited retrospective scope, not preregistered"
shared_downstream_repair_20260908,cifar10,standard,occlusion,kaiming,di_wmf,mean_accuracy_drop,5,1.0991671681404116,2.128000557422638,1.0288333892822266,0.21064246009572316,0.7672862300882941,1.290380548476159,5,0.0003991382291775844,first_layer_corruption,first_layer_corruption|dataset=cifar10|metric=mean_accuracy_drop,0.017562082083813713,,,False,"exploratory_repair; inherited retrospective scope, not preregistered"
shared_downstream_repair_20260908,cifar10,standard,occlusion,kaiming,di_wmf,mean_retention,5,0.967279527788351,0.9383411154924394,-0.028938412295911632,0.005462938554899361,-0.03572154642392947,-0.022155278167893797,0,0.0002908428741892457,first_layer_corruption,first_layer_corruption|dataset=cifar10|metric=mean_retention,0.013378772212705302,0.07590999016339313,0.09772320572758655,True,"exploratory_repair; inherited retrospective scope, not preregistered"
shared_downstream_repair_20260908,cifar10,standard,occlusion,kaiming,di_wmf,mean_consistency,5,0.8525999993085861,0.7915316681067149,-0.06106833120187123,0.013017853637621256,-0.07723213139759146,-0.04490453100615101,0,0.0004669166296892868,first_layer_corruption,first_layer_corruption|dataset=cifar10|metric=mean_consistency,0.017275915298503614,,,False,"exploratory_repair; inherited retrospective scope, not preregistered"
shared_downstream_repair_20260908,cifar10,standard,occlusion,kaiming,di_wmf,worst_accuracy,5,31.251333554585774,29.938666820526123,-1.3126667340596512,0.7562164753617108,-2.2516335063648314,-0.37369996175447107,0,0.017819422748584956,first_layer_corruption,first_layer_corruption|dataset=cifar10|metric=worst_accuracy,0.4276661459660389,,,False,"exploratory_repair; inherited retrospective scope, not preregistered"
shared_downstream_repair_20260908,cifar10,standard,occlusion,kaiming,lowrank_wmf,normalised_accuracy_auc,5,32.406277772453095,35.67733325892025,3.27105548646715,0.3358153328125699,2.8540856776689667,3.6880252952653336,5,2.628954906745986e-05,first_layer_corruption,first_layer_corruption|dataset=cifar10|metric=normalised_accuracy_auc,0.0012356088061706134,0.00741365283702368,0.009648264507757768,True,"exploratory_repair; inherited retrospective scope, not preregistered"
shared_downstream_repair_20260908,cifar10,standard,occlusion,kaiming,lowrank_wmf,mean_accuracy_drop,5,1.0991671681404116,2.225666046142578,1.1264988780021665,0.18712920046370768,0.8941472867737256,1.3588504692306076,5,0.00017621474202895727,first_layer_corruption,first_layer_corruption|dataset=cifar10|metric=mean_accuracy_drop,0.00845830761738995,,,False,"exploratory_repair; inherited retrospective scope, not preregistered"
shared_downstream_repair_20260908,cifar10,standard,occlusion,kaiming,lowrank_wmf,mean_retention,5,0.967279527788351,0.9411540118619459,-0.026125515926405263,0.003982672705989709,-0.03107065724206145,-0.021180374610749078,0,0.00012569321280954035,first_layer_corruption,first_layer_corruption|dataset=cifar10|metric=mean_retention,0.006033274214857937,0.034062860671385434,0.04386693127052958,True,"exploratory_repair; inherited retrospective scope, not preregistered"
shared_downstream_repair_20260908,cifar10,standard,occlusion,kaiming,lowrank_wmf,mean_consistency,5,0.8525999993085861,0.7980300029118855,-0.05456999639670055,0.0032494728391380383,-0.05860474983419922,-0.05053524295920188,0,3.0032862363971684e-06,first_layer_corruption,first_layer_corruption|dataset=cifar10|metric=mean_consistency,0.00014415773934706408,,,False,"exploratory_repair; inherited retrospective scope, not preregistered"
shared_downstream_repair_20260908,cifar10,standard,occlusion,kaiming,lowrank_wmf,worst_accuracy,5,31.251333554585774,32.924000223477684,1.672666668891908,0.3243315388805275,1.2699558735819327,2.0753774642018836,5,0.00032289913805022444,first_layer_corruption,first_layer_corruption|dataset=cifar10|metric=worst_accuracy,0.013005066969078594,,,False,"exploratory_repair; inherited retrospective scope, not preregistered"
shared_downstream_repair_20260908,cifar10,standard,rotation,kaiming,random_stem,normalised_accuracy_auc,5,32.66577786869473,33.67044453819592,1.0046666695011965,0.45083355108958373,0.44488287993090314,1.56445045907149,5,0.007581192786162977,first_layer_corruption,first_layer_corruption|dataset=cifar10|metric=normalised_accuracy_auc,0.1667862412955855,1.0,1.0,True,"exploratory_repair; inherited retrospective scope, not preregistered"
shared_downstream_repair_20260908,cifar10,standard,rotation,kaiming,random_stem,mean_accuracy_drop,5,0.8078337709108989,0.9639997780323029,0.156166007121404,0.19713223228178875,-0.08860598858843496,0.4009380028312429,4,0.15119452666112448,first_layer_corruption,first_layer_corruption|dataset=cifar10|metric=mean_accuracy_drop,1.0,,,False,"exploratory_repair; inherited retrospective scope, not preregistered"
shared_downstream_repair_20260908,cifar10,standard,rotation,kaiming,random_stem,mean_retention,5,0.975884418640347,0.9721446569699225,-0.0037397616704245794,0.005907617769617881,-0.01107503797010792,0.003595514629258762,1,0.22984387777907628,first_layer_corruption,first_layer_corruption|dataset=cifar10|metric=mean_retention,1.0,1.0,1.0,True,"exploratory_repair; inherited retrospective scope, not preregistered"
shared_downstream_repair_20260908,cifar10,standard,rotation,kaiming,random_stem,mean_consistency,5,0.8929366648197175,0.8866366654634475,-0.006299999356269836,0.009568393267992454,-0.018180728797791326,0.005580730085251655,1,0.21493021277862445,first_layer_corruption,first_layer_corruption|dataset=cifar10|metric=mean_consistency,1.0,,,False,"exploratory_repair; inherited retrospective scope, not preregistered"
shared_downstream_repair_20260908,cifar10,standard,rotation,kaiming,random_stem,worst_accuracy,5,31.87599976857503,32.77399996916453,0.8980002005894967,0.6919040008319457,0.03888791254332247,1.7571124886356708,5,0.04402421689198733,first_layer_corruption,first_layer_corruption|dataset=cifar10|metric=worst_accuracy,0.8804843378397466,,,False,"exploratory_repair; inherited retrospective scope, not preregistered"
shared_downstream_repair_20260908,cifar10,standard,rotation,kaiming,gabor,normalised_accuracy_auc,5,32.66577786869473,35.78538859883945,3.119610730144713,0.7818155214782525,2.1488585438882652,4.090362916401161,5,0.0008723799819442152,first_layer_corruption,first_layer_corruption|dataset=cifar10|metric=normalised_accuracy_auc,0.02704377944027067,0.2119883356124443,0.2730549343485394,True,"exploratory_repair; inherited retrospective scope, not preregistered"
shared_downstream_repair_20260908,cifar10,standard,rotation,kaiming,gabor,mean_accuracy_drop,5,0.8078337709108989,1.4309998850027719,0.6231661140918732,0.260033851546085,0.3002914423128372,0.9460407858709091,5,0.005851437819097994,first_layer_corruption,first_layer_corruption|dataset=cifar10|metric=mean_accuracy_drop,0.15213738329654786,,,False,"exploratory_repair; inherited retrospective scope, not preregistered"
shared_downstream_repair_20260908,cifar10,standard,rotation,kaiming,gabor,mean_retention,5,0.975884418640347,0.9615084866924418,-0.014375931947905185,0.007473681685597371,-0.023655733430946263,-0.005096130464864106,0,0.012633938306397457,first_layer_corruption,first_layer_corruption|dataset=cifar10|metric=mean_retention,0.3158484576599364,1.0,1.0,True,"exploratory_repair; inherited retrospective scope, not preregistered"
shared_downstream_repair_20260908,cifar10,standard,rotation,kaiming,gabor,mean_consistency,5,0.8929366648197175,0.8614366670449576,-0.03149999777475989,0.008889884064858177,-0.04253824676629962,-0.020461748783220157,0,0.0013733622277519457,first_layer_corruption,first_layer_corruption|dataset=cifar10|metric=mean_consistency,0.037080780149302536,,,False,"exploratory_repair; inherited retrospective scope, not preregistered"
shared_downstream_repair_20260908,cifar10,standard,rotation,kaiming,gabor,worst_accuracy,5,31.87599976857503,34.58933333555857,2.7133335669835397,0.8545696874672275,1.6522451520992407,3.774421981867839,5,0.0020788627948718414,first_layer_corruption,first_layer_corruption|dataset=cifar10|metric=worst_accuracy,0.060287021051283404,,,False,"exploratory_repair; inherited retrospective scope, not preregistered"
shared_downstream_repair_20260908,cifar10,standard,rotation,kaiming,pca,normalised_accuracy_auc,5,32.66577786869473,36.86727782090505,4.201499952210318,0.893140975642042,3.092518957435009,5.310480946985626,5,0.0004619018048030208,first_layer_corruption,first_layer_corruption|dataset=cifar10|metric=normalised_accuracy_auc,0.01662846497290875,0.11732305841996728,0.1505799883657848,True,"exploratory_repair; inherited retrospective scope, not preregistered"
shared_downstream_repair_20260908,cifar10,standard,rotation,kaiming,pca,mean_accuracy_drop,5,0.8078337709108989,1.8353336056073506,1.027499834696452,0.4292866362160077,0.494470073597039,1.560529595795865,5,0.005877592185583911,first_layer_corruption,first_layer_corruption|dataset=cifar10|metric=mean_accuracy_drop,0.15213738329654786,,,False,"exploratory_repair; inherited retrospective scope, not preregistered"
shared_downstream_repair_20260908,cifar10,standard,rotation,kaiming,pca,mean_retention,5,0.975884418640347,0.9525190458939411,-0.023365372746405978,0.010071437944125397,-0.03587071465176982,-0.010860030841042138,0,0.006571889079614713,first_layer_corruption,first_layer_corruption|dataset=cifar10|metric=mean_retention,0.17744100514959726,1.0,1.0,True,"exploratory_repair; inherited retrospective scope, not preregistered"
shared_downstream_repair_20260908,cifar10,standard,rotation,kaiming,pca,mean_consistency,5,0.8929366648197175,0.8153083344300587,-0.07762833038965859,0.00849242520672987,-0.08817306902629324,-0.06708359175302395,0,3.383440741816964e-05,first_layer_corruption,first_layer_corruption|dataset=cifar10|metric=mean_consistency,0.0014548795189812944,,,False,"exploratory_repair; inherited retrospective scope, not preregistered"
shared_downstream_repair_20260908,cifar10,standard,rotation,kaiming,pca,worst_accuracy,5,31.87599976857503,35.98133325576782,4.105333487192789,0.8796161989263648,3.0131457207490815,5.197521253636497,5,0.00047628148753121446,first_layer_corruption,first_layer_corruption|dataset=cifar10|metric=worst_accuracy,0.01714613355112372,,,False,"exploratory_repair; inherited retrospective scope, not preregistered"
shared_downstream_repair_20260908,cifar10,standard,rotation,kaiming,kmeans,normalised_accuracy_auc,5,32.66577786869473,33.23477789759635,0.5690000289016275,1.05360117407628,-0.7392186174141064,1.8772186752173614,3,0.2937218469192842,first_layer_corruption,first_layer_corruption|dataset=cifar10|metric=normalised_accuracy_auc,1.0,1.0,1.0,True,"exploratory_repair; inherited retrospective scope, not preregistered"
shared_downstream_repair_20260908,cifar10,standard,rotation,kaiming,kmeans,mean_accuracy_drop,5,0.8078337709108989,1.355500022570292,0.5476662516593933,0.11873216578165786,0.40024079597954787,0.6950917073392388,5,0.000498520794698528,first_layer_corruption,first_layer_corruption|dataset=cifar10|metric=mean_accuracy_drop,0.02043935258263965,,,False,"exploratory_repair; inherited retrospective scope, not preregistered"
shared_downstream_repair_20260908,cifar10,standard,rotation,kaiming,kmeans,mean_retention,5,0.975884418640347,0.9607118842817938,-0.015172534358553147,0.0035458462894671678,-0.019575284039348932,-0.010769784677757362,0,0.0006666163767113773,first_layer_corruption,first_layer_corruption|dataset=cifar10|metric=mean_retention,0.02733127144516647,0.16665409417784433,0.21398385692435212,True,"exploratory_repair; inherited retrospective scope, not preregistered"
shared_downstream_repair_20260908,cifar10,standard,rotation,kaiming,kmeans,mean_consistency,5,0.8929366648197175,0.8526316662629446,-0.04030499855677283,0.010811458635374242,-0.05372919751238622,-0.02688079960115944,0,0.0011317623581249493,first_layer_corruption,first_layer_corruption|dataset=cifar10|metric=mean_consistency,0.03395287074374848,,,False,"exploratory_repair; inherited retrospective scope, not preregistered"
shared_downstream_repair_20260908,cifar10,standard,rotation,kaiming,kmeans,worst_accuracy,5,31.87599976857503,31.64466679096222,-0.23133297761281285,1.1561134273299822,-1.6668373981684155,1.2041714429427899,3,0.6777272191637755,first_layer_corruption,first_layer_corruption|dataset=cifar10|metric=worst_accuracy,1.0,,,False,"exploratory_repair; inherited retrospective scope, not preregistered"
shared_downstream_repair_20260908,cifar10,standard,rotation,kaiming,di_wmf,normalised_accuracy_auc,5,32.66577786869473,33.249222271972236,0.5834444032775046,1.0217559087660604,-0.6852331235892823,1.8521219301442915,3,0.2707439153402338,first_layer_corruption,first_layer_corruption|dataset=cifar10|metric=normalised_accuracy_auc,1.0,1.0,1.0,True,"exploratory_repair; inherited retrospective scope, not preregistered"
shared_downstream_repair_20260908,cifar10,standard,rotation,kaiming,di_wmf,mean_accuracy_drop,5,0.8078337709108989,1.3235006233056388,0.5156668523947399,0.10405995229476785,0.3864593559755255,0.6448743488139542,5,0.0003772670412505524,first_layer_corruption,first_layer_corruption|dataset=cifar10|metric=mean_accuracy_drop,0.01735428389752541,,,False,"exploratory_repair; inherited retrospective scope, not preregistered"
shared_downstream_repair_20260908,cifar10,standard,rotation,kaiming,di_wmf,mean_retention,5,0.975884418640347,0.9615758825917124,-0.014308536048634645,0.003595077254511587,-0.018772414046322912,-0.009844658050946377,0,0.0008809770379101863,first_layer_corruption,first_layer_corruption|dataset=cifar10|metric=mean_retention,0.033477127440587076,0.2131964431742651,0.2748648358279781,True,"exploratory_repair; inherited retrospective scope, not preregistered"
shared_downstream_repair_20260908,cifar10,standard,rotation,kaiming,di_wmf,mean_consistency,5,0.8929366648197175,0.8519000033537548,-0.0410366614659627,0.011084862779876858,-0.05480033650476469,-0.02727298642716071,0,0.001162336024358787,first_layer_corruption,first_layer_corruption|dataset=cifar10|metric=mean_consistency,0.03395287074374848,,,False,"exploratory_repair; inherited retrospective scope, not preregistered"
shared_downstream_repair_20260908,cifar10,standard,rotation,kaiming,di_wmf,worst_accuracy,5,31.87599976857503,31.624666849772137,-0.2513329188028969,1.0662981748708618,-1.5753169738904274,1.0726511362846338,3,0.6260327425741762,first_layer_corruption,first_layer_corruption|dataset=cifar10|metric=worst_accuracy,1.0,,,False,"exploratory_repair; inherited retrospective scope, not preregistered"
shared_downstream_repair_20260908,cifar10,standard,rotation,kaiming,lowrank_wmf,normalised_accuracy_auc,5,32.66577786869473,35.76905558506648,3.1032777163717498,0.5178073222234195,2.460335006360634,3.7462204263828656,5,0.00017932838881470166,first_layer_corruption,first_layer_corruption|dataset=cifar10|metric=normalised_accuracy_auc,0.007186046432327805,0.04788067981352534,0.06186829414107207,True,"exploratory_repair; inherited retrospective scope, not preregistered"
shared_downstream_repair_20260908,cifar10,standard,rotation,kaiming,lowrank_wmf,mean_accuracy_drop,5,0.8078337709108989,2.07683265209198,1.268998881181081,0.3388824538572852,0.8482207386035416,1.6897770237586205,5,0.00111264331888534,first_layer_corruption,first_layer_corruption|dataset=cifar10|metric=mean_accuracy_drop,0.04116780279875758,,,False,"exploratory_repair; inherited retrospective scope, not preregistered"
shared_downstream_repair_20260908,cifar10,standard,rotation,kaiming,lowrank_wmf,mean_retention,5,0.975884418640347,0.9450555670408323,-0.030828851599514852,0.008755435015755996,-0.04170016004719168,-0.019957543151838026,0,0.0014066096627050413,first_layer_corruption,first_layer_corruption|dataset=cifar10|metric=mean_retention,0.04360489954385628,0.32070700309674943,0.4163564601606922,True,"exploratory_repair; inherited retrospective scope, not preregistered"
shared_downstream_repair_20260908,cifar10,standard,rotation,kaiming,lowrank_wmf,mean_consistency,5,0.8929366648197175,0.8203516691923142,-0.07258499562740324,0.013902339118969846,-0.08984702960224794,-0.055322961652558546,0,0.00030776977508179687,first_layer_corruption,first_layer_corruption|dataset=cifar10|metric=mean_consistency,0.01169525145310828,,,False,"exploratory_repair; inherited retrospective scope, not preregistered"
shared_downstream_repair_20260908,cifar10,standard,rotation,kaiming,lowrank_wmf,worst_accuracy,5,31.87599976857503,33.71799985567729,1.8420000871022544,0.7779197069747481,0.8760851934584881,2.8079149807460206,5,0.006109101445781182,first_layer_corruption,first_layer_corruption|dataset=cifar10|metric=worst_accuracy,0.16494573903609192,,,False,"exploratory_repair; inherited retrospective scope, not preregistered"
shared_downstream_repair_20260908,cifar10,standard,salt_pepper,kaiming,random_stem,normalised_accuracy_auc,5,21.26211111744245,22.92133333782355,1.659222220381102,2.089953440163801,-0.935797724192394,4.254242164954598,4,0.15052005238403585,first_layer_corruption,first_layer_corruption|dataset=cifar10|metric=normalised_accuracy_auc,1.0,1.0,1.0,True,"exploratory_repair; inherited retrospective scope, not preregistered"
shared_downstream_repair_20260908,cifar10,standard,salt_pepper,kaiming,random_stem,mean_accuracy_drop,5,13.015833819905916,12.437166571617126,-0.5786672482887905,2.281135981114918,-3.4110716710464057,2.2537371744688253,3,0.6008738650020422,first_layer_corruption,first_layer_corruption|dataset=cifar10|metric=mean_accuracy_drop,1.0,,,False,"exploratory_repair; inherited retrospective scope, not preregistered"
shared_downstream_repair_20260908,cifar10,standard,salt_pepper,kaiming,random_stem,mean_retention,5,0.6108635208854822,0.6420522832718003,0.03118876238631796,0.06737276050472571,-0.05246556879200441,0.11484309356464033,3,0.35907855259298693,first_layer_corruption,first_layer_corruption|dataset=cifar10|metric=mean_retention,1.0,1.0,1.0,True,"exploratory_repair; inherited retrospective scope, not preregistered"
shared_downstream_repair_20260908,cifar10,standard,salt_pepper,kaiming,random_stem,mean_consistency,5,0.4222316692272822,0.42596000010768564,0.0037283308804035185,0.08818442640933576,-0.10576709659431792,0.11322375835512495,2,0.929228024908332,first_layer_corruption,first_layer_corruption|dataset=cifar10|metric=mean_consistency,1.0,,,False,"exploratory_repair; inherited retrospective scope, not preregistered"
shared_downstream_repair_20260908,cifar10,standard,salt_pepper,kaiming,random_stem,worst_accuracy,5,15.70733338594437,17.252666751543682,1.545333365599315,1.588760114043938,-0.4273728697911492,3.5180396009897787,5,0.09528120747584067,first_layer_corruption,first_layer_corruption|dataset=cifar10|metric=worst_accuracy,1.0,,,False,"exploratory_repair; inherited retrospective scope, not preregistered"
shared_downstream_repair_20260908,cifar10,standard,salt_pepper,kaiming,gabor,normalised_accuracy_auc,5,21.26211111744245,17.410666570067406,-3.851444547375042,3.37231877872175,-8.038731365380325,0.3358422706302413,0,0.06305356710377177,first_layer_corruption,first_layer_corruption|dataset=cifar10|metric=normalised_accuracy_auc,0.9458035065565766,1.0,1.0,True,"exploratory_repair; inherited retrospective scope, not preregistered"
shared_downstream_repair_20260908,cifar10,standard,salt_pepper,kaiming,gabor,mean_accuracy_drop,5,13.015833819905916,21.11333296944698,8.097499149541061,3.3844605090112982,3.895136382159346,12.299861916922776,5,0.005885998272253088,first_layer_corruption,first_layer_corruption|dataset=cifar10|metric=mean_accuracy_drop,0.15213738329654786,,,False,"exploratory_repair; inherited retrospective scope, not preregistered"
shared_downstream_repair_20260908,cifar10,standard,salt_pepper,kaiming,gabor,mean_retention,5,0.6108635208854822,0.43130847030106356,-0.1795550505844187,0.10435413245073355,-0.30912781991228167,-0.04998228125655571,0,0.01834246749645499,first_layer_corruption,first_layer_corruption|dataset=cifar10|metric=mean_retention,0.4218767524184648,1.0,1.0,True,"exploratory_repair; inherited retrospective scope, not preregistered"
shared_downstream_repair_20260908,cifar10,standard,salt_pepper,kaiming,gabor,mean_consistency,5,0.4222316692272822,0.16987666692584752,-0.25235500230143465,0.07140387068156874,-0.34101461785913584,-0.16369538674373346,0,0.0013869363713181482,first_layer_corruption,first_layer_corruption|dataset=cifar10|metric=mean_consistency,0.037080780149302536,,,False,"exploratory_repair; inherited retrospective scope, not preregistered"
shared_downstream_repair_20260908,cifar10,standard,salt_pepper,kaiming,gabor,worst_accuracy,5,15.70733338594437,11.83266669511795,-3.874666690826416,3.4395724332996274,-8.14545995046868,0.3961265688158493,0,0.06543181641750476,first_layer_corruption,first_layer_corruption|dataset=cifar10|metric=worst_accuracy,1.0,,,False,"exploratory_repair; inherited retrospective scope, not preregistered"
shared_downstream_repair_20260908,cifar10,standard,salt_pepper,kaiming,pca,normalised_accuracy_auc,5,21.26211111744245,22.52616670396593,1.2640555865234824,2.942790755227512,-2.3899017484893843,4.9180129215363495,4,0.39120142882214226,first_layer_corruption,first_layer_corruption|dataset=cifar10|metric=normalised_accuracy_auc,1.0,1.0,1.0,True,"exploratory_repair; inherited retrospective scope, not preregistered"
shared_downstream_repair_20260908,cifar10,standard,salt_pepper,kaiming,pca,mean_accuracy_drop,5,13.015833819905916,17.110500211517014,4.094666391611099,3.279632958295918,0.022464219972551547,8.166868563249647,5,0.049223465955684484,first_layer_corruption,first_layer_corruption|dataset=cifar10|metric=mean_accuracy_drop,0.8367989212466362,,,False,"exploratory_repair; inherited retrospective scope, not preregistered"
shared_downstream_repair_20260908,cifar10,standard,salt_pepper,kaiming,pca,mean_retention,5,0.6108635208854822,0.5568947884638764,-0.053968732421605735,0.09250234678953174,-0.16882556617952685,0.06088810133631537,1,0.26202853145934896,first_layer_corruption,first_layer_corruption|dataset=cifar10|metric=mean_retention,1.0,1.0,1.0,True,"exploratory_repair; inherited retrospective scope, not preregistered"
shared_downstream_repair_20260908,cifar10,standard,salt_pepper,kaiming,pca,mean_consistency,5,0.4222316692272822,0.3657149995366732,-0.05651666969060898,0.030197652682381865,-0.09401200785658387,-0.01902133152463409,0,0.013863039707570371,first_layer_corruption,first_layer_corruption|dataset=cifar10|metric=mean_consistency,0.2356716750286963,,,False,"exploratory_repair; inherited retrospective scope, not preregistered"
shared_downstream_repair_20260908,cifar10,standard,salt_pepper,kaiming,pca,worst_accuracy,5,15.70733338594437,16.221333344777424,0.5139999588330582,2.760148182358403,-2.9131766689089282,3.941176586575045,3,0.6984872411190306,first_layer_corruption,first_layer_corruption|dataset=cifar10|metric=worst_accuracy,1.0,,,False,"exploratory_repair; inherited retrospective scope, not preregistered"
shared_downstream_repair_20260908,cifar10,standard,salt_pepper,kaiming,kmeans,normalised_accuracy_auc,5,21.26211111744245,32.81800011793773,11.555889000495277,2.747681581683864,8.144191701990849,14.967586298999706,5,0.0007125491424307182,first_layer_corruption,first_layer_corruption|dataset=cifar10|metric=normalised_accuracy_auc,0.023514121700213702,0.17599963818038739,0.2265906272929684,True,"exploratory_repair; inherited retrospective scope, not preregistered"
shared_downstream_repair_20260908,cifar10,standard,salt_pepper,kaiming,kmeans,mean_accuracy_drop,5,13.015833819905916,1.8209999799728394,-11.194833839933077,2.9974799055642976,-14.916696724011484,-7.47297095585467,0,0.0011239605428656247,first_layer_corruption,first_layer_corruption|dataset=cifar10|metric=mean_accuracy_drop,0.04116780279875758,,,False,"exploratory_repair; inherited retrospective scope, not preregistered"
shared_downstream_repair_20260908,cifar10,standard,salt_pepper,kaiming,kmeans,mean_retention,5,0.6108635208854822,0.947410935006306,0.3365474141208239,0.08890332708249808,0.22615935356195235,0.4469354746796954,5,0.0010674150914795847,first_layer_corruption,first_layer_corruption|dataset=cifar10|metric=mean_retention,0.037359528201785466,0.2540447917721412,0.3287638481757121,True,"exploratory_repair; inherited retrospective scope, not preregistered"
shared_downstream_repair_20260908,cifar10,standard,salt_pepper,kaiming,kmeans,mean_consistency,5,0.4222316692272822,0.8011450012524923,0.37891333202521005,0.038841843794545215,0.33068481296166896,0.42714185108875113,5,2.6133084305616906e-05,first_layer_corruption,first_layer_corruption|dataset=cifar10|metric=mean_consistency,0.0012021218780583777,,,False,"exploratory_repair; inherited retrospective scope, not preregistered"
shared_downstream_repair_20260908,cifar10,standard,salt_pepper,kaiming,kmeans,worst_accuracy,5,15.70733338594437,30.664000312487282,14.956666926542919,2.7223750669382527,11.576391816318129,18.33694203676771,5,0.0002521847598338826,first_layer_corruption,first_layer_corruption|dataset=cifar10|metric=worst_accuracy,0.011096129432690834,,,False,"exploratory_repair; inherited retrospective scope, not preregistered"
shared_downstream_repair_20260908,cifar10,standard,salt_pepper,kaiming,di_wmf,normalised_accuracy_auc,5,21.26211111744245,32.82816661728753,11.56605549984508,2.7561678127915474,8.143821153693803,14.988289845996356,5,0.000718630361875428,first_layer_corruption,first_layer_corruption|dataset=cifar10|metric=normalised_accuracy_auc,0.023514121700213702,0.1767830690213553,0.22780582471451066,True,"exploratory_repair; inherited retrospective scope, not preregistered"
shared_downstream_repair_20260908,cifar10,standard,salt_pepper,kaiming,di_wmf,mean_accuracy_drop,5,13.015833819905916,1.7870007455348969,-11.22883307437102,3.0359844329721875,-14.998505643899653,-7.4591605048423855,0,0.001166495749022167,first_layer_corruption,first_layer_corruption|dataset=cifar10|metric=mean_accuracy_drop,0.04116780279875758,,,False,"exploratory_repair; inherited retrospective scope, not preregistered"
shared_downstream_repair_20260908,cifar10,standard,salt_pepper,kaiming,di_wmf,mean_retention,5,0.6108635208854822,0.9483477425998312,0.3374842217143491,0.09000690944415796,0.2257258826679518,0.4492425607607464,5,0.001107123160501122,first_layer_corruption,first_layer_corruption|dataset=cifar10|metric=mean_retention,0.037642187457038144,0.2601739427177637,0.3376725639528422,True,"exploratory_repair; inherited retrospective scope, not preregistered"
shared_downstream_repair_20260908,cifar10,standard,salt_pepper,kaiming,di_wmf,mean_consistency,5,0.4222316692272822,0.8011733303467434,0.3789416611194611,0.039239299845371715,0.3302196351867405,0.42766368705218166,5,2.7203401545759087e-05,first_layer_corruption,first_layer_corruption|dataset=cifar10|metric=mean_consistency,0.001224153069559159,,,False,"exploratory_repair; inherited retrospective scope, not preregistered"
shared_downstream_repair_20260908,cifar10,standard,salt_pepper,kaiming,di_wmf,worst_accuracy,5,15.70733338594437,30.66999991734823,14.962666531403858,2.7560626562247634,11.540562754375733,18.384770308431985,5,0.0002642020960897375,first_layer_corruption,first_layer_corruption|dataset=cifar10|metric=worst_accuracy,0.011360690131858713,,,False,"exploratory_repair; inherited retrospective scope, not preregistered"
shared_downstream_repair_20260908,cifar10,standard,salt_pepper,kaiming,lowrank_wmf,normalised_accuracy_auc,5,21.26211111744245,26.7807777888245,5.518666671382056,2.7342436850588787,2.1236547253284552,8.913678617435657,5,0.010714044016406105,first_layer_corruption,first_layer_corruption|dataset=cifar10|metric=normalised_accuracy_auc,0.2142808803281221,1.0,1.0,True,"exploratory_repair; inherited retrospective scope, not preregistered"
shared_downstream_repair_20260908,cifar10,standard,salt_pepper,kaiming,lowrank_wmf,mean_accuracy_drop,5,13.015833819905916,11.610832636555037,-1.4050011833508809,2.6620266389658367,-4.71034382321413,1.9003414565123682,1,0.30331762378888183,first_layer_corruption,first_layer_corruption|dataset=cifar10|metric=mean_accuracy_drop,1.0,,,False,"exploratory_repair; inherited retrospective scope, not preregistered"
shared_downstream_repair_20260908,cifar10,standard,salt_pepper,kaiming,lowrank_wmf,mean_retention,5,0.6108635208854822,0.6922469255689124,0.0813834046834303,0.08131897260903725,-0.01958743597612926,0.18235424534298988,4,0.08883455016869005,first_layer_corruption,first_layer_corruption|dataset=cifar10|metric=mean_retention,1.0,1.0,1.0,True,"exploratory_repair; inherited retrospective scope, not preregistered"
shared_downstream_repair_20260908,cifar10,standard,salt_pepper,kaiming,lowrank_wmf,mean_consistency,5,0.4222316692272822,0.4550816662609577,0.032849997033675506,0.0547556635997374,-0.03513813915587475,0.10083813322322577,3,0.25085650834712575,first_layer_corruption,first_layer_corruption|dataset=cifar10|metric=mean_consistency,1.0,,,False,"exploratory_repair; inherited retrospective scope, not preregistered"
shared_downstream_repair_20260908,cifar10,standard,salt_pepper,kaiming,lowrank_wmf,worst_accuracy,5,15.70733338594437,17.4793333808581,1.771999994913737,3.836613313194695,-2.991784631109377,6.535784620936852,3,0.3600643525912723,first_layer_corruption,first_layer_corruption|dataset=cifar10|metric=worst_accuracy,1.0,,,False,"exploratory_repair; inherited retrospective scope, not preregistered"
shared_downstream_repair_20260908,cifar10,standard,translation,kaiming,random_stem,normalised_accuracy_auc,5,30.20955579148399,30.96533328294754,0.7557774914635544,0.5099965589599437,0.12253312499518909,1.3890218579319198,5,0.0295523105075086,first_layer_corruption,first_layer_corruption|dataset=cifar10|metric=normalised_accuracy_auc,0.5023892786276462,1.0,1.0,True,"exploratory_repair; inherited retrospective scope, not preregistered"
shared_downstream_repair_20260908,cifar10,standard,translation,kaiming,random_stem,mean_accuracy_drop,5,3.405666947364807,3.8111666341622668,0.4054996867974598,0.27613776546048,0.06262936488074689,0.7483700087141727,5,0.030397807326792817,first_layer_corruption,first_layer_corruption|dataset=cifar10|metric=mean_accuracy_drop,0.5471605318822708,,,False,"exploratory_repair; inherited retrospective scope, not preregistered"
shared_downstream_repair_20260908,cifar10,standard,translation,kaiming,random_stem,mean_retention,5,0.8985103136069196,0.890104124448363,-0.008406189158556666,0.008738768474269848,-0.019256803361695572,0.0024444250445822425,1,0.09787526426457599,first_layer_corruption,first_layer_corruption|dataset=cifar10|metric=mean_retention,1.0,1.0,1.0,True,"exploratory_repair; inherited retrospective scope, not preregistered"
shared_downstream_repair_20260908,cifar10,standard,translation,kaiming,random_stem,mean_consistency,5,0.726065002878507,0.709429998199145,-0.016635004679361944,0.020167294376519113,-0.04167600804786295,0.008405998689139067,1,0.13888448594920455,first_layer_corruption,first_layer_corruption|dataset=cifar10|metric=mean_consistency,1.0,,,False,"exploratory_repair; inherited retrospective scope, not preregistered"
shared_downstream_repair_20260908,cifar10,standard,translation,kaiming,random_stem,worst_accuracy,5,27.255999843279522,27.87933309872945,0.6233332554499306,0.6566960526907297,-0.19206259093867062,1.4387291018385318,5,0.10106098358854423,first_layer_corruption,first_layer_corruption|dataset=cifar10|metric=worst_accuracy,1.0,,,False,"exploratory_repair; inherited retrospective scope, not preregistered"
shared_downstream_repair_20260908,cifar10,standard,translation,kaiming,gabor,normalised_accuracy_auc,5,30.20955579148399,32.51250010397699,2.302944312493003,0.512937391207765,1.6660484204977613,2.9398402044882452,5,0.0005535295367297147,first_layer_corruption,first_layer_corruption|dataset=cifar10|metric=normalised_accuracy_auc,0.0188200042488103,0.1394894432558881,0.17879004036369783,True,"exploratory_repair; inherited retrospective scope, not preregistered"
shared_downstream_repair_20260908,cifar10,standard,translation,kaiming,gabor,mean_accuracy_drop,5,3.405666947364807,4.861166129509608,1.455499182144801,0.6696152437503875,0.6240620413315067,2.2869363229580952,5,0.008276923493311585,first_layer_corruption,first_layer_corruption|dataset=cifar10|metric=mean_accuracy_drop,0.18209231685285487,,,False,"exploratory_repair; inherited retrospective scope, not preregistered"
shared_downstream_repair_20260908,cifar10,standard,translation,kaiming,gabor,mean_retention,5,0.8985103136069196,0.8691535371531944,-0.02935677645372512,0.018322040982140693,-0.05210659511486315,-0.006606957792587086,0,0.023110338848909028,first_layer_corruption,first_layer_corruption|dataset=cifar10|metric=mean_retention,0.5084274546759986,1.0,1.0,True,"exploratory_repair; inherited retrospective scope, not preregistered"
shared_downstream_repair_20260908,cifar10,standard,translation,kaiming,gabor,mean_consistency,5,0.726065002878507,0.6828633328278859,-0.04320167005062101,0.01680815452183117,-0.06407175039662458,-0.022331589704617443,0,0.0045431112478672145,first_layer_corruption,first_layer_corruption|dataset=cifar10|metric=mean_consistency,0.09086222495734429,,,False,"exploratory_repair; inherited retrospective scope, not preregistered"
shared_downstream_repair_20260908,cifar10,standard,translation,kaiming,gabor,worst_accuracy,5,27.255999843279522,29.748666882514954,2.492667039235433,0.635667941899471,1.703381040966578,3.2819530375042882,5,0.0009326648239308656,first_layer_corruption,first_layer_corruption|dataset=cifar10|metric=worst_accuracy,0.02797994471792597,,,False,"exploratory_repair; inherited retrospective scope, not preregistered"
shared_downstream_repair_20260908,cifar10,standard,translation,kaiming,pca,normalised_accuracy_auc,5,30.20955579148399,33.46877800093757,3.259222209453579,0.5092465829201458,2.6269090612333463,3.891535357673812,5,0.0001385037960689921,first_layer_corruption,first_layer_corruption|dataset=cifar10|metric=normalised_accuracy_auc,0.005817159434897669,0.037257521142558876,0.04806081723594026,True,"exploratory_repair; inherited retrospective scope, not preregistered"
shared_downstream_repair_20260908,cifar10,standard,translation,kaiming,pca,mean_accuracy_drop,5,3.405666947364807,5.546000053485234,2.140333106120427,1.34586634387474,0.4692193205370354,3.811446891703819,4,0.0236703160666156,first_layer_corruption,first_layer_corruption|dataset=cifar10|metric=mean_accuracy_drop,0.44973600526569635,,,False,"exploratory_repair; inherited retrospective scope, not preregistered"
shared_downstream_repair_20260908,cifar10,standard,translation,kaiming,pca,mean_retention,5,0.8985103136069196,0.856495079184584,-0.04201523442233546,0.033028302030460706,-0.0830252879753588,-0.0010051808693121167,1,0.04665474373977198,first_layer_corruption,first_layer_corruption|dataset=cifar10|metric=mean_retention,0.8864401310556675,1.0,1.0,True,"exploratory_repair; inherited retrospective scope, not preregistered"
shared_downstream_repair_20260908,cifar10,standard,translation,kaiming,pca,mean_consistency,5,0.726065002878507,0.6406766643126807,-0.08538833856582637,0.022005894038270364,-0.11271226494143352,-0.05806441219021921,0,0.0009710910754373079,first_layer_corruption,first_layer_corruption|dataset=cifar10|metric=mean_consistency,0.030103823338556542,,,False,"exploratory_repair; inherited retrospective scope, not preregistered"
shared_downstream_repair_20260908,cifar10,standard,translation,kaiming,pca,worst_accuracy,5,27.255999843279522,29.77733353773753,2.5213336944580087,1.3873747831924592,0.7986803741521793,4.243987014763838,5,0.015302045614594443,first_layer_corruption,first_layer_corruption|dataset=cifar10|metric=worst_accuracy,0.3825511403648611,,,False,"exploratory_repair; inherited retrospective scope, not preregistered"
shared_downstream_repair_20260908,cifar10,standard,translation,kaiming,kmeans,normalised_accuracy_auc,5,30.20955579148399,27.868833359744816,-2.340722431739173,0.6425015382801965,-3.1384934606122306,-1.542951402866115,0,0.0012356405395687288,first_layer_corruption,first_layer_corruption|dataset=cifar10|metric=normalised_accuracy_auc,0.03212665402878695,0.2854329646403763,0.3694565213310499,True,"exploratory_repair; inherited retrospective scope, not preregistered"
shared_downstream_repair_20260908,cifar10,standard,translation,kaiming,kmeans,mean_accuracy_drop,5,3.405666947364807,6.879333431522051,3.473666484157244,0.9665814957462718,2.2734970395591536,4.673835928755334,5,0.0013015360518995093,first_layer_corruption,first_layer_corruption|dataset=cifar10|metric=mean_accuracy_drop,0.04216890628428918,,,False,"exploratory_repair; inherited retrospective scope, not preregistered"
shared_downstream_repair_20260908,cifar10,standard,translation,kaiming,kmeans,mean_retention,5,0.8985103136069196,0.8005972284044864,-0.09791308520243311,0.024701817215934202,-0.12858444232966854,-0.06724172807519768,0,0.0008949092462597405,first_layer_corruption,first_layer_corruption|dataset=cifar10|metric=mean_retention,0.033477127440587076,0.21567312834859748,0.2783167755867793,True,"exploratory_repair; inherited retrospective scope, not preregistered"
shared_downstream_repair_20260908,cifar10,standard,translation,kaiming,kmeans,mean_consistency,5,0.726065002878507,0.590684999525547,-0.1353800033529599,0.03258285679174652,-0.17583696358990059,-0.09492304311601925,0,0.0007466731042105701,first_layer_corruption,first_layer_corruption|dataset=cifar10|metric=mean_consistency,0.024726375124812863,,,False,"exploratory_repair; inherited retrospective scope, not preregistered"
shared_downstream_repair_20260908,cifar10,standard,translation,kaiming,kmeans,worst_accuracy,5,27.255999843279522,21.949333250522614,-5.3066665927569066,1.041675866761033,-6.600078014311782,-4.013255171202031,0,0.0003387389957452711,first_layer_corruption,first_layer_corruption|dataset=cifar10|metric=worst_accuracy,0.013210820834065573,,,False,"exploratory_repair; inherited retrospective scope, not preregistered"
shared_downstream_repair_20260908,cifar10,standard,translation,kaiming,di_wmf,normalised_accuracy_auc,5,30.20955579148399,27.857000148958626,-2.3525556425253584,0.6321837493543101,-3.1375154443480775,-1.5675958407026394,0,0.0011395297904483676,first_layer_corruption,first_layer_corruption|dataset=cifar10|metric=normalised_accuracy_auc,0.031513179663523,0.2643709113840213,0.344137996715407,True,"exploratory_repair; inherited retrospective scope, not preregistered"
shared_downstream_repair_20260908,cifar10,standard,translation,kaiming,di_wmf,mean_accuracy_drop,5,3.405666947364807,6.867500518759092,3.4618335713942843,0.8805564430393823,2.3684783376859198,4.555188805102649,5,0.0009235262504143486,first_layer_corruption,first_layer_corruption|dataset=cifar10|metric=mean_accuracy_drop,0.03509399751574525,,,False,"exploratory_repair; inherited retrospective scope, not preregistered"
shared_downstream_repair_20260908,cifar10,standard,translation,kaiming,di_wmf,mean_retention,5,0.8985103136069196,0.8007324402660319,-0.09777787334088761,0.023045707187150558,-0.1263928982683182,-0.06916284841345703,0,0.0006888218891878749,first_layer_corruption,first_layer_corruption|dataset=cifar10|metric=mean_retention,0.027552875567514994,0.17151665040778083,0.22042300454011995,True,"exploratory_repair; inherited retrospective scope, not preregistered"
shared_downstream_repair_20260908,cifar10,standard,translation,kaiming,di_wmf,mean_consistency,5,0.726065002878507,0.5894016683101654,-0.13666333456834154,0.03266745144656083,-0.1772253329426056,-0.09610133619407749,0,0.0007272463272003783,first_layer_corruption,first_layer_corruption|dataset=cifar10|metric=mean_consistency,0.024726375124812863,,,False,"exploratory_repair; inherited retrospective scope, not preregistered"
shared_downstream_repair_20260908,cifar10,standard,translation,kaiming,di_wmf,worst_accuracy,5,27.255999843279522,21.961333453655243,-5.294666389624277,0.9949667026321192,-6.530080723694089,-4.059252055554465,0,0.00028570264046880975,first_layer_corruption,first_layer_corruption|dataset=cifar10|metric=worst_accuracy,0.01199951089969001,,,False,"exploratory_repair; inherited retrospective scope, not preregistered"
shared_downstream_repair_20260908,cifar10,standard,translation,kaiming,lowrank_wmf,normalised_accuracy_auc,5,30.20955579148399,29.892277667919796,-0.3172781235641914,0.8967494641031749,-1.4307396485496224,0.7961834014212396,1,0.4731291274681581,first_layer_corruption,first_layer_corruption|dataset=cifar10|metric=normalised_accuracy_auc,1.0,1.0,1.0,True,"exploratory_repair; inherited retrospective scope, not preregistered"
shared_downstream_repair_20260908,cifar10,standard,translation,kaiming,lowrank_wmf,mean_accuracy_drop,5,3.405666947364807,8.165499468644459,4.7598325212796535,0.8143375533533991,3.748698898895401,5.770966143663906,5,0.00019783382063486428,first_layer_corruption,first_layer_corruption|dataset=cifar10|metric=mean_accuracy_drop,0.00929818956983862,,,False,"exploratory_repair; inherited retrospective scope, not preregistered"
shared_downstream_repair_20260908,cifar10,standard,translation,kaiming,lowrank_wmf,mean_retention,5,0.8985103136069196,0.7834616768860311,-0.11504863672088847,0.02386906866520516,-0.14468599995312728,-0.08541127348864964,0,0.0004202470686943898,first_layer_corruption,first_layer_corruption|dataset=cifar10|metric=mean_retention,0.01807062395385876,0.1071630025170694,0.13769106614172827,True,"exploratory_repair; inherited retrospective scope, not preregistered"
shared_downstream_repair_20260908,cifar10,standard,translation,kaiming,lowrank_wmf,mean_consistency,5,0.726065002878507,0.5663433328270912,-0.15972167005141574,0.02513478623347861,-0.19093062922007373,-0.12851271088275776,0,0.00014244629454580123,first_layer_corruption,first_layer_corruption|dataset=cifar10|metric=mean_consistency,0.005697851781832049,,,False,"exploratory_repair; inherited retrospective scope, not preregistered"
shared_downstream_repair_20260908,cifar10,standard,translation,kaiming,lowrank_wmf,worst_accuracy,5,27.255999843279522,24.09399996201197,-3.1619998812675476,1.5928752747218908,-5.13981576351865,-1.1841839990164458,0,0.011344522470567747,first_layer_corruption,first_layer_corruption|dataset=cifar10|metric=worst_accuracy,0.2949575842347614,,,False,"exploratory_repair; inherited retrospective scope, not preregistered"
shared_downstream_repair_20260908,sign,standard,brightness,kaiming,random_stem,normalised_accuracy_auc,10,14.259921047422623,13.422619280301864,-0.837301767120759,3.862862074261125,-3.600626828755621,1.9260232945141031,5,0.5103307644840457,first_layer_corruption,first_layer_corruption|dataset=sign|metric=normalised_accuracy_auc,1.0,1.0,1.0,True,"exploratory_repair; inherited retrospective scope, not preregistered"
shared_downstream_repair_20260908,sign,standard,brightness,kaiming,random_stem,mean_accuracy_drop,10,2.0238094838956995,1.3392856592933335,-0.6845238246023656,4.169051502549961,-3.6668836082988565,2.2978359590941255,5,0.6161330961812453,first_layer_corruption,first_layer_corruption|dataset=sign|metric=mean_accuracy_drop,1.0,,,False,"exploratory_repair; inherited retrospective scope, not preregistered"
shared_downstream_repair_20260908,sign,standard,brightness,kaiming,random_stem,mean_retention,10,0.89810195262832,0.9338996125439156,0.035797659915595616,0.19286830167245175,-0.10217201162862624,0.17376733145981746,5,0.5716713600407167,first_layer_corruption,first_layer_corruption|dataset=sign|metric=mean_retention,1.0,1.0,1.0,True,"exploratory_repair; inherited retrospective scope, not preregistered"
shared_downstream_repair_20260908,sign,standard,brightness,kaiming,random_stem,mean_consistency,10,0.7815476179122924,0.8429166674613953,0.061369049549102786,0.134396873691022,-0.03477268218663693,0.1575107812848425,8,0.1826388268172157,first_layer_corruption,first_layer_corruption|dataset=sign|metric=mean_consistency,1.0,,,False,"exploratory_repair; inherited retrospective scope, not preregistered"
shared_downstream_repair_20260908,sign,standard,brightness,kaiming,random_stem,worst_accuracy,10,12.66666702926159,11.857143044471739,-0.8095239847898483,3.1987180072286625,-3.0977490015135944,1.4787010319338978,3,0.4441469181336506,first_layer_corruption,first_layer_corruption|dataset=sign|metric=worst_accuracy,1.0,,,False,"exploratory_repair; inherited retrospective scope, not preregistered"
shared_downstream_repair_20260908,sign,standard,brightness,kaiming,gabor,normalised_accuracy_auc,10,14.259921047422623,18.28769880450434,4.02777775708172,4.318534837630818,0.938484037307612,7.117071476855829,8,0.016237579098417148,first_layer_corruption,first_layer_corruption|dataset=sign|metric=normalised_accuracy_auc,0.7144534803303545,1.0,1.0,True,"exploratory_repair; inherited retrospective scope, not preregistered"
shared_downstream_repair_20260908,sign,standard,brightness,kaiming,gabor,mean_accuracy_drop,10,2.0238094838956995,0.8035713868836561,-1.220238097012043,3.525079401682082,-3.741927991100259,1.3014517970761732,3,0.30209844719498075,first_layer_corruption,first_layer_corruption|dataset=sign|metric=mean_accuracy_drop,1.0,,,False,"exploratory_repair; inherited retrospective scope, not preregistered"
shared_downstream_repair_20260908,sign,standard,brightness,kaiming,gabor,mean_retention,10,0.89810195262832,0.9595443802398116,0.06144242761149157,0.1785630013170232,-0.06629384853148987,0.18917870375447302,7,0.3048209401777577,first_layer_corruption,first_layer_corruption|dataset=sign|metric=mean_retention,1.0,1.0,1.0,True,"exploratory_repair; inherited retrospective scope, not preregistered"
shared_downstream_repair_20260908,sign,standard,brightness,kaiming,gabor,mean_consistency,10,0.7815476179122924,0.8845833321412405,0.10303571422894797,0.11240756307411741,0.022624187700545015,0.18344724075735092,9,0.01763476984194015,first_layer_corruption,first_layer_corruption|dataset=sign|metric=mean_consistency,0.7406603333614863,,,False,"exploratory_repair; inherited retrospective scope, not preregistered"
shared_downstream_repair_20260908,sign,standard,brightness,kaiming,gabor,worst_accuracy,10,12.66666702926159,16.92857190966606,4.2619048804044715,4.106251429872022,1.3244695623936042,7.199340198415339,9,0.009496633993085236,first_layer_corruption,first_layer_corruption|dataset=sign|metric=worst_accuracy,0.41785189569575043,,,False,"exploratory_repair; inherited retrospective scope, not preregistered"
shared_downstream_repair_20260908,sign,standard,brightness,kaiming,pca,normalised_accuracy_auc,10,14.259921047422623,14.50992105321752,0.25000000579489556,4.995827196677244,-3.3237994803842366,3.823799491974028,6,0.877756767912239,first_layer_corruption,first_layer_corruption|dataset=sign|metric=normalised_accuracy_auc,1.0,1.0,1.0,True,"exploratory_repair; inherited retrospective scope, not preregistered"
shared_downstream_repair_20260908,sign,standard,brightness,kaiming,pca,mean_accuracy_drop,10,2.0238094838956995,4.708333434537052,2.684523950641354,3.7020267982657478,0.03625351441348279,5.332794386869225,8,0.04753104497974738,first_layer_corruption,first_layer_corruption|dataset=sign|metric=mean_accuracy_drop,1.0,,,False,"exploratory_repair; inherited retrospective scope, not preregistered"
shared_downstream_repair_20260908,sign,standard,brightness,kaiming,pca,mean_retention,10,0.89810195262832,0.7776310893664595,-0.12047086326186038,0.13573469826041068,-0.21756961704228953,-0.02337210948143123,1,0.020488229251516554,first_layer_corruption,first_layer_corruption|dataset=sign|metric=mean_retention,0.9629467748212781,1.0,1.0,True,"exploratory_repair; inherited retrospective scope, not preregistered"
shared_downstream_repair_20260908,sign,standard,brightness,kaiming,pca,mean_consistency,10,0.7815476179122924,0.6388690456748009,-0.1426785722374916,0.10661799772485797,-0.2189484932107334,-0.06640865126424984,0,0.0022006600466243096,first_layer_corruption,first_layer_corruption|dataset=sign|metric=mean_consistency,0.10343102219134255,,,False,"exploratory_repair; inherited retrospective scope, not preregistered"
shared_downstream_repair_20260908,sign,standard,brightness,kaiming,pca,worst_accuracy,10,12.66666702926159,11.66666705161333,-0.9999999776482582,3.9248421756691996,-3.8076629328581486,1.8076629775616322,5,0.44117828210766513,first_layer_corruption,first_layer_corruption|dataset=sign|metric=worst_accuracy,1.0,,,False,"exploratory_repair; inherited retrospective scope, not preregistered"
shared_downstream_repair_20260908,sign,standard,brightness,kaiming,kmeans,normalised_accuracy_auc,10,14.259921047422623,16.72420673072338,2.46428568330076,4.394917725856786,-0.6796490630637799,5.6082204296653,7,0.10996240198717827,first_layer_corruption,first_layer_corruption|dataset=sign|metric=normalised_accuracy_auc,1.0,1.0,1.0,True,"exploratory_repair; inherited retrospective scope, not preregistered"
shared_downstream_repair_20260908,sign,standard,brightness,kaiming,kmeans,mean_accuracy_drop,10,2.0238094838956995,2.9107140687604747,0.8869045848647754,4.81480605279514,-2.5574001759115843,4.331209345641136,6,0.5745292457976963,first_layer_corruption,first_layer_corruption|dataset=sign|metric=mean_accuracy_drop,1.0,,,False,"exploratory_repair; inherited retrospective scope, not preregistered"
shared_downstream_repair_20260908,sign,standard,brightness,kaiming,kmeans,mean_retention,10,0.89810195262832,0.898691052899823,0.000589100271503018,0.24538913260053674,-0.17495171038444207,0.17612991092744812,4,0.9941084433782219,first_layer_corruption,first_layer_corruption|dataset=sign|metric=mean_retention,1.0,1.0,1.0,True,"exploratory_repair; inherited retrospective scope, not preregistered"
shared_downstream_repair_20260908,sign,standard,brightness,kaiming,kmeans,mean_consistency,10,0.7815476179122924,0.6846428545812765,-0.0969047633310159,0.1560926213442919,-0.20856669798071908,0.01475717131868727,2,0.08122656756871242,first_layer_corruption,first_layer_corruption|dataset=sign|metric=mean_consistency,1.0,,,False,"exploratory_repair; inherited retrospective scope, not preregistered"
shared_downstream_repair_20260908,sign,standard,brightness,kaiming,kmeans,worst_accuracy,10,12.66666702926159,14.166667039195696,1.5000000099341075,2.937687595072783,-0.6014950987855612,3.6014951186537765,6,0.14083765117174846,first_layer_corruption,first_layer_corruption|dataset=sign|metric=worst_accuracy,1.0,,,False,"exploratory_repair; inherited retrospective scope, not preregistered"
shared_downstream_repair_20260908,sign,standard,brightness,kaiming,di_wmf,normalised_accuracy_auc,10,14.259921047422623,15.269841607660055,1.009920560237434,4.683506105381647,-2.3404578764030983,4.360298996877966,5,0.5124711403102712,first_layer_corruption,first_layer_corruption|dataset=sign|metric=normalised_accuracy_auc,1.0,1.0,1.0,True,"exploratory_repair; inherited retrospective scope, not preregistered"
shared_downstream_repair_20260908,sign,standard,brightness,kaiming,di_wmf,mean_accuracy_drop,10,2.0238094838956995,2.880952308575312,0.8571428246796131,4.065591725534025,-2.051206293038343,3.7654919423975692,7,0.5216875582191226,first_layer_corruption,first_layer_corruption|dataset=sign|metric=mean_accuracy_drop,1.0,,,False,"exploratory_repair; inherited retrospective scope, not preregistered"
shared_downstream_repair_20260908,sign,standard,brightness,kaiming,di_wmf,mean_retention,10,0.89810195262832,0.8552808714077595,-0.042821081220560456,0.17545959347418172,-0.1683373131311217,0.08269515069000082,3,0.4600415197590853,first_layer_corruption,first_layer_corruption|dataset=sign|metric=mean_retention,1.0,1.0,1.0,True,"exploratory_repair; inherited retrospective scope, not preregistered"
shared_downstream_repair_20260908,sign,standard,brightness,kaiming,di_wmf,mean_consistency,10,0.7815476179122924,0.6554761891563733,-0.12607142875591912,0.13357870533104318,-0.2216278781051013,-0.030514979406736947,3,0.015335825820104959,first_layer_corruption,first_layer_corruption|dataset=sign|metric=mean_consistency,0.6744087100674789,,,False,"exploratory_repair; inherited retrospective scope, not preregistered"
shared_downstream_repair_20260908,sign,standard,brightness,kaiming,di_wmf,worst_accuracy,10,12.66666702926159,12.857143158713978,0.19047612945238743,3.017543623497264,-1.9681445406841234,2.349096799588898,3,0.846221040325078,first_layer_corruption,first_layer_corruption|dataset=sign|metric=worst_accuracy,1.0,,,False,"exploratory_repair; inherited retrospective scope, not preregistered"
shared_downstream_repair_20260908,sign,standard,brightness,kaiming,lowrank_wmf,normalised_accuracy_auc,10,14.259921047422623,16.23809554303686,1.9781744956142373,6.060720765796398,-2.3574039593580305,6.313752950586505,6,0.3289422075741995,first_layer_corruption,first_layer_corruption|dataset=sign|metric=normalised_accuracy_auc,1.0,1.0,1.0,True,"exploratory_repair; inherited retrospective scope, not preregistered"
shared_downstream_repair_20260908,sign,standard,brightness,kaiming,lowrank_wmf,mean_accuracy_drop,10,2.0238094838956995,2.047619080791871,0.02380959689617157,3.704445191564456,-2.6261908536792835,2.6738100474716266,5,0.984227648744733,first_layer_corruption,first_layer_corruption|dataset=sign|metric=mean_accuracy_drop,1.0,,,False,"exploratory_repair; inherited retrospective scope, not preregistered"
shared_downstream_repair_20260908,sign,standard,brightness,kaiming,lowrank_wmf,mean_retention,10,0.89810195262832,0.893424767982893,-0.004677184645426979,0.21024341132037822,-0.15507626086829057,0.1457218915774366,5,0.9454537251354046,first_layer_corruption,first_layer_corruption|dataset=sign|metric=mean_retention,1.0,1.0,1.0,True,"exploratory_repair; inherited retrospective scope, not preregistered"
shared_downstream_repair_20260908,sign,standard,brightness,kaiming,lowrank_wmf,mean_consistency,10,0.7815476179122924,0.7184523796041806,-0.0630952383081118,0.14903791641846492,-0.16971054106953937,0.043520064453315785,4,0.21348278630573572,first_layer_corruption,first_layer_corruption|dataset=sign|metric=mean_consistency,1.0,,,False,"exploratory_repair; inherited retrospective scope, not preregistered"
shared_downstream_repair_20260908,sign,standard,brightness,kaiming,lowrank_wmf,worst_accuracy,10,12.66666702926159,14.666666984558105,1.9999999552965164,5.7255180775688395,-2.095788941752236,6.095788852345269,5,0.29797689868683924,first_layer_corruption,first_layer_corruption|dataset=sign|metric=worst_accuracy,1.0,,,False,"exploratory_repair; inherited retrospective scope, not preregistered"
shared_downstream_repair_20260908,sign,standard,colored_gaussian,kaiming,random_stem,normalised_accuracy_auc,10,12.90873043032156,12.740079655001562,-0.16865077532000025,3.325545994420177,-2.547603068551555,2.210301517911555,4,0.8761307686347225,first_layer_corruption,first_layer_corruption|dataset=sign|metric=normalised_accuracy_auc,1.0,1.0,1.0,True,"exploratory_repair; inherited retrospective scope, not preregistered"
shared_downstream_repair_20260908,sign,standard,colored_gaussian,kaiming,random_stem,mean_accuracy_drop,10,3.369047734886408,2.011904645090302,-1.357143089796106,4.488760052000965,-4.568208592240237,1.8539224126480247,5,0.3640010975340923,first_layer_corruption,first_layer_corruption|dataset=sign|metric=mean_accuracy_drop,1.0,,,False,"exploratory_repair; inherited retrospective scope, not preregistered"
shared_downstream_repair_20260908,sign,standard,colored_gaussian,kaiming,random_stem,mean_retention,10,0.8187320189047483,0.9046341428867819,0.08590212398203367,0.23264310835136293,-0.0805207302035954,0.25232497816766275,6,0.27294888315159926,first_layer_corruption,first_layer_corruption|dataset=sign|metric=mean_retention,1.0,1.0,1.0,True,"exploratory_repair; inherited retrospective scope, not preregistered"
shared_downstream_repair_20260908,sign,standard,colored_gaussian,kaiming,random_stem,mean_consistency,10,0.7658928579728429,0.7776190487047037,0.011726190731860691,0.24134065187557102,-0.16091851127879112,0.18437089274251248,5,0.8812773930559455,first_layer_corruption,first_layer_corruption|dataset=sign|metric=mean_consistency,1.0,,,False,"exploratory_repair; inherited retrospective scope, not preregistered"
shared_downstream_repair_20260908,sign,standard,colored_gaussian,kaiming,random_stem,worst_accuracy,10,10.404762079318365,10.928571708500385,0.5238096291820209,2.6603290479725863,-1.3792751274395323,2.426894385803574,3,0.5489691252025638,first_layer_corruption,first_layer_corruption|dataset=sign|metric=worst_accuracy,1.0,,,False,"exploratory_repair; inherited retrospective scope, not preregistered"
shared_downstream_repair_20260908,sign,standard,colored_gaussian,kaiming,gabor,normalised_accuracy_auc,10,12.90873043032156,12.704365336232716,-0.20436509408884582,3.4993342518569506,-2.7076380174544044,2.298907829276713,5,0.8575740740999277,first_layer_corruption,first_layer_corruption|dataset=sign|metric=normalised_accuracy_auc,1.0,1.0,1.0,True,"exploratory_repair; inherited retrospective scope, not preregistered"
shared_downstream_repair_20260908,sign,standard,colored_gaussian,kaiming,gabor,mean_accuracy_drop,10,3.369047734886408,6.55357152223587,3.184523787349463,5.7600712300830486,-0.9359829459733873,7.305030520672313,6,0.11434864773712808,first_layer_corruption,first_layer_corruption|dataset=sign|metric=mean_accuracy_drop,1.0,,,False,"exploratory_repair; inherited retrospective scope, not preregistered"
shared_downstream_repair_20260908,sign,standard,colored_gaussian,kaiming,gabor,mean_retention,10,0.8187320189047483,0.6636255948958796,-0.15510642400886873,0.2664692008987942,-0.3457270071003056,0.035514159082568136,4,0.0988017716480366,first_layer_corruption,first_layer_corruption|dataset=sign|metric=mean_retention,1.0,1.0,1.0,True,"exploratory_repair; inherited retrospective scope, not preregistered"
shared_downstream_repair_20260908,sign,standard,colored_gaussian,kaiming,gabor,mean_consistency,10,0.7658928579728429,0.455059525067918,-0.310833332904925,0.21107731549316358,-0.4618289482367083,-0.15983771757314166,1,0.001190630761644959,first_layer_corruption,first_layer_corruption|dataset=sign|metric=mean_consistency,0.05715027655895803,,,False,"exploratory_repair; inherited retrospective scope, not preregistered"
shared_downstream_repair_20260908,sign,standard,colored_gaussian,kaiming,gabor,worst_accuracy,10,10.404762079318365,10.761904940009115,0.35714286069075263,1.3149240745916089,-0.5834971568954401,1.2977828782769454,3,0.4126878427142415,first_layer_corruption,first_layer_corruption|dataset=sign|metric=worst_accuracy,1.0,,,False,"exploratory_repair; inherited retrospective scope, not preregistered"
shared_downstream_repair_20260908,sign,standard,colored_gaussian,kaiming,pca,normalised_accuracy_auc,10,12.90873043032156,14.730159108423525,1.8214286781019637,4.25025144309004,-1.2190180438242797,4.861875400028207,6,0.2083920664105886,first_layer_corruption,first_layer_corruption|dataset=sign|metric=normalised_accuracy_auc,1.0,1.0,1.0,True,"exploratory_repair; inherited retrospective scope, not preregistered"
shared_downstream_repair_20260908,sign,standard,colored_gaussian,kaiming,pca,mean_accuracy_drop,10,3.369047734886408,4.345238236710429,0.9761905018240213,4.277181442749904,-2.0835207813366936,4.035901784984736,5,0.4887837776718309,first_layer_corruption,first_layer_corruption|dataset=sign|metric=mean_accuracy_drop,1.0,,,False,"exploratory_repair; inherited retrospective scope, not preregistered"
shared_downstream_repair_20260908,sign,standard,colored_gaussian,kaiming,pca,mean_retention,10,0.8187320189047483,0.8021240956163698,-0.016607923288378457,0.14899941018414078,-0.12319568034915934,0.08997983377240243,5,0.7325939826749506,first_layer_corruption,first_layer_corruption|dataset=sign|metric=mean_retention,1.0,1.0,1.0,True,"exploratory_repair; inherited retrospective scope, not preregistered"
shared_downstream_repair_20260908,sign,standard,colored_gaussian,kaiming,pca,mean_consistency,10,0.7658928579728429,0.6736309523694217,-0.09226190560342123,0.29742625686144364,-0.30502783246625975,0.12050402125941725,3,0.3522534925539806,first_layer_corruption,first_layer_corruption|dataset=sign|metric=mean_consistency,1.0,,,False,"exploratory_repair; inherited retrospective scope, not preregistered"
shared_downstream_repair_20260908,sign,standard,colored_gaussian,kaiming,pca,worst_accuracy,10,10.404762079318365,12.333333579202492,1.9285714998841286,4.3765362199439934,-1.2022139092835546,5.059356909051812,6,0.1969216195477231,first_layer_corruption,first_layer_corruption|dataset=sign|metric=worst_accuracy,1.0,,,False,"exploratory_repair; inherited retrospective scope, not preregistered"
shared_downstream_repair_20260908,sign,standard,colored_gaussian,kaiming,kmeans,normalised_accuracy_auc,10,12.90873043032156,18.12500035804179,5.216269927720229,6.89203869818039,0.2860024487598176,10.14653740668064,7,0.040333024649979725,first_layer_corruption,first_layer_corruption|dataset=sign|metric=normalised_accuracy_auc,1.0,1.0,1.0,True,"exploratory_repair; inherited retrospective scope, not preregistered"
shared_downstream_repair_20260908,sign,standard,colored_gaussian,kaiming,kmeans,mean_accuracy_drop,10,3.369047734886408,1.4583331532776356,-1.9107145816087723,5.147304930730668,-5.592874710943809,1.7714455477262643,4,0.27057802333701464,first_layer_corruption,first_layer_corruption|dataset=sign|metric=mean_accuracy_drop,1.0,,,False,"exploratory_repair; inherited retrospective scope, not preregistered"
shared_downstream_repair_20260908,sign,standard,colored_gaussian,kaiming,kmeans,mean_retention,10,0.8187320189047483,0.9408952883769842,0.12216326947223602,0.26756256626900415,-0.06923946008752974,0.3135659990320018,6,0.182679735385904,first_layer_corruption,first_layer_corruption|dataset=sign|metric=mean_retention,1.0,1.0,1.0,True,"exploratory_repair; inherited retrospective scope, not preregistered"
shared_downstream_repair_20260908,sign,standard,colored_gaussian,kaiming,kmeans,mean_consistency,10,0.7658928579728429,0.7503571403523286,-0.015535717620514328,0.19578004081515737,-0.15558832186885577,0.1245168866278271,4,0.8074987931789352,first_layer_corruption,first_layer_corruption|dataset=sign|metric=mean_consistency,1.0,,,False,"exploratory_repair; inherited retrospective scope, not preregistered"
shared_downstream_repair_20260908,sign,standard,colored_gaussian,kaiming,kmeans,worst_accuracy,10,10.404762079318365,15.952381268143654,5.547619188825289,5.582756497119121,1.553955774258529,9.541282603392048,8,0.011882508557277282,first_layer_corruption,first_layer_corruption|dataset=sign|metric=worst_accuracy,0.5109478679629231,,,False,"exploratory_repair; inherited retrospective scope, not preregistered"
shared_downstream_repair_20260908,sign,standard,colored_gaussian,kaiming,di_wmf,normalised_accuracy_auc,10,12.90873043032156,15.162698777599468,2.253968347277906,5.764838108867532,-1.8699484057033495,6.377885100259162,6,0.2476012538971342,first_layer_corruption,first_layer_corruption|dataset=sign|metric=normalised_accuracy_auc,1.0,1.0,1.0,True,"exploratory_repair; inherited retrospective scope, not preregistered"
shared_downstream_repair_20260908,sign,standard,colored_gaussian,kaiming,di_wmf,mean_accuracy_drop,10,3.369047734886408,3.0297617924710116,-0.3392859424153965,4.572889656420041,-3.6105341383772926,2.9319622535464993,4,0.8197502616239635,first_layer_corruption,first_layer_corruption|dataset=sign|metric=mean_accuracy_drop,1.0,,,False,"exploratory_repair; inherited retrospective scope, not preregistered"
shared_downstream_repair_20260908,sign,standard,colored_gaussian,kaiming,di_wmf,mean_retention,10,0.8187320189047483,0.8437944433195639,0.02506242441481569,0.2325324668423681,-0.14128128160326692,0.19140613043289828,6,0.7410518689700323,first_layer_corruption,first_layer_corruption|dataset=sign|metric=mean_retention,1.0,1.0,1.0,True,"exploratory_repair; inherited retrospective scope, not preregistered"
shared_downstream_repair_20260908,sign,standard,colored_gaussian,kaiming,di_wmf,mean_consistency,10,0.7658928579728429,0.731964285671711,-0.033928572301132005,0.14256445795839143,-0.13591304184763178,0.06805589724536779,4,0.47092562284205436,first_layer_corruption,first_layer_corruption|dataset=sign|metric=mean_consistency,1.0,,,False,"exploratory_repair; inherited retrospective scope, not preregistered"
shared_downstream_repair_20260908,sign,standard,colored_gaussian,kaiming,di_wmf,worst_accuracy,10,10.404762079318365,11.880952765544256,1.4761906862258911,2.7211925326756075,-0.4704331844994081,3.4228145569511903,7,0.12039713428472375,first_layer_corruption,first_layer_corruption|dataset=sign|metric=worst_accuracy,1.0,,,False,"exploratory_repair; inherited retrospective scope, not preregistered"
shared_downstream_repair_20260908,sign,standard,colored_gaussian,kaiming,lowrank_wmf,normalised_accuracy_auc,10,12.90873043032156,15.593254295074278,2.684523864752717,4.501583853400115,-0.5357152325830912,5.904762962088525,8,0.09194696424285687,first_layer_corruption,first_layer_corruption|dataset=sign|metric=normalised_accuracy_auc,1.0,1.0,1.0,True,"exploratory_repair; inherited retrospective scope, not preregistered"
shared_downstream_repair_20260908,sign,standard,colored_gaussian,kaiming,lowrank_wmf,mean_accuracy_drop,10,3.369047734886408,2.803571429103613,-0.5654763057827952,5.237963597363873,-4.312489738379988,3.181537126814397,5,0.7406446053370906,first_layer_corruption,first_layer_corruption|dataset=sign|metric=mean_accuracy_drop,1.0,,,False,"exploratory_repair; inherited retrospective scope, not preregistered"
shared_downstream_repair_20260908,sign,standard,colored_gaussian,kaiming,lowrank_wmf,mean_retention,10,0.8187320189047483,0.8909994734568578,0.07226745455210946,0.3090749935253876,-0.148831476529115,0.29336638563333395,6,0.4785054281165164,first_layer_corruption,first_layer_corruption|dataset=sign|metric=mean_retention,1.0,1.0,1.0,True,"exploratory_repair; inherited retrospective scope, not preregistered"
shared_downstream_repair_20260908,sign,standard,colored_gaussian,kaiming,lowrank_wmf,mean_consistency,10,0.7658928579728429,0.666666666418314,-0.09922619155452897,0.2005097569911761,-0.24266223093266656,0.04420984782360862,4,0.1520424988400593,first_layer_corruption,first_layer_corruption|dataset=sign|metric=mean_consistency,1.0,,,False,"exploratory_repair; inherited retrospective scope, not preregistered"
shared_downstream_repair_20260908,sign,standard,colored_gaussian,kaiming,lowrank_wmf,worst_accuracy,10,10.404762079318365,11.166666919986408,0.7619048406680425,1.907405803565953,-0.602571073401387,2.1263807547374722,5,0.23827355369124298,first_layer_corruption,first_layer_corruption|dataset=sign|metric=worst_accuracy,1.0,,,False,"exploratory_repair; inherited retrospective scope, not preregistered"
shared_downstream_repair_20260908,sign,standard,contrast,kaiming,random_stem,normalised_accuracy_auc,10,15.357143282890316,14.611111314346392,-0.7460319685439266,5.653057656778256,-4.789985803170595,3.2979218660827416,4,0.6862199965501834,first_layer_corruption,first_layer_corruption|dataset=sign|metric=normalised_accuracy_auc,1.0,1.0,1.0,True,"exploratory_repair; inherited retrospective scope, not preregistered"
shared_downstream_repair_20260908,sign,standard,contrast,kaiming,random_stem,mean_accuracy_drop,10,0.863095186650753,0.047619013736645364,-0.8154761729141077,2.248121702492883,-2.4236855582549195,0.792733212426704,5,0.2809295620340882,first_layer_corruption,first_layer_corruption|dataset=sign|metric=mean_accuracy_drop,1.0,,,False,"exploratory_repair; inherited retrospective scope, not preregistered"
shared_downstream_repair_20260908,sign,standard,contrast,kaiming,random_stem,mean_retention,10,0.9591886677054123,1.0051142039936873,0.04592553628827486,0.13739360683779336,-0.052359929199358966,0.14421100177590868,5,0.3180433428008444,first_layer_corruption,first_layer_corruption|dataset=sign|metric=mean_retention,1.0,1.0,1.0,True,"exploratory_repair; inherited retrospective scope, not preregistered"
shared_downstream_repair_20260908,sign,standard,contrast,kaiming,random_stem,mean_consistency,10,0.8847023780147234,0.9454166635870933,0.060714285572369894,0.06432244972991062,0.014700776949127421,0.10672779419561237,8,0.015327470683351793,first_layer_corruption,first_layer_corruption|dataset=sign|metric=mean_consistency,0.6744087100674789,,,False,"exploratory_repair; inherited retrospective scope, not preregistered"
shared_downstream_repair_20260908,sign,standard,contrast,kaiming,random_stem,worst_accuracy,10,14.714286128679912,14.28571452697118,-0.4285716017087303,5.100156016535213,-4.077003429665031,3.21986022624757,5,0.7964343526342342,first_layer_corruption,first_layer_corruption|dataset=sign|metric=worst_accuracy,1.0,,,False,"exploratory_repair; inherited retrospective scope, not preregistered"
shared_downstream_repair_20260908,sign,standard,contrast,kaiming,gabor,normalised_accuracy_auc,10,15.357143282890316,19.190476594699753,3.8333333118094344,5.563681299942678,-0.14668452872440474,7.813351152343273,8,0.057287798108505275,first_layer_corruption,first_layer_corruption|dataset=sign|metric=normalised_accuracy_auc,1.0,1.0,1.0,True,"exploratory_repair; inherited retrospective scope, not preregistered"
shared_downstream_repair_20260908,sign,standard,contrast,kaiming,gabor,mean_accuracy_drop,10,0.863095186650753,-0.18452384819587073,-1.0476190348466237,2.513693824812702,-2.845807271922204,0.7505692022289567,4,0.2200857875629149,first_layer_corruption,first_layer_corruption|dataset=sign|metric=mean_accuracy_drop,1.0,,,False,"exploratory_repair; inherited retrospective scope, not preregistered"
shared_downstream_repair_20260908,sign,standard,contrast,kaiming,gabor,mean_retention,10,0.9591886677054123,1.0094769102166066,0.05028824251119396,0.14294451456537569,-0.0519681031537718,0.15254458817615973,6,0.2947556614897558,first_layer_corruption,first_layer_corruption|dataset=sign|metric=mean_retention,1.0,1.0,1.0,True,"exploratory_repair; inherited retrospective scope, not preregistered"
shared_downstream_repair_20260908,sign,standard,contrast,kaiming,gabor,mean_consistency,10,0.8847023780147234,0.94589285304149,0.061190475026766486,0.06024222699466789,0.018095781915078414,0.10428516813845456,9,0.010623875672661908,first_layer_corruption,first_layer_corruption|dataset=sign|metric=mean_consistency,0.48869828094244777,,,False,"exploratory_repair; inherited retrospective scope, not preregistered"
shared_downstream_repair_20260908,sign,standard,contrast,kaiming,gabor,worst_accuracy,10,14.714286128679912,19.00000035762787,4.285714228947957,5.823471667723894,0.11985355471716641,8.451574903178749,8,0.04494978520467727,first_layer_corruption,first_layer_corruption|dataset=sign|metric=worst_accuracy,1.0,,,False,"exploratory_repair; inherited retrospective scope, not preregistered"
shared_downstream_repair_20260908,sign,standard,contrast,kaiming,pca,normalised_accuracy_auc,10,15.357143282890316,18.517857578893505,3.1607142960031824,6.784444617585384,-1.6925850143620274,8.014013606368392,7,0.17478049581880847,first_layer_corruption,first_layer_corruption|dataset=sign|metric=normalised_accuracy_auc,1.0,1.0,1.0,True,"exploratory_repair; inherited retrospective scope, not preregistered"
shared_downstream_repair_20260908,sign,standard,contrast,kaiming,pca,mean_accuracy_drop,10,0.863095186650753,0.5357143717507521,-0.3273808149000009,1.3577140180590967,-1.2986309140517556,0.6438692842517537,4,0.46527038631920437,first_layer_corruption,first_layer_corruption|dataset=sign|metric=mean_accuracy_drop,1.0,,,False,"exploratory_repair; inherited retrospective scope, not preregistered"
shared_downstream_repair_20260908,sign,standard,contrast,kaiming,pca,mean_retention,10,0.9591886677054123,0.9823672033690188,0.023178535663606503,0.06956572417896263,-0.02658578554666486,0.07294285687387786,7,0.3195135098270304,first_layer_corruption,first_layer_corruption|dataset=sign|metric=mean_retention,1.0,1.0,1.0,True,"exploratory_repair; inherited retrospective scope, not preregistered"
shared_downstream_repair_20260908,sign,standard,contrast,kaiming,pca,mean_consistency,10,0.8847023780147234,0.8895238036910692,0.0048214256763458255,0.08037523743308125,-0.05267555549044073,0.062318406843132376,5,0.8537583246164729,first_layer_corruption,first_layer_corruption|dataset=sign|metric=mean_consistency,1.0,,,False,"exploratory_repair; inherited retrospective scope, not preregistered"
shared_downstream_repair_20260908,sign,standard,contrast,kaiming,pca,worst_accuracy,10,14.714286128679912,17.738095546762146,3.0238094180822364,6.362139618444427,-1.5273910947215539,7.575009930886027,6,0.16709607570310103,first_layer_corruption,first_layer_corruption|dataset=sign|metric=worst_accuracy,1.0,,,False,"exploratory_repair; inherited retrospective scope, not preregistered"
shared_downstream_repair_20260908,sign,standard,contrast,kaiming,kmeans,normalised_accuracy_auc,10,15.357143282890316,18.85119085717532,3.494047574285004,6.679255509133326,-1.2840039809161286,8.272099129486136,7,0.13246406855567577,first_layer_corruption,first_layer_corruption|dataset=sign|metric=normalised_accuracy_auc,1.0,1.0,1.0,True,"exploratory_repair; inherited retrospective scope, not preregistered"
shared_downstream_repair_20260908,sign,standard,contrast,kaiming,kmeans,mean_accuracy_drop,10,0.863095186650753,0.636904543886582,-0.22619064276417103,2.750832893326553,-2.1940179501765855,1.7416366646482435,4,0.8006974876317977,first_layer_corruption,first_layer_corruption|dataset=sign|metric=mean_accuracy_drop,1.0,,,False,"exploratory_repair; inherited retrospective scope, not preregistered"
shared_downstream_repair_20260908,sign,standard,contrast,kaiming,kmeans,mean_retention,10,0.9591886677054123,0.9835447058886324,0.024356038183219984,0.16546326381069504,-0.09400925026820667,0.14272132663464662,6,0.6526429435660936,first_layer_corruption,first_layer_corruption|dataset=sign|metric=mean_retention,1.0,1.0,1.0,True,"exploratory_repair; inherited retrospective scope, not preregistered"
shared_downstream_repair_20260908,sign,standard,contrast,kaiming,kmeans,mean_consistency,10,0.8847023780147234,0.849464282890161,-0.03523809512456257,0.10035242776115592,-0.10702589735442772,0.036549707105302566,4,0.29560594071514434,first_layer_corruption,first_layer_corruption|dataset=sign|metric=mean_consistency,1.0,,,False,"exploratory_repair; inherited retrospective scope, not preregistered"
shared_downstream_repair_20260908,sign,standard,contrast,kaiming,kmeans,worst_accuracy,10,14.714286128679912,17.97619087000688,3.2619047413269677,5.341747531591296,-0.5593512453486169,7.083160728002552,8,0.08553180259443799,first_layer_corruption,first_layer_corruption|dataset=sign|metric=worst_accuracy,1.0,,,False,"exploratory_repair; inherited retrospective scope, not preregistered"
shared_downstream_repair_20260908,sign,standard,contrast,kaiming,di_wmf,normalised_accuracy_auc,10,15.357143282890316,17.720238467057545,2.3630951841672263,6.860404048073847,-2.5445422293715034,7.2707325977059565,7,0.30434447101186846,first_layer_corruption,first_layer_corruption|dataset=sign|metric=normalised_accuracy_auc,1.0,1.0,1.0,True,"exploratory_repair; inherited retrospective scope, not preregistered"
shared_downstream_repair_20260908,sign,standard,contrast,kaiming,di_wmf,mean_accuracy_drop,10,0.863095186650753,0.32142844051122665,-0.5416667461395264,2.3925723247607213,-2.2532098816913964,1.1698763894123434,4,0.4921941325832853,first_layer_corruption,first_layer_corruption|dataset=sign|metric=mean_accuracy_drop,1.0,,,False,"exploratory_repair; inherited retrospective scope, not preregistered"
shared_downstream_repair_20260908,sign,standard,contrast,kaiming,di_wmf,mean_retention,10,0.9591886677054123,0.9850088409332167,0.025820173227804288,0.12989300518227584,-0.06709968506662006,0.11874003152222865,7,0.5452324298208713,first_layer_corruption,first_layer_corruption|dataset=sign|metric=mean_retention,1.0,1.0,1.0,True,"exploratory_repair; inherited retrospective scope, not preregistered"
shared_downstream_repair_20260908,sign,standard,contrast,kaiming,di_wmf,mean_consistency,10,0.8847023780147234,0.8751190438866615,-0.009583334128061938,0.09092778151042649,-0.07462915057613724,0.05546248232001337,5,0.7465498897099199,first_layer_corruption,first_layer_corruption|dataset=sign|metric=mean_consistency,1.0,,,False,"exploratory_repair; inherited retrospective scope, not preregistered"
shared_downstream_repair_20260908,sign,standard,contrast,kaiming,di_wmf,worst_accuracy,10,14.714286128679912,17.142857611179352,2.42857148249944,6.549230428008238,-2.256465732969465,7.1136086979683455,6,0.27104657884302497,first_layer_corruption,first_layer_corruption|dataset=sign|metric=worst_accuracy,1.0,,,False,"exploratory_repair; inherited retrospective scope, not preregistered"
shared_downstream_repair_20260908,sign,standard,contrast,kaiming,lowrank_wmf,normalised_accuracy_auc,10,15.357143282890316,17.926587723195553,2.569444440305234,5.214612618704996,-1.1608647084471575,6.299753589057625,5,0.1536191550872728,first_layer_corruption,first_layer_corruption|dataset=sign|metric=normalised_accuracy_auc,1.0,1.0,1.0,True,"exploratory_repair; inherited retrospective scope, not preregistered"
shared_downstream_repair_20260908,sign,standard,contrast,kaiming,lowrank_wmf,mean_accuracy_drop,10,0.863095186650753,0.2857142003873984,-0.5773809862633545,2.124971151639014,-2.09749377457676,0.9427318020500508,5,0.4125137873292783,first_layer_corruption,first_layer_corruption|dataset=sign|metric=mean_accuracy_drop,1.0,,,False,"exploratory_repair; inherited retrospective scope, not preregistered"
shared_downstream_repair_20260908,sign,standard,contrast,kaiming,lowrank_wmf,mean_retention,10,0.9591886677054123,0.999557270265241,0.04036860255982851,0.14783854129397062,-0.06538871892344267,0.14612592404309968,5,0.41029028390669237,first_layer_corruption,first_layer_corruption|dataset=sign|metric=mean_retention,1.0,1.0,1.0,True,"exploratory_repair; inherited retrospective scope, not preregistered"
shared_downstream_repair_20260908,sign,standard,contrast,kaiming,lowrank_wmf,mean_consistency,10,0.8847023780147234,0.8852976153294245,0.0005952373147010803,0.06383402632079446,-0.04506887424979242,0.046259348879194584,6,0.9771193277566306,first_layer_corruption,first_layer_corruption|dataset=sign|metric=mean_consistency,1.0,,,False,"exploratory_repair; inherited retrospective scope, not preregistered"
shared_downstream_repair_20260908,sign,standard,contrast,kaiming,lowrank_wmf,worst_accuracy,10,14.714286128679912,17.30952414373557,2.5952380150556564,4.757206583222339,-0.8078625673815529,5.998338597492866,8,0.11858527742072253,first_layer_corruption,first_layer_corruption|dataset=sign|metric=worst_accuracy,1.0,,,False,"exploratory_repair; inherited retrospective scope, not preregistered"
shared_downstream_repair_20260908,sign,standard,gaussian,kaiming,random_stem,normalised_accuracy_auc,10,12.101190713130766,12.029762181142967,-0.07142853198780034,2.79359330853948,-2.069844797724955,1.9269877337493546,5,0.9373265039873225,first_layer_corruption,first_layer_corruption|dataset=sign|metric=normalised_accuracy_auc,1.0,1.0,1.0,True,"exploratory_repair; inherited retrospective scope, not preregistered"
shared_downstream_repair_20260908,sign,standard,gaussian,kaiming,random_stem,mean_accuracy_drop,10,4.226190621654192,2.773809414356947,-1.4523812072972457,6.027907111076562,-5.764486187755543,2.8597237731610514,5,0.4655999927621655,first_layer_corruption,first_layer_corruption|dataset=sign|metric=mean_accuracy_drop,1.0,,,False,"exploratory_repair; inherited retrospective scope, not preregistered"
shared_downstream_repair_20260908,sign,standard,gaussian,kaiming,random_stem,mean_retention,10,0.7742043820428642,0.8817569701735039,0.10755258813063961,0.33366560031095077,-0.13113740333664656,0.3462425795979258,5,0.3346693710990242,first_layer_corruption,first_layer_corruption|dataset=sign|metric=mean_retention,1.0,1.0,1.0,True,"exploratory_repair; inherited retrospective scope, not preregistered"
shared_downstream_repair_20260908,sign,standard,gaussian,kaiming,random_stem,mean_consistency,10,0.6663690524408594,0.7113690454357614,0.04499999299490202,0.2986122576289766,-0.16861434770747769,0.2586143336972817,6,0.6450424727435754,first_layer_corruption,first_layer_corruption|dataset=sign|metric=mean_consistency,1.0,,,False,"exploratory_repair; inherited retrospective scope, not preregistered"
shared_downstream_repair_20260908,sign,standard,gaussian,kaiming,random_stem,worst_accuracy,10,9.95238110423088,10.809524059295656,0.8571429550647736,1.680592023868767,-0.3450801553289651,2.059366065458512,4,0.1412379850794596,first_layer_corruption,first_layer_corruption|dataset=sign|metric=worst_accuracy,1.0,,,False,"exploratory_repair; inherited retrospective scope, not preregistered"
shared_downstream_repair_20260908,sign,standard,gaussian,kaiming,gabor,normalised_accuracy_auc,10,12.101190713130766,13.251984396742449,1.1507936836116839,3.827028500694653,-1.5868975837067945,3.888484950930162,6,0.3664900413011423,first_layer_corruption,first_layer_corruption|dataset=sign|metric=normalised_accuracy_auc,1.0,1.0,1.0,True,"exploratory_repair; inherited retrospective scope, not preregistered"
shared_downstream_repair_20260908,sign,standard,gaussian,kaiming,gabor,mean_accuracy_drop,10,4.226190621654192,6.047619134187698,1.821428512533506,6.469239733315218,-2.806386807073356,6.449243832140368,5,0.3964562046426736,first_layer_corruption,first_layer_corruption|dataset=sign|metric=mean_accuracy_drop,1.0,,,False,"exploratory_repair; inherited retrospective scope, not preregistered"
shared_downstream_repair_20260908,sign,standard,gaussian,kaiming,gabor,mean_retention,10,0.7742043820428642,0.6885356939285843,-0.08566868811428,0.2982895507460045,-0.29905217821932134,0.12771480199076135,5,0.3874421595633341,first_layer_corruption,first_layer_corruption|dataset=sign|metric=mean_retention,1.0,1.0,1.0,True,"exploratory_repair; inherited retrospective scope, not preregistered"
shared_downstream_repair_20260908,sign,standard,gaussian,kaiming,gabor,mean_consistency,10,0.6663690524408594,0.45857143033451087,-0.2077976221063485,0.2539554579330756,-0.38946641274771676,-0.026128831464980268,2,0.029332751073928638,first_layer_corruption,first_layer_corruption|dataset=sign|metric=mean_consistency,1.0,,,False,"exploratory_repair; inherited retrospective scope, not preregistered"
shared_downstream_repair_20260908,sign,standard,gaussian,kaiming,gabor,worst_accuracy,10,9.95238110423088,10.976190716028214,1.0238096117973328,2.1148971274486787,-0.4890966537406003,2.536715877335266,4,0.16016752923270125,first_layer_corruption,first_layer_corruption|dataset=sign|metric=worst_accuracy,1.0,,,False,"exploratory_repair; inherited retrospective scope, not preregistered"
shared_downstream_repair_20260908,sign,standard,gaussian,kaiming,pca,normalised_accuracy_auc,10,12.101190713130766,14.51785750273201,2.4166667896012464,3.7788554317754404,-0.2865635401840727,5.119897119386565,7,0.0738411701393288,first_layer_corruption,first_layer_corruption|dataset=sign|metric=normalised_accuracy_auc,1.0,1.0,1.0,True,"exploratory_repair; inherited retrospective scope, not preregistered"
shared_downstream_repair_20260908,sign,standard,gaussian,kaiming,pca,mean_accuracy_drop,10,4.226190621654192,4.833333495383462,0.6071428737292688,4.6265314875476,-2.7024783765786387,3.9167641240371758,5,0.6878686581401077,first_layer_corruption,first_layer_corruption|dataset=sign|metric=mean_accuracy_drop,1.0,,,False,"exploratory_repair; inherited retrospective scope, not preregistered"
shared_downstream_repair_20260908,sign,standard,gaussian,kaiming,pca,mean_retention,10,0.7742043820428642,0.7712149375449976,-0.002989444497866689,0.1782677884389773,-0.13051453806980653,0.12453564907407315,5,0.958866817294996,first_layer_corruption,first_layer_corruption|dataset=sign|metric=mean_retention,1.0,1.0,1.0,True,"exploratory_repair; inherited retrospective scope, not preregistered"
shared_downstream_repair_20260908,sign,standard,gaussian,kaiming,pca,mean_consistency,10,0.6663690524408594,0.6338690469041467,-0.03250000553671271,0.2611507902274765,-0.2193160268256344,0.154316015752209,5,0.7030790564011429,first_layer_corruption,first_layer_corruption|dataset=sign|metric=mean_consistency,1.0,,,False,"exploratory_repair; inherited retrospective scope, not preregistered"
shared_downstream_repair_20260908,sign,standard,gaussian,kaiming,pca,worst_accuracy,10,9.95238110423088,10.50000029305617,0.5476191888252895,2.2505285224091565,-1.0623119317640564,2.1575503094146353,5,0.4613284928043552,first_layer_corruption,first_layer_corruption|dataset=sign|metric=worst_accuracy,1.0,,,False,"exploratory_repair; inherited retrospective scope, not preregistered"
shared_downstream_repair_20260908,sign,standard,gaussian,kaiming,kmeans,normalised_accuracy_auc,10,12.101190713130766,18.736111438936657,6.634920725805891,6.420368458890888,2.042065809862061,11.227775641749721,9,0.00971444747601921,first_layer_corruption,first_layer_corruption|dataset=sign|metric=normalised_accuracy_auc,0.44686458389688366,1.0,1.0,True,"exploratory_repair; inherited retrospective scope, not preregistered"
shared_downstream_repair_20260908,sign,standard,gaussian,kaiming,kmeans,mean_accuracy_drop,10,4.226190621654192,0.7023808049658935,-3.523809816688299,5.8836507188668214,-7.7327199907489454,0.6851003573723471,4,0.09076346426454077,first_layer_corruption,first_layer_corruption|dataset=sign|metric=mean_accuracy_drop,1.0,,,False,"exploratory_repair; inherited retrospective scope, not preregistered"
shared_downstream_repair_20260908,sign,standard,gaussian,kaiming,kmeans,mean_retention,10,0.7742043820428642,0.9811294910878908,0.20692510904502653,0.3072614994827884,-0.012876526548887962,0.426726744638941,6,0.06205835558444149,first_layer_corruption,first_layer_corruption|dataset=sign|metric=mean_retention,1.0,1.0,1.0,True,"exploratory_repair; inherited retrospective scope, not preregistered"
shared_downstream_repair_20260908,sign,standard,gaussian,kaiming,kmeans,mean_consistency,10,0.6663690524408594,0.788392856468757,0.12202380402789763,0.22905025167540483,-0.041828875322422035,0.2858764833782173,6,0.12633733926559354,first_layer_corruption,first_layer_corruption|dataset=sign|metric=mean_consistency,1.0,,,False,"exploratory_repair; inherited retrospective scope, not preregistered"
shared_downstream_repair_20260908,sign,standard,gaussian,kaiming,kmeans,worst_accuracy,10,9.95238110423088,18.476190716028214,8.523809611797333,4.693691279385328,5.166145140594754,11.881474082999912,10,0.000278835605303235,first_layer_corruption,first_layer_corruption|dataset=sign|metric=worst_accuracy,0.013105273449252046,,,False,"exploratory_repair; inherited retrospective scope, not preregistered"
shared_downstream_repair_20260908,sign,standard,gaussian,kaiming,di_wmf,normalised_accuracy_auc,10,12.101190713130766,15.904762231641346,3.8035715185105787,6.0072722902092135,-0.4937722003367928,8.10091523735795,6,0.07627788893820289,first_layer_corruption,first_layer_corruption|dataset=sign|metric=normalised_accuracy_auc,1.0,1.0,1.0,True,"exploratory_repair; inherited retrospective scope, not preregistered"
shared_downstream_repair_20260908,sign,standard,gaussian,kaiming,di_wmf,mean_accuracy_drop,10,4.226190621654192,2.315476130073269,-1.9107144915809235,6.029229383897708,-6.223765369033405,2.4023363858715574,4,0.34245086386689105,first_layer_corruption,first_layer_corruption|dataset=sign|metric=mean_accuracy_drop,1.0,,,False,"exploratory_repair; inherited retrospective scope, not preregistered"
shared_downstream_repair_20260908,sign,standard,gaussian,kaiming,di_wmf,mean_retention,10,0.7742043820428642,0.8792413922644231,0.1050370102215589,0.31575649661401795,-0.12084158023638161,0.33091560067949943,7,0.3202509952938256,first_layer_corruption,first_layer_corruption|dataset=sign|metric=mean_retention,1.0,1.0,1.0,True,"exploratory_repair; inherited retrospective scope, not preregistered"
shared_downstream_repair_20260908,sign,standard,gaussian,kaiming,di_wmf,mean_consistency,10,0.6663690524408594,0.7693452380597592,0.10297618561889972,0.19056194562825107,-0.03334361820147598,0.23929598943927544,6,0.12165425015860204,first_layer_corruption,first_layer_corruption|dataset=sign|metric=mean_consistency,1.0,,,False,"exploratory_repair; inherited retrospective scope, not preregistered"
shared_downstream_repair_20260908,sign,standard,gaussian,kaiming,di_wmf,worst_accuracy,10,9.95238110423088,12.976190807918709,3.023809703687827,4.228081131639718,-0.0007773328349083286,6.0483967402105625,8,0.05004753490879926,first_layer_corruption,first_layer_corruption|dataset=sign|metric=worst_accuracy,1.0,,,False,"exploratory_repair; inherited retrospective scope, not preregistered"
shared_downstream_repair_20260908,sign,standard,gaussian,kaiming,lowrank_wmf,normalised_accuracy_auc,10,12.101190713130766,16.07341304421425,3.9722223310834828,4.75025034692682,0.5740979403198363,7.370346721847129,9,0.026723044950026392,first_layer_corruption,first_layer_corruption|dataset=sign|metric=normalised_accuracy_auc,1.0,1.0,1.0,True,"exploratory_repair; inherited retrospective scope, not preregistered"
shared_downstream_repair_20260908,sign,standard,gaussian,kaiming,lowrank_wmf,mean_accuracy_drop,10,4.226190621654192,2.363095209002495,-1.8630954126516976,5.428032432606029,-5.746075899149167,2.019885073845772,4,0.30595757291084835,first_layer_corruption,first_layer_corruption|dataset=sign|metric=mean_accuracy_drop,1.0,,,False,"exploratory_repair; inherited retrospective scope, not preregistered"
shared_downstream_repair_20260908,sign,standard,gaussian,kaiming,lowrank_wmf,mean_retention,10,0.7742043820428642,0.9117652377477382,0.13756085570487392,0.3246473377876002,-0.09467785938647702,0.36979957079622483,6,0.21311314874677767,first_layer_corruption,first_layer_corruption|dataset=sign|metric=mean_retention,1.0,1.0,1.0,True,"exploratory_repair; inherited retrospective scope, not preregistered"
shared_downstream_repair_20260908,sign,standard,gaussian,kaiming,lowrank_wmf,mean_consistency,10,0.6663690524408594,0.6897023813178141,0.0233333288769548,0.2541344967973173,-0.1584635384523859,0.2051301962062955,6,0.7781318724485775,first_layer_corruption,first_layer_corruption|dataset=sign|metric=mean_consistency,1.0,,,False,"exploratory_repair; inherited retrospective scope, not preregistered"
shared_downstream_repair_20260908,sign,standard,gaussian,kaiming,lowrank_wmf,worst_accuracy,10,9.95238110423088,11.880952641367912,1.9285715371370316,2.908381109768131,-0.15195897493022636,4.009102049204289,6,0.06544322477208286,first_layer_corruption,first_layer_corruption|dataset=sign|metric=worst_accuracy,1.0,,,False,"exploratory_repair; inherited retrospective scope, not preregistered"
shared_downstream_repair_20260908,sign,standard,occlusion,kaiming,random_stem,normalised_accuracy_auc,10,13.803571837229862,13.623016104102135,-0.1805557331277269,4.368179390246388,-3.3053630264592075,2.9442515602037536,4,0.8988793046074809,first_layer_corruption,first_layer_corruption|dataset=sign|metric=normalised_accuracy_auc,1.0,1.0,1.0,True,"exploratory_repair; inherited retrospective scope, not preregistered"
shared_downstream_repair_20260908,sign,standard,occlusion,kaiming,random_stem,mean_accuracy_drop,10,2.5238095068683224,1.1071427973608177,-1.4166667095075052,3.5533934185428837,-3.958611231092866,1.1252778120778555,4,0.2391055948166138,first_layer_corruption,first_layer_corruption|dataset=sign|metric=mean_accuracy_drop,1.0,,,False,"exploratory_repair; inherited retrospective scope, not preregistered"
shared_downstream_repair_20260908,sign,standard,occlusion,kaiming,random_stem,mean_retention,10,0.8636864226458154,0.9454630051217008,0.08177658247588526,0.17445817272529127,-0.043023276186174894,0.20657644113794543,7,0.1724038584082,first_layer_corruption,first_layer_corruption|dataset=sign|metric=mean_retention,1.0,1.0,1.0,True,"exploratory_repair; inherited retrospective scope, not preregistered"
shared_downstream_repair_20260908,sign,standard,occlusion,kaiming,random_stem,mean_consistency,10,0.7821428584555784,0.8526785651842754,0.07053570672869683,0.111890780055274,-0.009506135498288132,0.1505775489556818,8,0.07735996662096493,first_layer_corruption,first_layer_corruption|dataset=sign|metric=mean_consistency,1.0,,,False,"exploratory_repair; inherited retrospective scope, not preregistered"
shared_downstream_repair_20260908,sign,standard,occlusion,kaiming,random_stem,worst_accuracy,10,11.166666895151138,12.500000248352686,1.333333353201548,2.6965447493578614,-0.5956585555105331,3.262325261913629,6,0.15234458858918043,first_layer_corruption,first_layer_corruption|dataset=sign|metric=worst_accuracy,1.0,,,False,"exploratory_repair; inherited retrospective scope, not preregistered"
shared_downstream_repair_20260908,sign,standard,occlusion,kaiming,gabor,normalised_accuracy_auc,10,13.803571837229862,17.113095650242435,3.3095238130125724,4.638566568817523,-0.008706815795692435,6.627754441820837,7,0.05048740360255172,first_layer_corruption,first_layer_corruption|dataset=sign|metric=normalised_accuracy_auc,1.0,1.0,1.0,True,"exploratory_repair; inherited retrospective scope, not preregistered"
shared_downstream_repair_20260908,sign,standard,occlusion,kaiming,gabor,mean_accuracy_drop,10,2.5238095068683224,2.0178570908804736,-0.5059524159878492,3.941302222807111,-3.3253901795904475,2.313485347614749,4,0.6942631603149736,first_layer_corruption,first_layer_corruption|dataset=sign|metric=mean_accuracy_drop,1.0,,,False,"exploratory_repair; inherited retrospective scope, not preregistered"
shared_downstream_repair_20260908,sign,standard,occlusion,kaiming,gabor,mean_retention,10,0.8636864226458154,0.894997488570018,0.03131106592420254,0.21208087826938848,-0.12040245497012836,0.18302458681853345,6,0.6516882223553009,first_layer_corruption,first_layer_corruption|dataset=sign|metric=mean_retention,1.0,1.0,1.0,True,"exploratory_repair; inherited retrospective scope, not preregistered"
shared_downstream_repair_20260908,sign,standard,occlusion,kaiming,gabor,mean_consistency,10,0.7821428584555784,0.8581547603011132,0.07601190184553465,0.14292327850903655,-0.02622925245987333,0.1782530561509426,7,0.12690010330173807,first_layer_corruption,first_layer_corruption|dataset=sign|metric=mean_consistency,1.0,,,False,"exploratory_repair; inherited retrospective scope, not preregistered"
shared_downstream_repair_20260908,sign,standard,occlusion,kaiming,gabor,worst_accuracy,10,11.166666895151138,15.500000392397244,4.333333497246106,4.429965167579412,1.1643273214086811,7.502339673083531,8,0.012860810396460563,first_layer_corruption,first_layer_corruption|dataset=sign|metric=worst_accuracy,0.5401540366513436,,,False,"exploratory_repair; inherited retrospective scope, not preregistered"
shared_downstream_repair_20260908,sign,standard,occlusion,kaiming,pca,normalised_accuracy_auc,10,13.803571837229862,16.21230206141869,2.408730224188831,5.030771287049234,-1.1900667583607674,6.007527206738429,7,0.1642993919859854,first_layer_corruption,first_layer_corruption|dataset=sign|metric=normalised_accuracy_auc,1.0,1.0,1.0,True,"exploratory_repair; inherited retrospective scope, not preregistered"
shared_downstream_repair_20260908,sign,standard,occlusion,kaiming,pca,mean_accuracy_drop,10,2.5238095068683224,3.0119047996898494,0.4880952928215264,3.379405494638528,-1.9293857658433544,2.9055763514864075,5,0.6586847858693667,first_layer_corruption,first_layer_corruption|dataset=sign|metric=mean_accuracy_drop,1.0,,,False,"exploratory_repair; inherited retrospective scope, not preregistered"
shared_downstream_repair_20260908,sign,standard,occlusion,kaiming,pca,mean_retention,10,0.8636864226458154,0.8664167274423654,0.0027303047965498983,0.12957087606793255,-0.08995911621131478,0.09541972580441457,6,0.9483289134670677,first_layer_corruption,first_layer_corruption|dataset=sign|metric=mean_retention,1.0,1.0,1.0,True,"exploratory_repair; inherited retrospective scope, not preregistered"
shared_downstream_repair_20260908,sign,standard,occlusion,kaiming,pca,mean_consistency,10,0.7821428584555784,0.7815476196507614,-0.0005952388048171998,0.12205880924546222,-0.08791085093311461,0.08672037332348022,5,0.9880324906705293,first_layer_corruption,first_layer_corruption|dataset=sign|metric=mean_consistency,1.0,,,False,"exploratory_repair; inherited retrospective scope, not preregistered"
shared_downstream_repair_20260908,sign,standard,occlusion,kaiming,pca,worst_accuracy,10,11.166666895151138,13.857143272956213,2.690476377805074,3.868671154262987,-0.07700424932645555,5.457957004936604,7,0.05541160779249256,first_layer_corruption,first_layer_corruption|dataset=sign|metric=worst_accuracy,1.0,,,False,"exploratory_repair; inherited retrospective scope, not preregistered"
shared_downstream_repair_20260908,sign,standard,occlusion,kaiming,kmeans,normalised_accuracy_auc,10,13.803571837229862,19.432540064056717,5.628968226826854,5.533663886357762,1.6704235504003617,9.587512903253346,8,0.010544340892100533,first_layer_corruption,first_layer_corruption|dataset=sign|metric=normalised_accuracy_auc,0.474495340144524,1.0,1.0,True,"exploratory_repair; inherited retrospective scope, not preregistered"
shared_downstream_repair_20260908,sign,standard,occlusion,kaiming,kmeans,mean_accuracy_drop,10,2.5238095068683224,0.053571226696173334,-2.470238280172149,4.236958830461107,-5.501176039855893,0.5606994795115945,2,0.09833521671648404,first_layer_corruption,first_layer_corruption|dataset=sign|metric=mean_accuracy_drop,1.0,,,False,"exploratory_repair; inherited retrospective scope, not preregistered"
shared_downstream_repair_20260908,sign,standard,occlusion,kaiming,kmeans,mean_retention,10,0.8636864226458154,1.0265315747103698,0.1628451520645544,0.22333126732821232,0.003083587662137066,0.32260671646697175,8,0.046553934253899955,first_layer_corruption,first_layer_corruption|dataset=sign|metric=mean_retention,1.0,1.0,1.0,True,"exploratory_repair; inherited retrospective scope, not preregistered"
shared_downstream_repair_20260908,sign,standard,occlusion,kaiming,kmeans,mean_consistency,10,0.7821428584555784,0.7893452361226082,0.007202377667029714,0.1259370421989554,-0.08288755518751205,0.09729231052157149,5,0.8604910976695831,first_layer_corruption,first_layer_corruption|dataset=sign|metric=mean_consistency,1.0,,,False,"exploratory_repair; inherited retrospective scope, not preregistered"
shared_downstream_repair_20260908,sign,standard,occlusion,kaiming,kmeans,worst_accuracy,10,11.166666895151138,19.333333671092987,8.166666775941849,3.4795046304121446,5.677579109219616,10.655754442664081,10,4.008478193425919e-05,first_layer_corruption,first_layer_corruption|dataset=sign|metric=worst_accuracy,0.001924069532844441,,,False,"exploratory_repair; inherited retrospective scope, not preregistered"
shared_downstream_repair_20260908,sign,standard,occlusion,kaiming,di_wmf,normalised_accuracy_auc,10,13.803571837229862,17.62103210720751,3.817460269977647,7.5844951802974965,-1.6081607355493883,9.243081275504682,7,0.14592689344295562,first_layer_corruption,first_layer_corruption|dataset=sign|metric=normalised_accuracy_auc,1.0,1.0,1.0,True,"exploratory_repair; inherited retrospective scope, not preregistered"
shared_downstream_repair_20260908,sign,standard,occlusion,kaiming,di_wmf,mean_accuracy_drop,10,2.5238095068683224,0.41666656732559215,-2.1071429395427304,3.1851510769157563,-4.385662758974316,0.17137687988885553,2,0.0659678168032727,first_layer_corruption,first_layer_corruption|dataset=sign|metric=mean_accuracy_drop,1.0,,,False,"exploratory_repair; inherited retrospective scope, not preregistered"
shared_downstream_repair_20260908,sign,standard,occlusion,kaiming,di_wmf,mean_retention,10,0.8636864226458154,0.9753641385360281,0.11167771589021255,0.18030187225426092,-0.017302473586313566,0.24065790536673867,8,0.08181613842631538,first_layer_corruption,first_layer_corruption|dataset=sign|metric=mean_retention,1.0,1.0,1.0,True,"exploratory_repair; inherited retrospective scope, not preregistered"
shared_downstream_repair_20260908,sign,standard,occlusion,kaiming,di_wmf,mean_consistency,10,0.7821428584555784,0.7852380951245626,0.0030952366689840916,0.11263614691209028,-0.07747980888650605,0.08367028222447423,6,0.9326542746620105,first_layer_corruption,first_layer_corruption|dataset=sign|metric=mean_consistency,1.0,,,False,"exploratory_repair; inherited retrospective scope, not preregistered"
shared_downstream_repair_20260908,sign,standard,occlusion,kaiming,di_wmf,worst_accuracy,10,11.166666895151138,17.238095651070278,6.071428755919139,7.747958912968686,0.5288728403500249,11.613984671488254,8,0.03510569685364021,first_layer_corruption,first_layer_corruption|dataset=sign|metric=worst_accuracy,1.0,,,False,"exploratory_repair; inherited retrospective scope, not preregistered"
shared_downstream_repair_20260908,sign,standard,occlusion,kaiming,lowrank_wmf,normalised_accuracy_auc,10,13.803571837229862,17.21627023898893,3.4126984017590694,4.6495790996702695,0.08658988295307646,6.738806920565063,6,0.045407775229428064,first_layer_corruption,first_layer_corruption|dataset=sign|metric=normalised_accuracy_auc,1.0,1.0,1.0,True,"exploratory_repair; inherited retrospective scope, not preregistered"
shared_downstream_repair_20260908,sign,standard,occlusion,kaiming,lowrank_wmf,mean_accuracy_drop,10,2.5238095068683224,1.0416665983696778,-1.4821429084986448,3.555126905040716,-4.025327491621637,1.0610416746243465,3,0.21994549114117223,first_layer_corruption,first_layer_corruption|dataset=sign|metric=mean_accuracy_drop,1.0,,,False,"exploratory_repair; inherited retrospective scope, not preregistered"
shared_downstream_repair_20260908,sign,standard,occlusion,kaiming,lowrank_wmf,mean_retention,10,0.8636864226458154,0.9711167749519811,0.10743035230616575,0.24302859137772395,-0.06642182888421179,0.2812825334965433,7,0.19564400333743068,first_layer_corruption,first_layer_corruption|dataset=sign|metric=mean_retention,1.0,1.0,1.0,True,"exploratory_repair; inherited retrospective scope, not preregistered"
shared_downstream_repair_20260908,sign,standard,occlusion,kaiming,lowrank_wmf,mean_consistency,10,0.7821428584555784,0.7973809532821179,0.015238094826539327,0.11207462220706486,-0.06493526015333774,0.0954114498064164,7,0.6773392053633791,first_layer_corruption,first_layer_corruption|dataset=sign|metric=mean_consistency,1.0,,,False,"exploratory_repair; inherited retrospective scope, not preregistered"
shared_downstream_repair_20260908,sign,standard,occlusion,kaiming,lowrank_wmf,worst_accuracy,10,11.166666895151138,15.95238136748473,4.7857144723335905,3.543008707254098,2.2511987256851747,7.320230218982006,9,0.0020759040364254303,first_layer_corruption,first_layer_corruption|dataset=sign|metric=worst_accuracy,0.0954915856755698,,,False,"exploratory_repair; inherited retrospective scope, not preregistered"
shared_downstream_repair_20260908,sign,standard,rotation,kaiming,random_stem,normalised_accuracy_auc,10,15.121032177574104,14.742063668866951,-0.37896850870715293,5.665789296909752,-4.432030010026221,3.674092992611915,4,0.8371969330400066,first_layer_corruption,first_layer_corruption|dataset=sign|metric=normalised_accuracy_auc,1.0,1.0,1.0,True,"exploratory_repair; inherited retrospective scope, not preregistered"
shared_downstream_repair_20260908,sign,standard,rotation,kaiming,random_stem,mean_accuracy_drop,10,1.083333274970452,-0.1190476243694623,-1.2023808993399143,2.0292099169906876,-2.653990227123362,0.24922842844353332,3,0.09373414788435848,first_layer_corruption,first_layer_corruption|dataset=sign|metric=mean_accuracy_drop,1.0,,,False,"exploratory_repair; inherited retrospective scope, not preregistered"
shared_downstream_repair_20260908,sign,standard,rotation,kaiming,random_stem,mean_retention,10,0.9415780739625579,1.0171411656281328,0.07556309166557516,0.12007193321831336,-0.010331194975393754,0.16145737830654408,6,0.0777878976891598,first_layer_corruption,first_layer_corruption|dataset=sign|metric=mean_retention,1.0,1.0,1.0,True,"exploratory_repair; inherited retrospective scope, not preregistered"
shared_downstream_repair_20260908,sign,standard,rotation,kaiming,random_stem,mean_consistency,10,0.8986904750267664,0.9410119036833444,0.04232142865657805,0.062279117361658864,-0.002230368045842139,0.08687322535899825,8,0.060143389303825144,first_layer_corruption,first_layer_corruption|dataset=sign|metric=mean_consistency,1.0,,,False,"exploratory_repair; inherited retrospective scope, not preregistered"
shared_downstream_repair_20260908,sign,standard,rotation,kaiming,random_stem,worst_accuracy,10,14.547619447112083,14.523809726039568,-0.02380972107251491,5.178168718981408,-3.728048474477135,3.680429032332105,4,0.988716030567741,first_layer_corruption,first_layer_corruption|dataset=sign|metric=worst_accuracy,1.0,,,False,"exploratory_repair; inherited retrospective scope, not preregistered"
shared_downstream_repair_20260908,sign,standard,rotation,kaiming,gabor,normalised_accuracy_auc,10,15.121032177574104,16.863095661004387,1.7420634834302795,4.794976220567348,-1.6880558699176895,5.172182836778249,7,0.2802188746717903,first_layer_corruption,first_layer_corruption|dataset=sign|metric=normalised_accuracy_auc,1.0,1.0,1.0,True,"exploratory_repair; inherited retrospective scope, not preregistered"
shared_downstream_repair_20260908,sign,standard,rotation,kaiming,gabor,mean_accuracy_drop,10,1.083333274970452,2.285714211563269,1.202380936592817,2.7763317139568344,-0.7836871282515763,3.1884490014372107,5,0.2040320711083685,first_layer_corruption,first_layer_corruption|dataset=sign|metric=mean_accuracy_drop,1.0,,,False,"exploratory_repair; inherited retrospective scope, not preregistered"
shared_downstream_repair_20260908,sign,standard,rotation,kaiming,gabor,mean_retention,10,0.9415780739625579,0.881955314890501,-0.05962275907205664,0.1438619100130007,-0.162535369905987,0.043289851761873714,5,0.22245296373760615,first_layer_corruption,first_layer_corruption|dataset=sign|metric=mean_retention,1.0,1.0,1.0,True,"exploratory_repair; inherited retrospective scope, not preregistered"
shared_downstream_repair_20260908,sign,standard,rotation,kaiming,gabor,mean_consistency,10,0.8986904750267664,0.8351785709460577,-0.06351190408070884,0.10330655776402198,-0.13741296360925934,0.010389155447841664,2,0.08375118249236004,first_layer_corruption,first_layer_corruption|dataset=sign|metric=mean_consistency,1.0,,,False,"exploratory_repair; inherited retrospective scope, not preregistered"
shared_downstream_repair_20260908,sign,standard,rotation,kaiming,gabor,worst_accuracy,10,14.547619447112083,16.11904804905256,1.571428601940473,4.608918085518126,-1.7255927795880126,4.868449983468959,7,0.30899675084814854,first_layer_corruption,first_layer_corruption|dataset=sign|metric=worst_accuracy,1.0,,,False,"exploratory_repair; inherited retrospective scope, not preregistered"
shared_downstream_repair_20260908,sign,standard,rotation,kaiming,pca,normalised_accuracy_auc,10,15.121032177574104,17.8809528094199,2.759920631845792,6.603884460970632,-1.96421372354191,7.484054987233494,7,0.2189113290199858,first_layer_corruption,first_layer_corruption|dataset=sign|metric=normalised_accuracy_auc,1.0,1.0,1.0,True,"exploratory_repair; inherited retrospective scope, not preregistered"
shared_downstream_repair_20260908,sign,standard,rotation,kaiming,pca,mean_accuracy_drop,10,1.083333274970452,1.2142857971290746,0.13095252215862274,2.166572288668868,-1.41891992682532,1.6808249711425656,5,0.8526619814705583,first_layer_corruption,first_layer_corruption|dataset=sign|metric=mean_accuracy_drop,1.0,,,False,"exploratory_repair; inherited retrospective scope, not preregistered"
shared_downstream_repair_20260908,sign,standard,rotation,kaiming,pca,mean_retention,10,0.9415780739625579,0.9491501159247584,0.0075720419622005595,0.08914933403805655,-0.05620154980460884,0.07134563372900996,5,0.7942981100409928,first_layer_corruption,first_layer_corruption|dataset=sign|metric=mean_retention,1.0,1.0,1.0,True,"exploratory_repair; inherited retrospective scope, not preregistered"
shared_downstream_repair_20260908,sign,standard,rotation,kaiming,pca,mean_consistency,10,0.8986904750267664,0.8797023812929788,-0.01898809373378756,0.07949316966438999,-0.07585408163070667,0.03787789416313156,5,0.46934131885290203,first_layer_corruption,first_layer_corruption|dataset=sign|metric=mean_consistency,1.0,,,False,"exploratory_repair; inherited retrospective scope, not preregistered"
shared_downstream_repair_20260908,sign,standard,rotation,kaiming,pca,worst_accuracy,10,14.547619447112083,17.428571805357933,2.8809523582458496,7.031271312566312,-2.1489161329518813,7.9108208494435805,6,0.22732381093922818,first_layer_corruption,first_layer_corruption|dataset=sign|metric=worst_accuracy,1.0,,,False,"exploratory_repair; inherited retrospective scope, not preregistered"
shared_downstream_repair_20260908,sign,standard,rotation,kaiming,kmeans,normalised_accuracy_auc,10,15.121032177574104,18.400793994466465,3.2797618168923592,7.386171995405242,-2.0039873287079044,8.563510962492623,6,0.19382047709400615,first_layer_corruption,first_layer_corruption|dataset=sign|metric=normalised_accuracy_auc,1.0,1.0,1.0,True,"exploratory_repair; inherited retrospective scope, not preregistered"
shared_downstream_repair_20260908,sign,standard,rotation,kaiming,kmeans,mean_accuracy_drop,10,1.083333274970452,1.1011903112133345,0.01785703624288244,2.0646459004277213,-1.459101667012109,1.494815739497874,5,0.9787771141169574,first_layer_corruption,first_layer_corruption|dataset=sign|metric=mean_accuracy_drop,1.0,,,False,"exploratory_repair; inherited retrospective scope, not preregistered"
shared_downstream_repair_20260908,sign,standard,rotation,kaiming,kmeans,mean_retention,10,0.9415780739625579,0.9480481536830732,0.006470079720515598,0.10510298003450733,-0.0687160628852661,0.0816562223262973,5,0.8499762565889629,first_layer_corruption,first_layer_corruption|dataset=sign|metric=mean_retention,1.0,1.0,1.0,True,"exploratory_repair; inherited retrospective scope, not preregistered"
shared_downstream_repair_20260908,sign,standard,rotation,kaiming,kmeans,mean_consistency,10,0.8986904750267664,0.8405952379107475,-0.05809523711601894,0.09174487682518125,-0.12372556834034033,0.007535094108302456,3,0.07625269250202088,first_layer_corruption,first_layer_corruption|dataset=sign|metric=mean_consistency,1.0,,,False,"exploratory_repair; inherited retrospective scope, not preregistered"
shared_downstream_repair_20260908,sign,standard,rotation,kaiming,kmeans,worst_accuracy,10,14.547619447112083,17.690476477146145,3.1428570300340652,7.648586964448384,-2.3286124759012887,8.614326535969418,5,0.2261028593191918,first_layer_corruption,first_layer_corruption|dataset=sign|metric=worst_accuracy,1.0,,,False,"exploratory_repair; inherited retrospective scope, not preregistered"
shared_downstream_repair_20260908,sign,standard,rotation,kaiming,di_wmf,normalised_accuracy_auc,10,15.121032177574104,17.78174632953273,2.660714151958625,7.351174617138659,-2.5979993774077714,7.919427681325021,7,0.2819141481050793,first_layer_corruption,first_layer_corruption|dataset=sign|metric=normalised_accuracy_auc,1.0,1.0,1.0,True,"exploratory_repair; inherited retrospective scope, not preregistered"
shared_downstream_repair_20260908,sign,standard,rotation,kaiming,di_wmf,mean_accuracy_drop,10,1.083333274970452,0.2857142438491186,-0.7976190311213335,2.6183258307036157,-2.670656496196542,1.0754184339538755,5,0.360553083596996,first_layer_corruption,first_layer_corruption|dataset=sign|metric=mean_accuracy_drop,1.0,,,False,"exploratory_repair; inherited retrospective scope, not preregistered"
shared_downstream_repair_20260908,sign,standard,rotation,kaiming,di_wmf,mean_retention,10,0.9415780739625579,0.9904828901073515,0.048904816144793826,0.12482011405832967,-0.04038611445087834,0.138195746740466,5,0.24668774890760323,first_layer_corruption,first_layer_corruption|dataset=sign|metric=mean_retention,1.0,1.0,1.0,True,"exploratory_repair; inherited retrospective scope, not preregistered"
shared_downstream_repair_20260908,sign,standard,rotation,kaiming,di_wmf,mean_consistency,10,0.8986904750267664,0.8633928562204044,-0.03529761880636216,0.07715067745669242,-0.09048788872532236,0.01989265111259804,3,0.18186986690882995,first_layer_corruption,first_layer_corruption|dataset=sign|metric=mean_consistency,1.0,,,False,"exploratory_repair; inherited retrospective scope, not preregistered"
shared_downstream_repair_20260908,sign,standard,rotation,kaiming,di_wmf,worst_accuracy,10,14.547619447112083,17.35714316368103,2.809523716568947,7.185761837206064,-2.330860638336861,7.949908071474755,6,0.24760207432568734,first_layer_corruption,first_layer_corruption|dataset=sign|metric=worst_accuracy,1.0,,,False,"exploratory_repair; inherited retrospective scope, not preregistered"
shared_downstream_repair_20260908,sign,standard,rotation,kaiming,lowrank_wmf,normalised_accuracy_auc,10,15.121032177574104,16.81746071204543,1.6964285344713261,5.80918463767221,-2.459211814146183,5.852068883088835,4,0.37985720169640125,first_layer_corruption,first_layer_corruption|dataset=sign|metric=normalised_accuracy_auc,1.0,1.0,1.0,True,"exploratory_repair; inherited retrospective scope, not preregistered"
shared_downstream_repair_20260908,sign,standard,rotation,kaiming,lowrank_wmf,mean_accuracy_drop,10,1.083333274970452,1.3988094652692475,0.31547619029879553,2.5970166576936373,-1.5423176107032017,2.173269991300793,5,0.7097916361686081,first_layer_corruption,first_layer_corruption|dataset=sign|metric=mean_accuracy_drop,1.0,,,False,"exploratory_repair; inherited retrospective scope, not preregistered"
shared_downstream_repair_20260908,sign,standard,rotation,kaiming,lowrank_wmf,mean_retention,10,0.9415780739625579,0.9303466231634854,-0.01123145079907235,0.13797916782878533,-0.10993580138547929,0.08747289978733458,5,0.8026523686313531,first_layer_corruption,first_layer_corruption|dataset=sign|metric=mean_retention,1.0,1.0,1.0,True,"exploratory_repair; inherited retrospective scope, not preregistered"
shared_downstream_repair_20260908,sign,standard,rotation,kaiming,lowrank_wmf,mean_consistency,10,0.8986904750267664,0.8326785723368326,-0.06601190268993379,0.0678301306087002,-0.11453465505375965,-0.017489150326107934,2,0.013192907186022892,first_layer_corruption,first_layer_corruption|dataset=sign|metric=mean_consistency,0.5936808233710301,,,False,"exploratory_repair; inherited retrospective scope, not preregistered"
shared_downstream_repair_20260908,sign,standard,rotation,kaiming,lowrank_wmf,worst_accuracy,10,14.547619447112083,15.85714320341746,1.3095237563053765,5.567164710864625,-2.6729859662878113,5.292033478898564,4,0.4759436839660794,first_layer_corruption,first_layer_corruption|dataset=sign|metric=worst_accuracy,1.0,,,False,"exploratory_repair; inherited retrospective scope, not preregistered"
shared_downstream_repair_20260908,sign,standard,salt_pepper,kaiming,random_stem,normalised_accuracy_auc,10,10.781746212806969,11.325397048559456,0.5436508357524866,1.8919321932482112,-0.8097559243158473,1.8970575958208205,6,0.38720093685868706,first_layer_corruption,first_layer_corruption|dataset=sign|metric=normalised_accuracy_auc,1.0,1.0,1.0,True,"exploratory_repair; inherited retrospective scope, not preregistered"
shared_downstream_repair_20260908,sign,standard,salt_pepper,kaiming,random_stem,mean_accuracy_drop,10,5.791666880249977,3.571428507566453,-2.220238372683525,6.58066762431073,-6.927764403631773,2.487287658264723,4,0.3137926791169672,first_layer_corruption,first_layer_corruption|dataset=sign|metric=mean_accuracy_drop,1.0,,,False,"exploratory_repair; inherited retrospective scope, not preregistered"
shared_downstream_repair_20260908,sign,standard,salt_pepper,kaiming,random_stem,mean_retention,10,0.6800858741800299,0.8366881695014319,0.15660229532140205,0.35127265550425824,-0.09468302467222331,0.4078876153150274,6,0.1922100006946402,first_layer_corruption,first_layer_corruption|dataset=sign|metric=mean_retention,1.0,1.0,1.0,True,"exploratory_repair; inherited retrospective scope, not preregistered"
shared_downstream_repair_20260908,sign,standard,salt_pepper,kaiming,random_stem,mean_consistency,10,0.62821429168107,0.5810714245463411,-0.047142867134728796,0.3716925822089749,-0.313035722715988,0.2187499884465304,6,0.697716089707336,first_layer_corruption,first_layer_corruption|dataset=sign|metric=mean_consistency,1.0,,,False,"exploratory_repair; inherited retrospective scope, not preregistered"
shared_downstream_repair_20260908,sign,standard,salt_pepper,kaiming,random_stem,worst_accuracy,10,10.095238238573074,10.30952401459217,0.21428577601909637,1.1902117568113901,-0.6371404237834087,1.0657119758216016,2,0.5830558359830417,first_layer_corruption,first_layer_corruption|dataset=sign|metric=worst_accuracy,1.0,,,False,"exploratory_repair; inherited retrospective scope, not preregistered"
shared_downstream_repair_20260908,sign,standard,salt_pepper,kaiming,gabor,normalised_accuracy_auc,10,10.781746212806969,11.686508173329962,0.904761960522996,2.1245544910580048,-0.6150527667663384,2.4245766878123303,5,0.21101118160678192,first_layer_corruption,first_layer_corruption|dataset=sign|metric=normalised_accuracy_auc,1.0,1.0,1.0,True,"exploratory_repair; inherited retrospective scope, not preregistered"
shared_downstream_repair_20260908,sign,standard,salt_pepper,kaiming,gabor,mean_accuracy_drop,10,5.791666880249977,7.934523945053419,2.1428570648034415,5.6849997981849825,-1.9239468012700205,6.209660930876904,7,0.2637566065233641,first_layer_corruption,first_layer_corruption|dataset=sign|metric=mean_accuracy_drop,1.0,,,False,"exploratory_repair; inherited retrospective scope, not preregistered"
shared_downstream_repair_20260908,sign,standard,salt_pepper,kaiming,gabor,mean_retention,10,0.6800858741800299,0.5904084670366339,-0.08967740714339612,0.21155816487610532,-0.24101700140199855,0.061662187115206324,4,0.21294901748902015,first_layer_corruption,first_layer_corruption|dataset=sign|metric=mean_retention,1.0,1.0,1.0,True,"exploratory_repair; inherited retrospective scope, not preregistered"
shared_downstream_repair_20260908,sign,standard,salt_pepper,kaiming,gabor,mean_consistency,10,0.62821429168107,0.33982143122702835,-0.2883928604540415,0.33177893299421524,-0.5257332114270318,-0.05105250948105122,3,0.022522716205822635,first_layer_corruption,first_layer_corruption|dataset=sign|metric=mean_consistency,0.9010184532981977,,,False,"exploratory_repair; inherited retrospective scope, not preregistered"
shared_downstream_repair_20260908,sign,standard,salt_pepper,kaiming,gabor,worst_accuracy,10,10.095238238573074,10.47619067132473,0.3809524327516556,1.1008598175067013,-0.4065552402073688,1.1684601057106798,2,0.3022418412543929,first_layer_corruption,first_layer_corruption|dataset=sign|metric=worst_accuracy,1.0,,,False,"exploratory_repair; inherited retrospective scope, not preregistered"
shared_downstream_repair_20260908,sign,standard,salt_pepper,kaiming,pca,normalised_accuracy_auc,10,10.781746212806969,13.208333595345417,2.426587382538451,3.3044310022472785,0.06273984477729577,4.790434920299607,8,0.0453224217138404,first_layer_corruption,first_layer_corruption|dataset=sign|metric=normalised_accuracy_auc,1.0,1.0,1.0,True,"exploratory_repair; inherited retrospective scope, not preregistered"
shared_downstream_repair_20260908,sign,standard,salt_pepper,kaiming,pca,mean_accuracy_drop,10,5.791666880249977,6.113095497712493,0.32142861746251594,6.464674389909697,-4.303120852211079,4.945978087136111,4,0.8785337244239163,first_layer_corruption,first_layer_corruption|dataset=sign|metric=mean_accuracy_drop,1.0,,,False,"exploratory_repair; inherited retrospective scope, not preregistered"
shared_downstream_repair_20260908,sign,standard,salt_pepper,kaiming,pca,mean_retention,10,0.6800858741800299,0.7071149102991172,0.027029036119087295,0.23055588558929346,-0.1379007088493962,0.1919587810875708,6,0.7194162799598373,first_layer_corruption,first_layer_corruption|dataset=sign|metric=mean_retention,1.0,1.0,1.0,True,"exploratory_repair; inherited retrospective scope, not preregistered"
shared_downstream_repair_20260908,sign,standard,salt_pepper,kaiming,pca,mean_consistency,10,0.62821429168107,0.488869048965474,-0.13934524271559595,0.3575630698782883,-0.3951304540731008,0.11643996864190892,4,0.24903540046787198,first_layer_corruption,first_layer_corruption|dataset=sign|metric=mean_consistency,1.0,,,False,"exploratory_repair; inherited retrospective scope, not preregistered"
shared_downstream_repair_20260908,sign,standard,salt_pepper,kaiming,pca,worst_accuracy,10,10.095238238573074,10.547619238495827,0.4523809999227524,1.772703978427326,-0.8157350332869073,1.720497033132412,3,0.4404764448115621,first_layer_corruption,first_layer_corruption|dataset=sign|metric=worst_accuracy,1.0,,,False,"exploratory_repair; inherited retrospective scope, not preregistered"
shared_downstream_repair_20260908,sign,standard,salt_pepper,kaiming,kmeans,normalised_accuracy_auc,10,10.781746212806969,18.00198452340232,7.220238310595351,4.962499071514677,3.6702803289143158,10.770196292276387,10,0.0012887113731909277,first_layer_corruption,first_layer_corruption|dataset=sign|metric=normalised_accuracy_auc,0.06185814591316453,0.2964036158339134,0.38403598921089643,True,"exploratory_repair; inherited retrospective scope, not preregistered"
shared_downstream_repair_20260908,sign,standard,salt_pepper,kaiming,kmeans,mean_accuracy_drop,10,5.791666880249977,1.619047373533249,-4.172619506716728,6.255033821861947,-8.647201148265752,0.30196213483229606,2,0.06412201717267457,first_layer_corruption,first_layer_corruption|dataset=sign|metric=mean_accuracy_drop,1.0,,,False,"exploratory_repair; inherited retrospective scope, not preregistered"
shared_downstream_repair_20260908,sign,standard,salt_pepper,kaiming,kmeans,mean_retention,10,0.6800858741800299,0.9414764032879226,0.2613905291078928,0.2858999814950557,0.05687000292851946,0.4659110552872661,8,0.017849814653718685,first_layer_corruption,first_layer_corruption|dataset=sign|metric=mean_retention,0.856791103378497,1.0,1.0,True,"exploratory_repair; inherited retrospective scope, not preregistered"
shared_downstream_repair_20260908,sign,standard,salt_pepper,kaiming,kmeans,mean_consistency,10,0.62821429168107,0.6719047623376052,0.043690470656535266,0.3212476449352279,-0.186116250674692,0.27349719198776257,5,0.6772535624029086,first_layer_corruption,first_layer_corruption|dataset=sign|metric=mean_consistency,1.0,,,False,"exploratory_repair; inherited retrospective scope, not preregistered"
shared_downstream_repair_20260908,sign,standard,salt_pepper,kaiming,kmeans,worst_accuracy,10,10.095238238573074,15.571429034074146,5.476190795501073,4.572971540004941,2.204884023551233,8.747497567450914,9,0.004303329132156673,first_layer_corruption,first_layer_corruption|dataset=sign|metric=worst_accuracy,0.19364981094705028,,,False,"exploratory_repair; inherited retrospective scope, not preregistered"
shared_downstream_repair_20260908,sign,standard,salt_pepper,kaiming,di_wmf,normalised_accuracy_auc,10,10.781746212806969,15.57539718432559,4.7936509715186215,5.263480048468067,1.0283841694081808,8.558917773629062,9,0.01817783240582803,first_layer_corruption,first_layer_corruption|dataset=sign|metric=normalised_accuracy_auc,0.7816467934506053,1.0,1.0,True,"exploratory_repair; inherited retrospective scope, not preregistered"
shared_downstream_repair_20260908,sign,standard,salt_pepper,kaiming,di_wmf,mean_accuracy_drop,10,5.791666880249977,2.7380951431890326,-3.053571737060944,5.851597110592148,-7.239552141081024,1.1324086669591362,4,0.13330183314285046,first_layer_corruption,first_layer_corruption|dataset=sign|metric=mean_accuracy_drop,1.0,,,False,"exploratory_repair; inherited retrospective scope, not preregistered"
shared_downstream_repair_20260908,sign,standard,salt_pepper,kaiming,di_wmf,mean_retention,10,0.6800858741800299,0.8546785495073728,0.17459267532734293,0.2703303370049751,-0.018789998142543146,0.36797534879722904,8,0.07149234893410346,first_layer_corruption,first_layer_corruption|dataset=sign|metric=mean_retention,1.0,1.0,1.0,True,"exploratory_repair; inherited retrospective scope, not preregistered"
shared_downstream_repair_20260908,sign,standard,salt_pepper,kaiming,di_wmf,mean_consistency,10,0.62821429168107,0.6602976207931837,0.03208332911211378,0.2709847452631462,-0.16176747982457923,0.2259341380488068,4,0.7167766304080663,first_layer_corruption,first_layer_corruption|dataset=sign|metric=mean_consistency,1.0,,,False,"exploratory_repair; inherited retrospective scope, not preregistered"
shared_downstream_repair_20260908,sign,standard,salt_pepper,kaiming,di_wmf,worst_accuracy,10,10.095238238573074,12.071428845326107,1.9761906067530313,4.703410703996562,-1.3884267219672553,5.340807935473318,6,0.21665914857449817,first_layer_corruption,first_layer_corruption|dataset=sign|metric=worst_accuracy,1.0,,,False,"exploratory_repair; inherited retrospective scope, not preregistered"
shared_downstream_repair_20260908,sign,standard,salt_pepper,kaiming,lowrank_wmf,normalised_accuracy_auc,10,10.781746212806969,13.68849236932066,2.9067461565136905,2.6030027755945095,1.0446701447313498,4.7688221682960314,9,0.0064010479181194424,first_layer_corruption,first_layer_corruption|dataset=sign|metric=normalised_accuracy_auc,0.3008492521516138,1.0,1.0,True,"exploratory_repair; inherited retrospective scope, not preregistered"
shared_downstream_repair_20260908,sign,standard,salt_pepper,kaiming,lowrank_wmf,mean_accuracy_drop,10,5.791666880249977,4.5476190745830545,-1.244047805666923,6.43471971896501,-5.847168994614158,3.3590733832803115,5,0.5560770260675019,first_layer_corruption,first_layer_corruption|dataset=sign|metric=mean_accuracy_drop,1.0,,,False,"exploratory_repair; inherited retrospective scope, not preregistered"
shared_downstream_repair_20260908,sign,standard,salt_pepper,kaiming,lowrank_wmf,mean_retention,10,0.6800858741800299,0.8051754742507338,0.12508960007070388,0.3217788910877138,-0.10509715186447452,0.35527635200588226,7,0.250122418563382,first_layer_corruption,first_layer_corruption|dataset=sign|metric=mean_retention,1.0,1.0,1.0,True,"exploratory_repair; inherited retrospective scope, not preregistered"
shared_downstream_repair_20260908,sign,standard,salt_pepper,kaiming,lowrank_wmf,mean_consistency,10,0.62821429168107,0.5075000025331974,-0.12071428914787248,0.30129747468204215,-0.33624951841319284,0.09482094011744786,2,0.2369714987752321,first_layer_corruption,first_layer_corruption|dataset=sign|metric=mean_consistency,1.0,,,False,"exploratory_repair; inherited retrospective scope, not preregistered"
shared_downstream_repair_20260908,sign,standard,salt_pepper,kaiming,lowrank_wmf,worst_accuracy,10,10.095238238573074,11.000000188748041,0.9047619501749674,2.1260363805742335,-0.6161128570136868,2.4256367573636215,4,0.21130228119114142,first_layer_corruption,first_layer_corruption|dataset=sign|metric=worst_accuracy,1.0,,,False,"exploratory_repair; inherited retrospective scope, not preregistered"
shared_downstream_repair_20260908,sign,standard,translation,kaiming,random_stem,normalised_accuracy_auc,10,15.047619464910692,14.722222520245447,-0.32539694466524693,4.818803242860237,-3.772561122959151,3.121767233628657,5,0.8356666509133684,first_layer_corruption,first_layer_corruption|dataset=sign|metric=normalised_accuracy_auc,1.0,1.0,1.0,True,"exploratory_repair; inherited retrospective scope, not preregistered"
shared_downstream_repair_20260908,sign,standard,translation,kaiming,random_stem,mean_accuracy_drop,10,1.1428570933640003,-0.07738107815384865,-1.220238171517849,3.755743252013588,-3.9069350438984913,1.4664587008627934,4,0.3310420715208902,first_layer_corruption,first_layer_corruption|dataset=sign|metric=mean_accuracy_drop,1.0,,,False,"exploratory_repair; inherited retrospective scope, not preregistered"
shared_downstream_repair_20260908,sign,standard,translation,kaiming,random_stem,mean_retention,10,0.9540402648082982,1.0301964463637943,0.07615618155549597,0.22344784328175188,-0.08368877626035601,0.23600113937134795,6,0.3091716929184507,first_layer_corruption,first_layer_corruption|dataset=sign|metric=mean_retention,1.0,1.0,1.0,True,"exploratory_repair; inherited retrospective scope, not preregistered"
shared_downstream_repair_20260908,sign,standard,translation,kaiming,random_stem,mean_consistency,10,0.8064880932370821,0.8645833328366279,0.0580952395995458,0.10770034072440884,-0.018948942913053678,0.13513942211214527,6,0.1222372853936178,first_layer_corruption,first_layer_corruption|dataset=sign|metric=mean_consistency,1.0,,,False,"exploratory_repair; inherited retrospective scope, not preregistered"
shared_downstream_repair_20260908,sign,standard,translation,kaiming,random_stem,worst_accuracy,10,14.595238491892815,14.190476561586063,-0.4047619303067524,4.6698105836500154,-3.745343180895691,2.9358193202821865,4,0.7901990705242316,first_layer_corruption,first_layer_corruption|dataset=sign|metric=worst_accuracy,1.0,,,False,"exploratory_repair; inherited retrospective scope, not preregistered"
shared_downstream_repair_20260908,sign,standard,translation,kaiming,gabor,normalised_accuracy_auc,10,15.047619464910692,16.884921046180857,1.8373015812701639,4.201387959498906,-1.1681903102193776,4.8427934727597055,8,0.20004105939165964,first_layer_corruption,first_layer_corruption|dataset=sign|metric=normalised_accuracy_auc,1.0,1.0,1.0,True,"exploratory_repair; inherited retrospective scope, not preregistered"
shared_downstream_repair_20260908,sign,standard,translation,kaiming,gabor,mean_accuracy_drop,10,1.1428570933640003,2.3928570933640003,1.25,3.672511204565797,-1.3771562524407872,3.877156252440787,6,0.30978276587031806,first_layer_corruption,first_layer_corruption|dataset=sign|metric=mean_accuracy_drop,1.0,,,False,"exploratory_repair; inherited retrospective scope, not preregistered"
shared_downstream_repair_20260908,sign,standard,translation,kaiming,gabor,mean_retention,10,0.9540402648082982,0.8736248427385236,-0.08041542206977455,0.19493679206700287,-0.21986480250267254,0.05903395836312343,5,0.22443179774494645,first_layer_corruption,first_layer_corruption|dataset=sign|metric=mean_retention,1.0,1.0,1.0,True,"exploratory_repair; inherited retrospective scope, not preregistered"
shared_downstream_repair_20260908,sign,standard,translation,kaiming,gabor,mean_consistency,10,0.8064880932370821,0.7663690447807312,-0.04011904845635096,0.14081604780695806,-0.14085278072655366,0.06061468381385175,4,0.39108867082484594,first_layer_corruption,first_layer_corruption|dataset=sign|metric=mean_consistency,1.0,,,False,"exploratory_repair; inherited retrospective scope, not preregistered"
shared_downstream_repair_20260908,sign,standard,translation,kaiming,gabor,worst_accuracy,10,14.595238491892815,16.095238452156387,1.4999999602635703,4.420356918909822,-1.6621328885337805,4.662132809060921,8,0.3111614860252204,first_layer_corruption,first_layer_corruption|dataset=sign|metric=worst_accuracy,1.0,,,False,"exploratory_repair; inherited retrospective scope, not preregistered"
shared_downstream_repair_20260908,sign,standard,translation,kaiming,pca,normalised_accuracy_auc,10,15.047619464910692,16.662698822716873,1.6150793578061795,5.505746464743948,-2.323494398271976,5.5536531138843355,7,0.3778025712936141,first_layer_corruption,first_layer_corruption|dataset=sign|metric=normalised_accuracy_auc,1.0,1.0,1.0,True,"exploratory_repair; inherited retrospective scope, not preregistered"
shared_downstream_repair_20260908,sign,standard,translation,kaiming,pca,mean_accuracy_drop,10,1.1428570933640003,2.5238096217314405,1.3809525283674398,3.30591546628009,-0.9839569309912521,3.7458619877261317,7,0.21911578792425013,first_layer_corruption,first_layer_corruption|dataset=sign|metric=mean_accuracy_drop,1.0,,,False,"exploratory_repair; inherited retrospective scope, not preregistered"
shared_downstream_repair_20260908,sign,standard,translation,kaiming,pca,mean_retention,10,0.9540402648082982,0.8847753389358214,-0.06926492587247657,0.13891143495209182,-0.1686361801837502,0.030106328438797084,3,0.14929723383347737,first_layer_corruption,first_layer_corruption|dataset=sign|metric=mean_retention,1.0,1.0,1.0,True,"exploratory_repair; inherited retrospective scope, not preregistered"
shared_downstream_repair_20260908,sign,standard,translation,kaiming,pca,mean_consistency,10,0.8064880932370821,0.7388690479099751,-0.06761904532710711,0.10749802047389047,-0.14451849665128055,0.009280405997066338,2,0.07790260178111598,first_layer_corruption,first_layer_corruption|dataset=sign|metric=mean_consistency,1.0,,,False,"exploratory_repair; inherited retrospective scope, not preregistered"
shared_downstream_repair_20260908,sign,standard,translation,kaiming,pca,worst_accuracy,10,14.595238491892815,15.023809969425201,0.4285714775323868,4.82993749020579,-3.0265576614929444,3.883700616557718,5,0.7853635583632472,first_layer_corruption,first_layer_corruption|dataset=sign|metric=worst_accuracy,1.0,,,False,"exploratory_repair; inherited retrospective scope, not preregistered"
shared_downstream_repair_20260908,sign,standard,translation,kaiming,kmeans,normalised_accuracy_auc,10,15.047619464910692,17.146825755221975,2.099206290311284,6.756889074478637,-2.7343809719947414,6.9327935526173095,6,0.3515517807875032,first_layer_corruption,first_layer_corruption|dataset=sign|metric=normalised_accuracy_auc,1.0,1.0,1.0,True,"exploratory_repair; inherited retrospective scope, not preregistered"
shared_downstream_repair_20260908,sign,standard,translation,kaiming,kmeans,mean_accuracy_drop,10,1.1428570933640003,2.4583331371347112,1.3154760437707107,4.310303157979833,-1.7679290871173279,4.398881174658749,6,0.35970643591786033,first_layer_corruption,first_layer_corruption|dataset=sign|metric=mean_accuracy_drop,1.0,,,False,"exploratory_repair; inherited retrospective scope, not preregistered"
shared_downstream_repair_20260908,sign,standard,translation,kaiming,kmeans,mean_retention,10,0.9540402648082982,0.9030509816909325,-0.050989283117365704,0.25861040370191923,-0.23598802136139518,0.1340094551266638,3,0.5484329395651648,first_layer_corruption,first_layer_corruption|dataset=sign|metric=mean_retention,1.0,1.0,1.0,True,"exploratory_repair; inherited retrospective scope, not preregistered"
shared_downstream_repair_20260908,sign,standard,translation,kaiming,kmeans,mean_consistency,10,0.8064880932370821,0.6930357140799364,-0.11345237915714579,0.1443935224398321,-0.21674528261190984,-0.010159475702381751,2,0.03472527401208057,first_layer_corruption,first_layer_corruption|dataset=sign|metric=mean_consistency,1.0,,,False,"exploratory_repair; inherited retrospective scope, not preregistered"
shared_downstream_repair_20260908,sign,standard,translation,kaiming,kmeans,worst_accuracy,10,14.595238491892815,15.285714591542881,0.6904760996500652,6.504499770171864,-3.9625627308269786,5.343514930127109,5,0.7447997014030084,first_layer_corruption,first_layer_corruption|dataset=sign|metric=worst_accuracy,1.0,,,False,"exploratory_repair; inherited retrospective scope, not preregistered"
shared_downstream_repair_20260908,sign,standard,translation,kaiming,di_wmf,normalised_accuracy_auc,10,15.047619464910692,16.4047622659968,1.3571428010861077,6.1387577489526315,-3.034259948708089,5.748545550880305,5,0.5021495300660144,first_layer_corruption,first_layer_corruption|dataset=sign|metric=normalised_accuracy_auc,1.0,1.0,1.0,True,"exploratory_repair; inherited retrospective scope, not preregistered"
shared_downstream_repair_20260908,sign,standard,translation,kaiming,di_wmf,mean_accuracy_drop,10,1.1428570933640003,1.672618929296732,0.5297618359327317,5.066207008202667,-3.0943843344620263,4.15390800632749,6,0.7484602469921001,first_layer_corruption,first_layer_corruption|dataset=sign|metric=mean_accuracy_drop,1.0,,,False,"exploratory_repair; inherited retrospective scope, not preregistered"
shared_downstream_repair_20260908,sign,standard,translation,kaiming,di_wmf,mean_retention,10,0.9540402648082982,0.927276786357384,-0.0267634784509141,0.2398103868606681,-0.19831349481518978,0.1447865379133616,4,0.7322739897794269,first_layer_corruption,first_layer_corruption|dataset=sign|metric=mean_retention,1.0,1.0,1.0,True,"exploratory_repair; inherited retrospective scope, not preregistered"
shared_downstream_repair_20260908,sign,standard,translation,kaiming,di_wmf,mean_consistency,10,0.8064880932370821,0.7188095229367415,-0.08767857030034062,0.1003207438464867,-0.15944370722303894,-0.01591343337764231,2,0.021976059836541408,first_layer_corruption,first_layer_corruption|dataset=sign|metric=mean_consistency,0.9010184532981977,,,False,"exploratory_repair; inherited retrospective scope, not preregistered"
shared_downstream_repair_20260908,sign,standard,translation,kaiming,di_wmf,worst_accuracy,10,14.595238491892815,15.000000546375912,0.40476205448309593,7.154356232424214,-4.713156084155831,5.5226801931220235,5,0.8619728234332403,first_layer_corruption,first_layer_corruption|dataset=sign|metric=worst_accuracy,1.0,,,False,"exploratory_repair; inherited retrospective scope, not preregistered"
shared_downstream_repair_20260908,sign,standard,translation,kaiming,lowrank_wmf,normalised_accuracy_auc,10,15.047619464910692,16.134921047422623,1.0873015825119279,5.924972182562168,-3.151168185968001,5.3257713509918565,5,0.575941425945713,first_layer_corruption,first_layer_corruption|dataset=sign|metric=normalised_accuracy_auc,1.0,1.0,1.0,True,"exploratory_repair; inherited retrospective scope, not preregistered"
shared_downstream_repair_20260908,sign,standard,translation,kaiming,lowrank_wmf,mean_accuracy_drop,10,1.1428570933640003,2.1547618322074413,1.0119047388434412,3.9477643749372597,-1.812155769912892,3.8359652475997743,7,0.43852230392080294,first_layer_corruption,first_layer_corruption|dataset=sign|metric=mean_accuracy_drop,1.0,,,False,"exploratory_repair; inherited retrospective scope, not preregistered"
shared_downstream_repair_20260908,sign,standard,translation,kaiming,lowrank_wmf,mean_retention,10,0.9540402648082982,0.8934233467427228,-0.06061691806557538,0.19824737168950599,-0.2024345444941967,0.08120070836304596,3,0.3588512819330269,first_layer_corruption,first_layer_corruption|dataset=sign|metric=mean_retention,1.0,1.0,1.0,True,"exploratory_repair; inherited retrospective scope, not preregistered"
shared_downstream_repair_20260908,sign,standard,translation,kaiming,lowrank_wmf,mean_consistency,10,0.8064880932370821,0.7248809531331062,-0.0816071401039759,0.11187536623825367,-0.161637955950508,-0.0015763242574438063,2,0.04648585760143054,first_layer_corruption,first_layer_corruption|dataset=sign|metric=mean_consistency,1.0,,,False,"exploratory_repair; inherited retrospective scope, not preregistered"
shared_downstream_repair_20260908,sign,standard,translation,kaiming,lowrank_wmf,worst_accuracy,10,14.595238491892815,15.190476501981417,0.5952380100886027,6.244423161094641,-3.871753222003617,5.062229242180822,4,0.7699289620258822,first_layer_corruption,first_layer_corruption|dataset=sign|metric=worst_accuracy,1.0,,,False,"exploratory_repair; inherited retrospective scope, not preregistered"
