study,dataset,model,corruption,reference,method,metric,paired_seeds,reference_mean,method_mean,mean_paired_difference,paired_difference_std,ci95_low,ci95_high,method_greater_count,raw_p,family,correction_scope,holm_p_scope,holm_p_family_wide,holm_p_all_378,included_in_replacement_registry,analysis_status
shared_downstream_repair_20260908,fashion,standard,,kaiming,random_stem,initial_val_accuracy,5,8.556666666666667,10.059999999999999,1.5033333333333332,2.170586198344688,-1.1918054041492405,4.198472070815907,3,0.1963788193831137,first_layer_training,first_layer_training|dataset=fashion|metric=initial_val_accuracy,0.9818940969155685,1.0,1.0,True,"exploratory_repair; inherited retrospective scope, not preregistered"
shared_downstream_repair_20260908,fashion,standard,,kaiming,random_stem,validation_aulc,5,54.36099999999999,54.803,0.44200000000000017,1.528086312280099,-1.455369760106153,2.3393697601061536,3,0.5530136896280368,first_layer_training,first_layer_training|dataset=fashion|metric=validation_aulc,0.5530136896280368,1.0,1.0,True,"exploratory_repair; inherited retrospective scope, not preregistered"
shared_downstream_repair_20260908,fashion,standard,,kaiming,random_stem,test_accuracy,5,68.69000000000001,69.08599999999998,0.39599999999999796,0.9647953150798327,-0.8019516083702876,1.5939516083702834,3,0.4106593771490714,first_layer_training,first_layer_training|dataset=fashion|metric=test_accuracy,0.4106593771490714,1.0,1.0,True,"exploratory_repair; inherited retrospective scope, not preregistered"
shared_downstream_repair_20260908,fashion,standard,,kaiming,random_stem,conv1_drift,5,0.016364974714815617,0.05274932608008385,0.03638435136526823,0.006421665881918626,0.028410800031196445,0.04435790269934001,5,0.0002235205350089262,first_layer_training,first_layer_training|dataset=fashion|metric=conv1_drift,0.001341123210053557,0.015422916915615906,0.07644402297305275,True,"exploratory_repair; inherited retrospective scope, not preregistered"
shared_downstream_repair_20260908,fashion,standard,,kaiming,gabor,initial_val_accuracy,5,8.556666666666667,10.57,2.0133333333333336,4.066588113995428,-3.0360027233381333,7.0626693900048005,3,0.3303596987091365,first_layer_training,first_layer_training|dataset=fashion|metric=initial_val_accuracy,1.0,1.0,1.0,True,"exploratory_repair; inherited retrospective scope, not preregistered"
shared_downstream_repair_20260908,fashion,standard,,kaiming,gabor,validation_aulc,5,54.36099999999999,60.20766666666667,5.846666666666667,2.174422656451332,3.1467643372724563,8.546568996060877,5,0.0038532151358714986,first_layer_training,first_layer_training|dataset=fashion|metric=validation_aulc,0.011559645407614496,0.21963326274467543,1.0,True,"exploratory_repair; inherited retrospective scope, not preregistered"
shared_downstream_repair_20260908,fashion,standard,,kaiming,gabor,test_accuracy,5,68.69000000000001,71.068,2.378,0.4932240870030504,1.7655814081213914,2.990418591878609,5,0.000419789835797952,first_layer_training,first_layer_training|dataset=fashion|metric=test_accuracy,0.002518739014787712,0.027706129162664832,0.13769106614172827,True,"exploratory_repair; inherited retrospective scope, not preregistered"
shared_downstream_repair_20260908,fashion,standard,,kaiming,gabor,conv1_drift,5,0.016364974714815617,0.005361332837492227,-0.011003641877323389,0.0026515125139873526,-0.01429592950672824,-0.007711354247918538,0,0.0007501420347732082,first_layer_training,first_layer_training|dataset=fashion|metric=conv1_drift,0.003750710173866041,0.04800909022548532,0.23629474095356057,True,"exploratory_repair; inherited retrospective scope, not preregistered"
shared_downstream_repair_20260908,fashion,standard,,kaiming,pca,initial_val_accuracy,5,8.556666666666667,9.97,1.4133333333333333,1.8358089346237656,-0.8661245283698038,3.6927911950364702,3,0.1602720908297164,first_layer_training,first_layer_training|dataset=fashion|metric=initial_val_accuracy,0.9616325449782985,1.0,1.0,True,"exploratory_repair; inherited retrospective scope, not preregistered"
shared_downstream_repair_20260908,fashion,standard,,kaiming,pca,validation_aulc,5,54.36099999999999,57.346333333333334,2.9853333333333354,1.8884710158691296,0.6404868612773482,5.330179805389323,5,0.024125573466598074,first_layer_training,first_layer_training|dataset=fashion|metric=validation_aulc,0.04825114693319615,1.0,1.0,True,"exploratory_repair; inherited retrospective scope, not preregistered"
shared_downstream_repair_20260908,fashion,standard,,kaiming,pca,test_accuracy,5,68.69000000000001,69.65799999999999,0.9679999999999979,0.5558506993788841,0.27782019820485415,1.6581798017951415,5,0.017629934648862405,first_layer_training,first_layer_training|dataset=fashion|metric=test_accuracy,0.03525986929772481,0.8060567544806468,1.0,True,"exploratory_repair; inherited retrospective scope, not preregistered"
shared_downstream_repair_20260908,fashion,standard,,kaiming,pca,conv1_drift,5,0.016364974714815617,0.0056876540184021,-0.010677320696413518,0.0036280348610331983,-0.015182120967586636,-0.006172520425240399,0,0.0027604719318736026,first_layer_training,first_layer_training|dataset=fashion|metric=conv1_drift,0.01104188772749441,0.16286784398054255,0.7729321409246087,True,"exploratory_repair; inherited retrospective scope, not preregistered"
shared_downstream_repair_20260908,fashion,standard,,kaiming,kmeans,initial_val_accuracy,5,8.556666666666667,9.676666666666666,1.12,3.0290583428591216,-2.6410726927869246,4.881072692786924,3,0.4548230862271725,first_layer_training,first_layer_training|dataset=fashion|metric=initial_val_accuracy,1.0,1.0,1.0,True,"exploratory_repair; inherited retrospective scope, not preregistered"
shared_downstream_repair_20260908,fashion,standard,,kaiming,kmeans,validation_aulc,5,54.36099999999999,59.45366666666666,5.092666666666666,0.9858101575185065,3.868621685012355,6.316711648320977,5,0.00032078282736490183,first_layer_training,first_layer_training|dataset=fashion|metric=validation_aulc,0.001603914136824509,0.021813232260813324,0.10714146433987722,True,"exploratory_repair; inherited retrospective scope, not preregistered"
shared_downstream_repair_20260908,fashion,standard,,kaiming,kmeans,test_accuracy,5,68.69000000000001,70.23400000000001,1.543999999999997,0.5320996147339332,0.8833110649267789,2.204688935073215,5,0.0029091798827312696,first_layer_training,first_layer_training|dataset=fashion|metric=test_accuracy,0.014545899413656348,0.16873243319841363,0.808752007399293,True,"exploratory_repair; inherited retrospective scope, not preregistered"
shared_downstream_repair_20260908,fashion,standard,,kaiming,kmeans,conv1_drift,5,0.016364974714815617,0.016916790045797825,0.0005518153309822082,0.0025927141068506384,-0.002667464433129257,0.003771095095093673,3,0.6589659884199986,first_layer_training,first_layer_training|dataset=fashion|metric=conv1_drift,0.8058658727641947,1.0,1.0,True,"exploratory_repair; inherited retrospective scope, not preregistered"
shared_downstream_repair_20260908,fashion,standard,,kaiming,di_wmf,initial_val_accuracy,5,8.556666666666667,10.466666666666665,1.9099999999999997,4.260943427093217,-3.3806600518046133,7.200660051804613,3,0.37289995313787083,first_layer_training,first_layer_training|dataset=fashion|metric=initial_val_accuracy,1.0,1.0,1.0,True,"exploratory_repair; inherited retrospective scope, not preregistered"
shared_downstream_repair_20260908,fashion,standard,,kaiming,di_wmf,validation_aulc,5,54.36099999999999,59.30766666666666,4.946666666666665,0.8578817582342603,3.8814657727514392,6.011867560581892,5,0.00020866610705151537,first_layer_training,first_layer_training|dataset=fashion|metric=validation_aulc,0.0012519966423090922,0.014815293600657592,0.07178114082572129,True,"exploratory_repair; inherited retrospective scope, not preregistered"
shared_downstream_repair_20260908,fashion,standard,,kaiming,di_wmf,test_accuracy,5,68.69000000000001,70.182,1.4919999999999987,0.7283680388375076,0.5876116287331846,2.396388371266813,5,0.010180413328268342,first_layer_training,first_layer_training|dataset=fashion|metric=test_accuracy,0.030541239984805027,0.5090206664134171,1.0,True,"exploratory_repair; inherited retrospective scope, not preregistered"
shared_downstream_repair_20260908,fashion,standard,,kaiming,di_wmf,conv1_drift,5,0.016364974714815617,0.01765975970774889,0.0012947849929332734,0.0030980316363558662,-0.0025519293552261017,0.005141499341092648,3,0.4029329363820974,first_layer_training,first_layer_training|dataset=fashion|metric=conv1_drift,0.8058658727641947,1.0,1.0,True,"exploratory_repair; inherited retrospective scope, not preregistered"
shared_downstream_repair_20260908,fashion,standard,,kaiming,lowrank_wmf,initial_val_accuracy,5,8.556666666666667,10.753333333333334,2.1966666666666663,4.296031760693684,-3.13756130572661,7.530894639059943,3,0.3166700925738491,first_layer_training,first_layer_training|dataset=fashion|metric=initial_val_accuracy,1.0,1.0,1.0,True,"exploratory_repair; inherited retrospective scope, not preregistered"
shared_downstream_repair_20260908,fashion,standard,,kaiming,lowrank_wmf,validation_aulc,5,54.36099999999999,61.15200000000001,6.7909999999999995,1.3747386620332198,5.084036496414539,8.49796350358546,5,0.00038193721510112246,first_layer_training,first_layer_training|dataset=fashion|metric=validation_aulc,0.001603914136824509,0.025589793411775204,0.12642121819847155,True,"exploratory_repair; inherited retrospective scope, not preregistered"
shared_downstream_repair_20260908,fashion,standard,,kaiming,lowrank_wmf,test_accuracy,5,68.69000000000001,71.69800000000001,3.0079999999999982,1.1624844084975958,1.5645849614953355,4.451415038504661,5,0.0044336269623875295,first_layer_training,first_layer_training|dataset=fashion|metric=test_accuracy,0.017734507849550118,0.24336554647629582,1.0,True,"exploratory_repair; inherited retrospective scope, not preregistered"
shared_downstream_repair_20260908,fashion,standard,,kaiming,lowrank_wmf,conv1_drift,5,0.016364974714815617,0.012218519672751426,-0.00414645504206419,0.002376613102905185,-0.007097409969600895,-0.0011955001145274847,0,0.017522972923492322,first_layer_training,first_layer_training|dataset=fashion|metric=conv1_drift,0.052568918770476966,0.8060567544806468,1.0,True,"exploratory_repair; inherited retrospective scope, not preregistered"
shared_downstream_repair_20260908,cifar10,standard,,kaiming,random_stem,initial_val_accuracy,5,9.024000000000001,9.596,0.5720000000000001,1.365693962789614,-1.1237330261600946,2.2677330261600948,3,0.40201593320551043,first_layer_training,first_layer_training|dataset=cifar10|metric=initial_val_accuracy,1.0,1.0,1.0,True,"exploratory_repair; inherited retrospective scope, not preregistered"
shared_downstream_repair_20260908,cifar10,standard,,kaiming,random_stem,validation_aulc,5,27.878800000000002,28.922800000000002,1.0440000000000011,0.6124981632625509,0.28348308171096037,1.804516918289042,5,0.01891792655895672,first_layer_training,first_layer_training|dataset=cifar10|metric=validation_aulc,0.05675377967687016,0.8323887685940956,1.0,True,"exploratory_repair; inherited retrospective scope, not preregistered"
shared_downstream_repair_20260908,cifar10,standard,,kaiming,random_stem,test_accuracy,5,33.408,34.553999999999995,1.1460000000000008,0.3452969736328446,0.7172571791513832,1.5747428208486185,5,0.0017596273632796045,first_layer_training,first_layer_training|dataset=cifar10|metric=test_accuracy,0.005278882089838814,0.10909689652333547,0.5138111900776445,True,"exploratory_repair; inherited retrospective scope, not preregistered"
shared_downstream_repair_20260908,cifar10,standard,,kaiming,random_stem,conv1_drift,5,0.008623531367629767,0.03465291261672974,0.02602938124909997,0.007935334842245767,0.016176361661791455,0.035882400836408486,5,0.0018391962657201431,first_layer_training,first_layer_training|dataset=cifar10|metric=conv1_drift,0.011035177594320858,0.11219097220892874,0.5333669170588415,True,"exploratory_repair; inherited retrospective scope, not preregistered"
shared_downstream_repair_20260908,cifar10,standard,,kaiming,gabor,initial_val_accuracy,5,9.024000000000001,10.98,1.9560000000000002,2.7831780395799335,-1.499771972337734,5.411771972337735,4,0.19116512554904075,first_layer_training,first_layer_training|dataset=cifar10|metric=initial_val_accuracy,1.0,1.0,1.0,True,"exploratory_repair; inherited retrospective scope, not preregistered"
shared_downstream_repair_20260908,cifar10,standard,,kaiming,gabor,validation_aulc,5,27.878800000000002,30.4048,2.525999999999999,1.181345842672671,1.0591653977256552,3.9928346022743426,5,0.008767516740226937,first_layer_training,first_layer_training|dataset=cifar10|metric=validation_aulc,0.035070066960907746,0.44714335375157377,1.0,True,"exploratory_repair; inherited retrospective scope, not preregistered"
shared_downstream_repair_20260908,cifar10,standard,,kaiming,gabor,test_accuracy,5,33.408,37.123999999999995,3.7159999999999984,0.6510222730444779,2.9076490815318894,4.524350918468107,5,0.00021713234202972687,first_layer_training,first_layer_training|dataset=cifar10|metric=test_accuracy,0.0010856617101486343,0.015199263942080881,0.07447639331619632,True,"exploratory_repair; inherited retrospective scope, not preregistered"
shared_downstream_repair_20260908,cifar10,standard,,kaiming,gabor,conv1_drift,5,0.008623531367629767,0.008176240418106318,-0.00044729094952344894,0.0021489370745977313,-0.0031155487494567684,0.0022209668504098706,2,0.6658366173548206,first_layer_training,first_layer_training|dataset=cifar10|metric=conv1_drift,0.6658366173548206,1.0,1.0,True,"exploratory_repair; inherited retrospective scope, not preregistered"
shared_downstream_repair_20260908,cifar10,standard,,kaiming,pca,initial_val_accuracy,5,9.024000000000001,9.448000000000002,0.42400000000000004,1.967099387423015,-2.018476490251836,2.866476490251836,2,0.6550086199313087,first_layer_training,first_layer_training|dataset=cifar10|metric=initial_val_accuracy,1.0,1.0,1.0,True,"exploratory_repair; inherited retrospective scope, not preregistered"
shared_downstream_repair_20260908,cifar10,standard,,kaiming,pca,validation_aulc,5,27.878800000000002,31.738400000000002,3.8595999999999995,1.0513661588618886,2.5541564916114132,5.165043508388585,5,0.0012002359976495877,first_layer_training,first_layer_training|dataset=cifar10|metric=validation_aulc,0.007201415985897526,0.07561486785192403,0.36007079929487634,True,"exploratory_repair; inherited retrospective scope, not preregistered"
shared_downstream_repair_20260908,cifar10,standard,,kaiming,pca,test_accuracy,5,33.408,38.55400000000001,5.146000000000003,1.1215970756024656,3.753353290733796,6.538646709266209,5,0.0005089328795640722,first_layer_training,first_layer_training|dataset=cifar10|metric=test_accuracy,0.002035731518256289,0.03308063717166469,0.1648942529787594,True,"exploratory_repair; inherited retrospective scope, not preregistered"
shared_downstream_repair_20260908,cifar10,standard,,kaiming,pca,conv1_drift,5,0.008623531367629767,0.00560567257925868,-0.0030178587883710863,0.0019536279099843686,-0.00544360823008474,-0.0005921093466574319,0,0.02595575885387865,first_layer_training,first_layer_training|dataset=cifar10|metric=conv1_drift,0.08316362386200651,1.0,1.0,True,"exploratory_repair; inherited retrospective scope, not preregistered"
shared_downstream_repair_20260908,cifar10,standard,,kaiming,kmeans,initial_val_accuracy,5,9.024000000000001,9.204,0.18000000000000024,1.8331393836803576,-2.0961431764053366,2.456143176405337,1,0.8369598896313588,first_layer_training,first_layer_training|dataset=cifar10|metric=initial_val_accuracy,1.0,1.0,1.0,True,"exploratory_repair; inherited retrospective scope, not preregistered"
shared_downstream_repair_20260908,cifar10,standard,,kaiming,kmeans,validation_aulc,5,27.878800000000002,28.5336,0.6548000000000016,0.9936343391811672,-0.5789599863402415,1.8885599863402447,3,0.2146025386792731,first_layer_training,first_layer_training|dataset=cifar10|metric=validation_aulc,0.4292050773585462,1.0,1.0,True,"exploratory_repair; inherited retrospective scope, not preregistered"
shared_downstream_repair_20260908,cifar10,standard,,kaiming,kmeans,test_accuracy,5,33.408,34.462,1.0539999999999992,1.0299660188569344,-0.22487172498791552,2.332871724987914,4,0.08401927852962801,first_layer_training,first_layer_training|dataset=cifar10|metric=test_accuracy,0.14877964858479864,1.0,1.0,True,"exploratory_repair; inherited retrospective scope, not preregistered"
shared_downstream_repair_20260908,cifar10,standard,,kaiming,kmeans,conv1_drift,5,0.008623531367629767,0.013368092477321625,0.0047445611096918585,0.0028654474498710438,0.0011866381724421984,0.008302484046941519,5,0.02079090596550163,first_layer_training,first_layer_training|dataset=cifar10|metric=conv1_drift,0.08316362386200651,0.89400895651657,1.0,True,"exploratory_repair; inherited retrospective scope, not preregistered"
shared_downstream_repair_20260908,cifar10,standard,,kaiming,di_wmf,initial_val_accuracy,5,9.024000000000001,9.052000000000001,0.028000000000000115,2.105782514886094,-2.5866743367810443,2.6426743367810444,1,0.9777048289297594,first_layer_training,first_layer_training|dataset=cifar10|metric=initial_val_accuracy,1.0,1.0,1.0,True,"exploratory_repair; inherited retrospective scope, not preregistered"
shared_downstream_repair_20260908,cifar10,standard,,kaiming,di_wmf,validation_aulc,5,27.878800000000002,28.525199999999995,0.6463999999999992,1.0254632124069563,-0.6268807523280979,1.9196807523280963,3,0.23148502644305408,first_layer_training,first_layer_training|dataset=cifar10|metric=validation_aulc,0.4292050773585462,1.0,1.0,True,"exploratory_repair; inherited retrospective scope, not preregistered"
shared_downstream_repair_20260908,cifar10,standard,,kaiming,di_wmf,test_accuracy,5,33.408,34.44,1.0320000000000007,0.9616756209866206,-0.1620779965293342,2.2260779965293356,4,0.07438982429239932,first_layer_training,first_layer_training|dataset=cifar10|metric=test_accuracy,0.14877964858479864,1.0,1.0,True,"exploratory_repair; inherited retrospective scope, not preregistered"
shared_downstream_repair_20260908,cifar10,standard,,kaiming,di_wmf,conv1_drift,5,0.008623531367629767,0.013470051996409892,0.004846520628780127,0.0026444631625917848,0.0015629859252138407,0.008130055332346413,5,0.014876718762193918,first_layer_training,first_layer_training|dataset=cifar10|metric=conv1_drift,0.0743835938109696,0.7140825005853081,1.0,True,"exploratory_repair; inherited retrospective scope, not preregistered"
shared_downstream_repair_20260908,cifar10,standard,,kaiming,lowrank_wmf,initial_val_accuracy,5,9.024000000000001,8.648,-0.37600000000000033,1.6342827172799692,-2.405230012933159,1.6532300129331583,1,0.6340545155910591,first_layer_training,first_layer_training|dataset=cifar10|metric=initial_val_accuracy,1.0,1.0,1.0,True,"exploratory_repair; inherited retrospective scope, not preregistered"
shared_downstream_repair_20260908,cifar10,standard,,kaiming,lowrank_wmf,validation_aulc,5,27.878800000000002,31.406800000000004,3.528,1.3627024620216992,1.8359814126440241,5.220018587355976,5,0.004424828117750833,first_layer_training,first_layer_training|dataset=cifar10|metric=validation_aulc,0.022124140588754164,0.24336554647629582,1.0,True,"exploratory_repair; inherited retrospective scope, not preregistered"
shared_downstream_repair_20260908,cifar10,standard,,kaiming,lowrank_wmf,test_accuracy,5,33.408,37.676,4.268000000000001,0.44991110233022824,3.709361581844387,4.826638418155615,5,2.920202719850249e-05,first_layer_training,first_layer_training|dataset=cifar10|metric=test_accuracy,0.00017521216319101493,0.002102545958292179,0.010658739927453408,True,"exploratory_repair; inherited retrospective scope, not preregistered"
shared_downstream_repair_20260908,cifar10,standard,,kaiming,lowrank_wmf,conv1_drift,5,0.008623531367629767,0.01602851115167141,0.007404979784041643,0.007594088086109401,-0.0020243259916685255,0.016834285559751812,4,0.09470371003243469,first_layer_training,first_layer_training|dataset=cifar10|metric=conv1_drift,0.18940742006486938,1.0,1.0,True,"exploratory_repair; inherited retrospective scope, not preregistered"
shared_downstream_repair_20260908,sign,standard,,kaiming,random_stem,initial_val_accuracy,10,9.666666666666668,9.833333333333334,0.1666666666666666,1.657381543352922,-1.0189526661991648,1.3522859995324978,2,0.7577400727729551,first_layer_training,first_layer_training|dataset=sign|metric=initial_val_accuracy,1.0,1.0,1.0,True,"exploratory_repair; inherited retrospective scope, not preregistered"
shared_downstream_repair_20260908,sign,standard,,kaiming,random_stem,validation_aulc,10,10.8,10.716666666666665,-0.08333333333333375,2.0982797186690276,-1.584352220741406,1.4176855540747386,3,0.9028171170294942,first_layer_training,first_layer_training|dataset=sign|metric=validation_aulc,0.9028171170294942,1.0,1.0,True,"exploratory_repair; inherited retrospective scope, not preregistered"
shared_downstream_repair_20260908,sign,standard,,kaiming,random_stem,test_accuracy,10,16.142857142857146,14.642857142857142,-1.5,6.627863262664025,-6.2412877567759715,3.2412877567759715,4,0.4923390001484801,first_layer_training,first_layer_training|dataset=sign|metric=test_accuracy,1.0,1.0,1.0,True,"exploratory_repair; inherited retrospective scope, not preregistered"
shared_downstream_repair_20260908,sign,standard,,kaiming,random_stem,conv1_drift,10,0.00029660284082639877,0.0012888601397571975,0.0009922572989307988,0.0009743480457615791,0.00029525069557623197,0.0016892639022853657,8,0.010482620903880304,first_layer_training,first_layer_training|dataset=sign|metric=conv1_drift,0.041930483615521215,0.5136484242901349,1.0,True,"exploratory_repair; inherited retrospective scope, not preregistered"
shared_downstream_repair_20260908,sign,standard,,kaiming,gabor,initial_val_accuracy,10,9.666666666666668,9.333333333333334,-0.3333333333333333,2.4595492912420727,-2.0927889043986037,1.4261222377319371,1,0.6783097418055797,first_layer_training,first_layer_training|dataset=sign|metric=initial_val_accuracy,1.0,1.0,1.0,True,"exploratory_repair; inherited retrospective scope, not preregistered"
shared_downstream_repair_20260908,sign,standard,,kaiming,gabor,validation_aulc,10,10.8,11.799999999999999,0.9999999999999994,2.115492529406641,-0.5133321904403906,2.5133321904403894,6,0.16917284858804477,first_layer_training,first_layer_training|dataset=sign|metric=validation_aulc,0.33834569717608953,1.0,1.0,True,"exploratory_repair; inherited retrospective scope, not preregistered"
shared_downstream_repair_20260908,sign,standard,,kaiming,gabor,test_accuracy,10,16.142857142857146,19.0,2.857142857142857,5.8418305458977615,-1.3218509673754846,7.036136681661199,8,0.1563587145858944,first_layer_training,first_layer_training|dataset=sign|metric=test_accuracy,0.9381522875153664,1.0,1.0,True,"exploratory_repair; inherited retrospective scope, not preregistered"
shared_downstream_repair_20260908,sign,standard,,kaiming,gabor,conv1_drift,10,0.00029660284082639877,0.00029594361512863543,-6.592256977633327e-07,0.0001564442787954317,-0.00011257272093367541,0.00011125426953814875,5,0.9896590376600307,first_layer_training,first_layer_training|dataset=sign|metric=conv1_drift,0.9896590376600307,1.0,1.0,True,"exploratory_repair; inherited retrospective scope, not preregistered"
shared_downstream_repair_20260908,sign,standard,,kaiming,pca,initial_val_accuracy,10,9.666666666666668,11.0,1.3333333333333335,2.3306863292670035,-0.3339392279592359,3.000605894625903,3,0.10388813106210176,first_layer_training,first_layer_training|dataset=sign|metric=initial_val_accuracy,0.6233287863726106,1.0,1.0,True,"exploratory_repair; inherited retrospective scope, not preregistered"
shared_downstream_repair_20260908,sign,standard,,kaiming,pca,validation_aulc,10,10.8,12.15,1.3499999999999999,2.379762930406781,-0.3523798468394772,3.052379846839477,8,0.10641146899738498,first_layer_training,first_layer_training|dataset=sign|metric=validation_aulc,0.31923440699215494,1.0,1.0,True,"exploratory_repair; inherited retrospective scope, not preregistered"
shared_downstream_repair_20260908,sign,standard,,kaiming,pca,test_accuracy,10,16.142857142857146,19.0,2.8571428571428568,7.24529716890616,-2.32583050844387,8.040116222729583,7,0.2438624771928675,first_layer_training,first_layer_training|dataset=sign|metric=test_accuracy,1.0,1.0,1.0,True,"exploratory_repair; inherited retrospective scope, not preregistered"
shared_downstream_repair_20260908,sign,standard,,kaiming,pca,conv1_drift,10,0.00029660284082639877,0.0002023777350405709,-9.422510578582788e-05,0.00018812225435097427,-0.00022879965960256724,4.0349448030911486e-05,5,0.14767787962896087,first_layer_training,first_layer_training|dataset=sign|metric=conv1_drift,0.29535575925792174,1.0,1.0,True,"exploratory_repair; inherited retrospective scope, not preregistered"
shared_downstream_repair_20260908,sign,standard,,kaiming,kmeans,initial_val_accuracy,10,9.666666666666668,9.166666666666668,-0.4999999999999999,2.086109261724287,-1.9923126669838331,0.9923126669838335,1,0.4678698063949912,first_layer_training,first_layer_training|dataset=sign|metric=initial_val_accuracy,1.0,1.0,1.0,True,"exploratory_repair; inherited retrospective scope, not preregistered"
shared_downstream_repair_20260908,sign,standard,,kaiming,kmeans,validation_aulc,10,10.8,15.6,4.8,3.6369163440787515,2.198306776825683,7.401693223174316,9,0.002398862430561941,first_layer_training,first_layer_training|dataset=sign|metric=validation_aulc,0.014393174583371646,0.14393174583371646,0.6836757927101532,True,"exploratory_repair; inherited retrospective scope, not preregistered"
shared_downstream_repair_20260908,sign,standard,,kaiming,kmeans,test_accuracy,10,16.142857142857146,19.428571428571427,3.2857142857142856,8.187153257271413,-2.571022337115042,9.142450908543612,6,0.23624066021182594,first_layer_training,first_layer_training|dataset=sign|metric=test_accuracy,1.0,1.0,1.0,True,"exploratory_repair; inherited retrospective scope, not preregistered"
shared_downstream_repair_20260908,sign,standard,,kaiming,kmeans,conv1_drift,10,0.00029660284082639877,0.0005740664943004959,0.0002774636534740971,0.00029827116469019845,6.409331596105017e-05,0.000490833990987144,8,0.016441878490610982,first_layer_training,first_layer_training|dataset=sign|metric=conv1_drift,0.04932563547183295,0.7727682890587162,1.0,True,"exploratory_repair; inherited retrospective scope, not preregistered"
shared_downstream_repair_20260908,sign,standard,,kaiming,di_wmf,initial_val_accuracy,10,9.666666666666668,9.833333333333334,0.16666666666666669,1.2297746456210363,-0.7130611188659686,1.0463944521993018,1,0.6783097418055796,first_layer_training,first_layer_training|dataset=sign|metric=initial_val_accuracy,1.0,1.0,1.0,True,"exploratory_repair; inherited retrospective scope, not preregistered"
shared_downstream_repair_20260908,sign,standard,,kaiming,di_wmf,validation_aulc,10,10.8,14.48333333333333,3.6833333333333327,3.0706194332257617,1.4867445161675557,5.87992215049911,9,0.004261116450828616,first_layer_training,first_layer_training|dataset=sign|metric=validation_aulc,0.02130558225414308,0.2386225212464025,1.0,True,"exploratory_repair; inherited retrospective scope, not preregistered"
shared_downstream_repair_20260908,sign,standard,,kaiming,di_wmf,test_accuracy,10,16.142857142857146,18.0,1.857142857142857,7.9482452890309805,-3.828689300714257,7.54297501499997,7,0.47880530519687126,first_layer_training,first_layer_training|dataset=sign|metric=test_accuracy,1.0,1.0,1.0,True,"exploratory_repair; inherited retrospective scope, not preregistered"
shared_downstream_repair_20260908,sign,standard,,kaiming,di_wmf,conv1_drift,10,0.00029660284082639877,0.0008460168646706734,0.0005494140238442747,0.000472792432862454,0.0002111986919054464,0.0008876293557831029,8,0.005116882993304339,first_layer_training,first_layer_training|dataset=sign|metric=conv1_drift,0.030701297959826034,0.27119479864512996,1.0,True,"exploratory_repair; inherited retrospective scope, not preregistered"
shared_downstream_repair_20260908,sign,standard,,kaiming,lowrank_wmf,initial_val_accuracy,10,9.666666666666668,10.166666666666666,0.4999999999999999,1.1249142628509212,-0.30471518655530605,1.3047151865553057,2,0.1934220596033322,first_layer_training,first_layer_training|dataset=sign|metric=initial_val_accuracy,0.967110298016661,1.0,1.0,True,"exploratory_repair; inherited retrospective scope, not preregistered"
shared_downstream_repair_20260908,sign,standard,,kaiming,lowrank_wmf,validation_aulc,10,10.8,13.366666666666665,2.5666666666666664,3.0441200151549,0.3890343912220846,4.744298942111248,9,0.025778616352087377,first_layer_training,first_layer_training|dataset=sign|metric=validation_aulc,0.10311446540834951,1.0,1.0,True,"exploratory_repair; inherited retrospective scope, not preregistered"
shared_downstream_repair_20260908,sign,standard,,kaiming,lowrank_wmf,test_accuracy,10,16.142857142857146,18.142857142857142,2.000000000000001,6.4135627266030975,-2.5879863883515704,6.587986388351572,5,0.3498403173081181,first_layer_training,first_layer_training|dataset=sign|metric=test_accuracy,1.0,1.0,1.0,True,"exploratory_repair; inherited retrospective scope, not preregistered"
shared_downstream_repair_20260908,sign,standard,,kaiming,lowrank_wmf,conv1_drift,10,0.00029660284082639877,0.0007674086278711912,0.0004708057870447924,0.0004250750667496143,0.00016672540248951454,0.0007748861716000702,8,0.006697298748633147,first_layer_training,first_layer_training|dataset=sign|metric=conv1_drift,0.033486493743165736,0.34825953492892364,1.0,True,"exploratory_repair; inherited retrospective scope, not preregistered"
shared_downstream_repair_20260908,fashion,standard,,kaiming,random_stem,mean_best_class_selectivity,5,0.15993425050858295,0.16706659826912038,0.007132347760537427,0.010981075074462372,-0.006502457820995219,0.020767153342070074,3,0.22004948452710668,first_layer_selectivity,first_layer_selectivity|dataset=fashion|metric=mean_best_class_selectivity,0.44009896905421336,0.44009896905421336,1.0,True,"exploratory_repair; inherited retrospective scope, not preregistered"
shared_downstream_repair_20260908,fashion,standard,,kaiming,gabor,mean_best_class_selectivity,5,0.15993425050858295,0.15225819896336093,-0.0076760515452220235,0.00878648429483603,-0.018585912764902707,0.0032338096744586615,0,0.12246788014897414,first_layer_selectivity,first_layer_selectivity|dataset=fashion|metric=mean_best_class_selectivity,0.3674036404469224,0.43511297442509034,1.0,True,"exploratory_repair; inherited retrospective scope, not preregistered"
shared_downstream_repair_20260908,fashion,standard,,kaiming,pca,mean_best_class_selectivity,5,0.15993425050858295,0.16331393434387864,0.003379683835295677,0.006487551582412761,-0.004675675401076108,0.011435043071667463,4,0.3088022417023887,first_layer_selectivity,first_layer_selectivity|dataset=fashion|metric=mean_best_class_selectivity,0.44009896905421336,0.44009896905421336,1.0,True,"exploratory_repair; inherited retrospective scope, not preregistered"
shared_downstream_repair_20260908,fashion,standard,,kaiming,kmeans,mean_best_class_selectivity,5,0.15993425050858295,0.24629959425819284,0.08636534374960989,0.00866062816335197,0.07561175355734616,0.09711893394187361,5,2.3946948022212803e-05,first_layer_selectivity,first_layer_selectivity|dataset=fashion|metric=mean_best_class_selectivity,9.578779208885121e-05,0.00034799996715974827,0.008812476872174312,True,"exploratory_repair; inherited retrospective scope, not preregistered"
shared_downstream_repair_20260908,fashion,standard,,kaiming,di_wmf,mean_best_class_selectivity,5,0.15993425050858295,0.24687112493508706,0.08693687442650412,0.007571533265599437,0.07753557415940712,0.09633817469360112,5,1.3669448914234733e-05,first_layer_selectivity,first_layer_selectivity|dataset=fashion|metric=mean_best_class_selectivity,8.20166934854084e-05,0.00023238063154199046,0.0051397127917522595,True,"exploratory_repair; inherited retrospective scope, not preregistered"
shared_downstream_repair_20260908,fashion,standard,,kaiming,lowrank_wmf,mean_best_class_selectivity,5,0.15993425050858295,0.2368620770263416,0.07692782651775865,0.006755577041069464,0.06853966971877078,0.08531598331674652,5,1.4127806330002126e-05,first_layer_selectivity,first_layer_selectivity|dataset=fashion|metric=mean_best_class_selectivity,8.20166934854084e-05,0.00023238063154199046,0.005297927373750797,True,"exploratory_repair; inherited retrospective scope, not preregistered"
shared_downstream_repair_20260908,cifar10,standard,,kaiming,random_stem,mean_best_class_selectivity,5,0.18419587900449078,0.1997794733270933,0.015583594322602512,0.016937257419024666,-0.0054467884429100204,0.03661397708811504,5,0.10877824360627258,first_layer_selectivity,first_layer_selectivity|dataset=cifar10|metric=mean_best_class_selectivity,0.10877824360627258,0.43511297442509034,1.0,True,"exploratory_repair; inherited retrospective scope, not preregistered"
shared_downstream_repair_20260908,cifar10,standard,,kaiming,gabor,mean_best_class_selectivity,5,0.18419587900449078,0.206772101566981,0.0225762225624902,0.018573691754645294,-0.0004860618029869611,0.045638506927967365,5,0.05310033880668482,first_layer_selectivity,first_layer_selectivity|dataset=cifar10|metric=mean_best_class_selectivity,0.10620067761336964,0.2655016940334241,1.0,True,"exploratory_repair; inherited retrospective scope, not preregistered"
shared_downstream_repair_20260908,cifar10,standard,,kaiming,pca,mean_best_class_selectivity,5,0.18419587900449078,0.15992192165714836,-0.024273957347342407,0.0065937015221842815,-0.032461119142339984,-0.016086795552344827,0,0.0011874164011745779,first_layer_selectivity,first_layer_selectivity|dataset=cifar10|metric=mean_best_class_selectivity,0.0035622492035237334,0.008311914808222045,0.35741233675354794,True,"exploratory_repair; inherited retrospective scope, not preregistered"
shared_downstream_repair_20260908,cifar10,standard,,kaiming,kmeans,mean_best_class_selectivity,5,0.18419587900449078,0.28098881323015945,0.09679293422566862,0.010109625614533758,0.08424017606478346,0.10934569238655378,5,2.8150508874257124e-05,first_layer_selectivity,first_layer_selectivity|dataset=cifar10|metric=mean_best_class_selectivity,0.00014075254437128564,0.00036595661536534263,0.010303086247978108,True,"exploratory_repair; inherited retrospective scope, not preregistered"
shared_downstream_repair_20260908,cifar10,standard,,kaiming,di_wmf,mean_best_class_selectivity,5,0.18419587900449078,0.2813293160781106,0.09713343707361989,0.011496279914183675,0.08285892019090496,0.11140795395633482,5,4.622716840187124e-05,first_layer_selectivity,first_layer_selectivity|dataset=cifar10|metric=mean_best_class_selectivity,0.00018490867360748496,0.0005084988524205837,0.016734234961477388,True,"exploratory_repair; inherited retrospective scope, not preregistered"
shared_downstream_repair_20260908,cifar10,standard,,kaiming,lowrank_wmf,mean_best_class_selectivity,5,0.18419587900449078,0.27942849184424057,0.09523261283974974,0.009473973608985975,0.08346912088953927,0.1069961047899602,5,2.3199997810649884e-05,first_layer_selectivity,first_layer_selectivity|dataset=cifar10|metric=mean_best_class_selectivity,0.0001391999868638993,0.00034799996715974827,0.008560799192129808,True,"exploratory_repair; inherited retrospective scope, not preregistered"
shared_downstream_repair_20260908,sign,standard,,kaiming,random_stem,mean_best_class_selectivity,10,0.15024382926556287,0.17779482964164953,0.027551000376086637,0.012131125788279963,0.01887291576624174,0.03622908498593153,10,5.1840555775486625e-05,first_layer_selectivity,first_layer_selectivity|dataset=sign|metric=mean_best_class_selectivity,0.00019645255216272565,0.0005084988524205837,0.018662600079175185,True,"exploratory_repair; inherited retrospective scope, not preregistered"
shared_downstream_repair_20260908,sign,standard,,kaiming,gabor,mean_best_class_selectivity,10,0.15024382926556287,0.1767510541103593,0.026507224844796423,0.02044088699563344,0.011884695168304092,0.04112975452128875,8,0.0026736606313186207,first_layer_selectivity,first_layer_selectivity|dataset=sign|metric=mean_best_class_selectivity,0.0026736606313186207,0.016041963787911725,0.7539722980318511,True,"exploratory_repair; inherited retrospective scope, not preregistered"
shared_downstream_repair_20260908,sign,standard,,kaiming,pca,mean_best_class_selectivity,10,0.15024382926556287,0.11055095017203276,-0.039692879093530135,0.01927883402460221,-0.05348412615209155,-0.025901632034968723,0,0.00011006534783376618,first_layer_selectivity,first_layer_selectivity|dataset=sign|metric=mean_best_class_selectivity,0.00022013069566753236,0.0008805227826701295,0.03863293708965193,True,"exploratory_repair; inherited retrospective scope, not preregistered"
shared_downstream_repair_20260908,sign,standard,,kaiming,kmeans,mean_best_class_selectivity,10,0.15024382926556287,0.262188192255011,0.11194436298944813,0.023577305059990276,0.09507817499060699,0.12881055098828925,10,1.1187377601759407e-07,first_layer_selectivity,first_layer_selectivity|dataset=sign|metric=mean_best_class_selectivity,6.712426561055644e-07,2.0137279683166935e-06,4.228828733465056e-05,True,"exploratory_repair; inherited retrospective scope, not preregistered"
shared_downstream_repair_20260908,sign,standard,,kaiming,di_wmf,mean_best_class_selectivity,10,0.15024382926556287,0.24659378404863208,0.09634995478306921,0.04051075971143379,0.06737030305737687,0.12532960650876154,10,3.611988387607326e-05,first_layer_selectivity,first_layer_selectivity|dataset=sign|metric=mean_best_class_selectivity,0.0001805994193803663,0.00043343860651287917,0.013111517847014593,True,"exploratory_repair; inherited retrospective scope, not preregistered"
shared_downstream_repair_20260908,sign,standard,,kaiming,lowrank_wmf,mean_best_class_selectivity,10,0.15024382926556287,0.3162592040998809,0.16601537483431797,0.07259362817880405,0.11408502158714384,0.2179457280814921,10,4.911313804068141e-05,first_layer_selectivity,first_layer_selectivity|dataset=sign|metric=mean_best_class_selectivity,0.00019645255216272565,0.0005084988524205837,0.01772984283268599,True,"exploratory_repair; inherited retrospective scope, not preregistered"
shared_downstream_repair_20260908,fashion,standard,brightness,kaiming,random_stem,normalised_accuracy_auc,5,59.970388478702965,61.33266690704558,1.36227842834261,1.5058686069086258,-0.5075044068810868,3.2320612635663064,5,0.11312979518334525,first_layer_corruption,first_layer_corruption|dataset=fashion|metric=normalised_accuracy_auc,1.0,1.0,1.0,True,"exploratory_repair; inherited retrospective scope, not preregistered"
shared_downstream_repair_20260908,fashion,standard,brightness,kaiming,random_stem,mean_retention,5,0.864317882634737,0.8788897878272774,0.014571905192540525,0.011834839303734879,-0.00012298869543397525,0.029266799080515025,5,0.05120540768664063,first_layer_corruption,first_layer_corruption|dataset=fashion|metric=mean_retention,1.0,1.0,1.0,True,"exploratory_repair; inherited retrospective scope, not preregistered"
shared_downstream_repair_20260908,fashion,standard,brightness,kaiming,gabor,normalised_accuracy_auc,5,59.970388478702965,66.94233361217712,6.971945133474139,0.9862328844199499,5.747375267045234,8.196514999903044,5,9.358671294001671e-05,first_layer_corruption,first_layer_corruption|dataset=fashion|metric=normalised_accuracy_auc,0.0040242286564207185,0.025549172632624562,0.03294252295488588,True,"exploratory_repair; inherited retrospective scope, not preregistered"
shared_downstream_repair_20260908,fashion,standard,brightness,kaiming,gabor,mean_retention,5,0.864317882634737,0.9347742579466003,0.07045637531186329,0.013086974486132255,0.05420675024702166,0.08670600037670492,5,0.0002730035011408584,first_layer_corruption,first_layer_corruption|dataset=fashion|metric=mean_retention,0.01201215405019777,0.07152691729890491,0.09200217988446929,True,"exploratory_repair; inherited retrospective scope, not preregistered"
shared_downstream_repair_20260908,fashion,standard,brightness,kaiming,pca,normalised_accuracy_auc,5,59.970388478702965,63.5611112250222,3.5907227463192384,1.6427757307311686,1.5509472643474655,5.630498228291011,5,0.008116518545608032,first_layer_corruption,first_layer_corruption|dataset=fashion|metric=normalised_accuracy_auc,0.2029129636402008,1.0,1.0,True,"exploratory_repair; inherited retrospective scope, not preregistered"
shared_downstream_repair_20260908,fashion,standard,brightness,kaiming,pca,mean_retention,5,0.864317882634737,0.9028097949892564,0.03849191235451936,0.017083487074592972,0.017279961490217925,0.0597038632188208,5,0.007291140054800227,first_layer_corruption,first_layer_corruption|dataset=fashion|metric=mean_retention,0.26039509311251957,1.0,1.0,True,"exploratory_repair; inherited retrospective scope, not preregistered"
shared_downstream_repair_20260908,fashion,standard,brightness,kaiming,kmeans,normalised_accuracy_auc,5,59.970388478702965,67.27833340565364,7.307944926950666,1.080655632273397,5.966133733900664,8.649756120000669,5,0.00011148649463515054,first_layer_corruption,first_layer_corruption|dataset=fashion|metric=normalised_accuracy_auc,0.0046824327746763225,0.03032432654076095,0.03902027312230269,True,"exploratory_repair; inherited retrospective scope, not preregistered"
shared_downstream_repair_20260908,fashion,standard,brightness,kaiming,kmeans,mean_retention,5,0.864317882634737,0.9524860009201843,0.08816811828544728,0.018159369191788344,0.06562028332991311,0.11071595324098145,5,0.00040850243489805126,first_layer_corruption,first_layer_corruption|dataset=fashion|metric=mean_retention,0.017565604700616202,0.10457662333390112,0.13439730108145886,True,"exploratory_repair; inherited retrospective scope, not preregistered"
shared_downstream_repair_20260908,fashion,standard,brightness,kaiming,di_wmf,normalised_accuracy_auc,5,59.970388478702965,66.94861140516069,6.978222926457725,0.9250468079274307,5.829625608400923,8.126820244514528,5,7.240674478002114e-05,first_layer_corruption,first_layer_corruption|dataset=fashion|metric=normalised_accuracy_auc,0.00318589677032093,0.019911854814505813,0.025631987652127482,True,"exploratory_repair; inherited retrospective scope, not preregistered"
shared_downstream_repair_20260908,fashion,standard,brightness,kaiming,di_wmf,mean_retention,5,0.864317882634737,0.9480897850653884,0.08377190243065151,0.020301851954217128,0.05856382376223737,0.10897998109906565,5,0.000766821009020716,first_layer_corruption,first_layer_corruption|dataset=fashion|metric=mean_retention,0.03143966136984936,0.18710432620105472,0.24078179683250484,True,"exploratory_repair; inherited retrospective scope, not preregistered"
shared_downstream_repair_20260908,fashion,standard,brightness,kaiming,lowrank_wmf,normalised_accuracy_auc,5,59.970388478702965,68.42605537838406,8.45566689968109,1.5239903884203658,6.563382900770951,10.347950898591229,5,0.0002426436224310635,first_layer_corruption,first_layer_corruption|dataset=fashion|metric=normalised_accuracy_auc,0.009463101274811475,0.06405791632180076,0.08225618800413052,True,"exploratory_repair; inherited retrospective scope, not preregistered"
shared_downstream_repair_20260908,fashion,standard,brightness,kaiming,lowrank_wmf,mean_retention,5,0.864317882634737,0.9483504240719366,0.08403254143719949,0.019941204043523085,0.05927226629552154,0.10879281657887743,5,0.0007071346080001328,first_layer_corruption,first_layer_corruption|dataset=fashion|metric=mean_retention,0.029699653536005576,0.1753693827840329,0.22557593995204236,True,"exploratory_repair; inherited retrospective scope, not preregistered"
shared_downstream_repair_20260908,fashion,standard,colored_gaussian,kaiming,random_stem,normalised_accuracy_auc,5,56.53872191905975,57.38550004031923,0.8467781212594758,1.2563092824798705,-0.7131358854049823,2.406692127923934,3,0.20624899673809124,first_layer_corruption,first_layer_corruption|dataset=fashion|metric=normalised_accuracy_auc,1.0,1.0,1.0,True,"exploratory_repair; inherited retrospective scope, not preregistered"
shared_downstream_repair_20260908,fashion,standard,colored_gaussian,kaiming,random_stem,mean_retention,5,0.8066482623486243,0.8133925507666596,0.006744288418035494,0.028047786552418272,-0.028081638373405948,0.041570215209476936,3,0.6193183428756756,first_layer_corruption,first_layer_corruption|dataset=fashion|metric=mean_retention,1.0,1.0,1.0,True,"exploratory_repair; inherited retrospective scope, not preregistered"
shared_downstream_repair_20260908,fashion,standard,colored_gaussian,kaiming,gabor,normalised_accuracy_auc,5,56.53872191905975,53.06300027502908,-3.475721644030675,1.4141525153969086,-5.23162391036831,-1.7198193776930397,0,0.005342710828657954,first_layer_corruption,first_layer_corruption|dataset=fashion|metric=normalised_accuracy_auc,0.16028132485973864,1.0,1.0,True,"exploratory_repair; inherited retrospective scope, not preregistered"
shared_downstream_repair_20260908,fashion,standard,colored_gaussian,kaiming,gabor,mean_retention,5,0.8066482623486243,0.7257960735198619,-0.08085218882876229,0.023349359113903168,-0.1098442474216268,-0.05186013023589778,0,0.0014987532117059004,first_layer_corruption,first_layer_corruption|dataset=fashion|metric=mean_retention,0.05995012846823602,0.3402169790572394,0.4421321974532406,True,"exploratory_repair; inherited retrospective scope, not preregistered"
shared_downstream_repair_20260908,fashion,standard,colored_gaussian,kaiming,pca,normalised_accuracy_auc,5,56.53872191905975,57.43911097447078,0.9003890554110214,1.517546981423691,-0.983894397005572,2.784672507827615,3,0.25527949276219486,first_layer_corruption,first_layer_corruption|dataset=fashion|metric=normalised_accuracy_auc,1.0,1.0,1.0,True,"exploratory_repair; inherited retrospective scope, not preregistered"
shared_downstream_repair_20260908,fashion,standard,colored_gaussian,kaiming,pca,mean_retention,5,0.8066482623486243,0.8076117913148316,0.0009635289662073276,0.021618397610847266,-0.02587925704603599,0.027806314978450646,3,0.9254083368351154,first_layer_corruption,first_layer_corruption|dataset=fashion|metric=mean_retention,1.0,1.0,1.0,True,"exploratory_repair; inherited retrospective scope, not preregistered"
shared_downstream_repair_20260908,fashion,standard,colored_gaussian,kaiming,kmeans,normalised_accuracy_auc,5,56.53872191905975,54.9093336198065,-1.6293882992532516,1.8106232456326805,-3.877573997666202,0.6187973991596989,1,0.11450502071568704,first_layer_corruption,first_layer_corruption|dataset=fashion|metric=normalised_accuracy_auc,1.0,1.0,1.0,True,"exploratory_repair; inherited retrospective scope, not preregistered"
shared_downstream_repair_20260908,fashion,standard,colored_gaussian,kaiming,kmeans,mean_retention,5,0.8066482623486243,0.7610684978010194,-0.0455797645476048,0.03221861613146242,-0.08558446026998871,-0.00557506882522088,0,0.034073648526647085,first_layer_corruption,first_layer_corruption|dataset=fashion|metric=mean_retention,0.9540621587461184,1.0,1.0,True,"exploratory_repair; inherited retrospective scope, not preregistered"
shared_downstream_repair_20260908,fashion,standard,colored_gaussian,kaiming,di_wmf,normalised_accuracy_auc,5,56.53872191905975,55.788500275876785,-0.7502216431829651,1.8429035187091747,-3.038488594527184,1.538045308161254,2,0.4141695396369792,first_layer_corruption,first_layer_corruption|dataset=fashion|metric=normalised_accuracy_auc,1.0,1.0,1.0,True,"exploratory_repair; inherited retrospective scope, not preregistered"
shared_downstream_repair_20260908,fashion,standard,colored_gaussian,kaiming,di_wmf,mean_retention,5,0.8066482623486243,0.7741925054457451,-0.03245575690287905,0.03436191405284408,-0.07512170849166754,0.010210194685909432,1,0.10225656344205993,first_layer_corruption,first_layer_corruption|dataset=fashion|metric=mean_retention,1.0,1.0,1.0,True,"exploratory_repair; inherited retrospective scope, not preregistered"
shared_downstream_repair_20260908,fashion,standard,colored_gaussian,kaiming,lowrank_wmf,normalised_accuracy_auc,5,56.53872191905975,57.07161095407274,0.5328890350129882,2.2250806042159663,-2.229913444343456,3.295691514369432,2,0.6206786117773418,first_layer_corruption,first_layer_corruption|dataset=fashion|metric=normalised_accuracy_auc,1.0,1.0,1.0,True,"exploratory_repair; inherited retrospective scope, not preregistered"
shared_downstream_repair_20260908,fashion,standard,colored_gaussian,kaiming,lowrank_wmf,mean_retention,5,0.8066482623486243,0.7751943796915572,-0.031453882657066966,0.036865439364273195,-0.07722837149364886,0.014320606179514923,1,0.12906818637909742,first_layer_corruption,first_layer_corruption|dataset=fashion|metric=mean_retention,1.0,1.0,1.0,True,"exploratory_repair; inherited retrospective scope, not preregistered"
shared_downstream_repair_20260908,fashion,standard,contrast,kaiming,random_stem,normalised_accuracy_auc,5,68.13455578353668,68.22088880671394,0.0863330231772494,1.2019496862090524,-1.4060846298408423,1.5787506761953412,1,0.8801846537313883,first_layer_corruption,first_layer_corruption|dataset=fashion|metric=normalised_accuracy_auc,1.0,1.0,1.0,True,"exploratory_repair; inherited retrospective scope, not preregistered"
shared_downstream_repair_20260908,fashion,standard,contrast,kaiming,random_stem,mean_retention,5,0.9905676859195095,0.9854719639869968,-0.005095721932512798,0.005222458524385576,-0.011580260664354722,0.0013888167993291265,1,0.09455368251370909,first_layer_corruption,first_layer_corruption|dataset=fashion|metric=mean_retention,1.0,1.0,1.0,True,"exploratory_repair; inherited retrospective scope, not preregistered"
shared_downstream_repair_20260908,fashion,standard,contrast,kaiming,gabor,normalised_accuracy_auc,5,68.13455578353668,70.89255541563034,2.7579996320936373,0.49069437087665435,2.14872209765485,3.367277166532425,5,0.00023065760025545333,first_layer_corruption,first_layer_corruption|dataset=fashion|metric=normalised_accuracy_auc,0.009226304010218133,0.061354921667950583,0.07865424168710959,True,"exploratory_repair; inherited retrospective scope, not preregistered"
shared_downstream_repair_20260908,fashion,standard,contrast,kaiming,gabor,mean_retention,5,0.9905676859195095,0.9969946538427881,0.006426967923278548,0.006049772053993114,-0.0010848162335039407,0.013938752080061036,4,0.07636357402339643,first_layer_corruption,first_layer_corruption|dataset=fashion|metric=mean_retention,1.0,1.0,1.0,True,"exploratory_repair; inherited retrospective scope, not preregistered"
shared_downstream_repair_20260908,fashion,standard,contrast,kaiming,pca,normalised_accuracy_auc,5,68.13455578353668,69.27533328533171,1.1407775017950201,0.9475708143647663,-0.03578706415033239,2.3173420677403724,4,0.054545045802512425,first_layer_corruption,first_layer_corruption|dataset=fashion|metric=normalised_accuracy_auc,1.0,1.0,1.0,True,"exploratory_repair; inherited retrospective scope, not preregistered"
shared_downstream_repair_20260908,fashion,standard,contrast,kaiming,pca,mean_retention,5,0.9905676859195095,0.9937339307586447,0.0031662448391350574,0.006851946348383151,-0.005341570259276047,0.011674059937546161,4,0.3598521382733171,first_layer_corruption,first_layer_corruption|dataset=fashion|metric=mean_retention,1.0,1.0,1.0,True,"exploratory_repair; inherited retrospective scope, not preregistered"
shared_downstream_repair_20260908,fashion,standard,contrast,kaiming,kmeans,normalised_accuracy_auc,5,68.13455578353668,69.78533350759082,1.6507777240541288,0.5071175180736893,1.0211081590035822,2.2804472891046754,5,0.0018929063039526746,first_layer_corruption,first_layer_corruption|dataset=fashion|metric=normalised_accuracy_auc,0.07003753324624896,0.42211810578144643,0.5470499218423229,True,"exploratory_repair; inherited retrospective scope, not preregistered"
shared_downstream_repair_20260908,fashion,standard,contrast,kaiming,kmeans,mean_retention,5,0.9905676859195095,0.9927003347970157,0.0021326488775060604,0.004941010534260733,-0.004002426017631037,0.008267723772643159,3,0.38913097969982857,first_layer_corruption,first_layer_corruption|dataset=fashion|metric=mean_retention,1.0,1.0,1.0,True,"exploratory_repair; inherited retrospective scope, not preregistered"
shared_downstream_repair_20260908,fashion,standard,contrast,kaiming,di_wmf,normalised_accuracy_auc,5,68.13455578353668,69.68961122963165,1.555055446094937,0.5167964834322731,0.9133678582187754,2.1967430339710985,5,0.002541629802738759,first_layer_corruption,first_layer_corruption|dataset=fashion|metric=normalised_accuracy_auc,0.09149867289859531,0.5566169267997881,0.7218228639778075,True,"exploratory_repair; inherited retrospective scope, not preregistered"
shared_downstream_repair_20260908,fashion,standard,contrast,kaiming,di_wmf,mean_retention,5,0.9905676859195095,0.9919039372986452,0.0013362513791357112,0.006300113834755599,-0.006486373154065774,0.009158875912337196,3,0.660038393477298,first_layer_corruption,first_layer_corruption|dataset=fashion|metric=mean_retention,1.0,1.0,1.0,True,"exploratory_repair; inherited retrospective scope, not preregistered"
shared_downstream_repair_20260908,fashion,standard,contrast,kaiming,lowrank_wmf,normalised_accuracy_auc,5,68.13455578353668,71.21561113331055,3.081055349773834,1.1718984172972238,1.6259512754639,4.536159424083768,5,0.004183327840539118,first_layer_corruption,first_layer_corruption|dataset=fashion|metric=normalised_accuracy_auc,0.1380498187377909,0.8994154857159103,1.0,True,"exploratory_repair; inherited retrospective scope, not preregistered"
shared_downstream_repair_20260908,fashion,standard,contrast,kaiming,lowrank_wmf,mean_retention,5,0.9905676859195095,0.99218517135102,0.0016174854315106125,0.0066382345298090575,-0.006624971395786387,0.00985994225880761,4,0.6148141144356264,first_layer_corruption,first_layer_corruption|dataset=fashion|metric=mean_retention,1.0,1.0,1.0,True,"exploratory_repair; inherited retrospective scope, not preregistered"
shared_downstream_repair_20260908,fashion,standard,gaussian,kaiming,random_stem,normalised_accuracy_auc,5,50.65399979551633,56.305944422880806,5.651944627364479,1.9429613883406487,3.2394394215618925,8.064449833167066,5,0.002882476197109994,first_layer_corruption,first_layer_corruption|dataset=fashion|metric=normalised_accuracy_auc,0.0980041907017398,0.6226148585757587,0.8042108589936883,True,"exploratory_repair; inherited retrospective scope, not preregistered"
shared_downstream_repair_20260908,fashion,standard,gaussian,kaiming,random_stem,mean_retention,5,0.7153268046525895,0.7971166555059175,0.08178985085332797,0.03561619627196354,0.03756650218947173,0.1260131995171842,5,0.006815044169835708,first_layer_corruption,first_layer_corruption|dataset=fashion|metric=mean_retention,0.2521566342839212,1.0,1.0,True,"exploratory_repair; inherited retrospective scope, not preregistered"
shared_downstream_repair_20260908,fashion,standard,gaussian,kaiming,gabor,normalised_accuracy_auc,5,50.65399979551633,49.35661090744867,-1.2973888880676625,1.486301429676544,-3.142875863775811,0.5480980876404857,0,0.12269522358313541,first_layer_corruption,first_layer_corruption|dataset=fashion|metric=normalised_accuracy_auc,1.0,1.0,1.0,True,"exploratory_repair; inherited retrospective scope, not preregistered"
shared_downstream_repair_20260908,fashion,standard,gaussian,kaiming,gabor,mean_retention,5,0.7153268046525895,0.6727687287920517,-0.042558075860537704,0.024710827783772024,-0.07324062108546073,-0.011875530635614678,0,0.01828613819413089,first_layer_corruption,first_layer_corruption|dataset=fashion|metric=mean_retention,0.5302980076297957,1.0,1.0,True,"exploratory_repair; inherited retrospective scope, not preregistered"
shared_downstream_repair_20260908,fashion,standard,gaussian,kaiming,pca,normalised_accuracy_auc,5,50.65399979551633,44.528499924474296,-6.125499871042036,1.636437101276722,-8.157404905022268,-4.093594837061803,0,0.0011143075213411256,first_layer_corruption,first_layer_corruption|dataset=fashion|metric=normalised_accuracy_auc,0.042343685810962775,0.2607479599938234,0.3387494864877022,True,"exploratory_repair; inherited retrospective scope, not preregistered"
shared_downstream_repair_20260908,fashion,standard,gaussian,kaiming,pca,mean_retention,5,0.7153268046525895,0.6262667862963136,-0.08906001835627583,0.026950974352228565,-0.12252407292595105,-0.055595963786600616,0,0.001788655704597549,first_layer_corruption,first_layer_corruption|dataset=fashion|metric=mean_retention,0.0697575724793044,0.400658877829851,0.5204988100378868,True,"exploratory_repair; inherited retrospective scope, not preregistered"
shared_downstream_repair_20260908,fashion,standard,gaussian,kaiming,kmeans,normalised_accuracy_auc,5,50.65399979551633,65.02594461043677,14.371944814920429,1.2888914069567707,12.77157475730801,15.972314872532849,5,1.5359302433146465e-05,first_layer_corruption,first_layer_corruption|dataset=fashion|metric=normalised_accuracy_auc,0.0007218872143578838,0.004392760495879889,0.0057290198075636315,True,"exploratory_repair; inherited retrospective scope, not preregistered"
shared_downstream_repair_20260908,fashion,standard,gaussian,kaiming,kmeans,mean_retention,5,0.7153268046525895,0.9146096644395423,0.1992828597869527,0.024375917858989328,0.16901616015827348,0.22954955941563193,5,5.2669710957112965e-05,first_layer_corruption,first_layer_corruption|dataset=fashion|metric=mean_retention,0.0024228067040271964,0.01474751906799163,0.018908426233603556,True,"exploratory_repair; inherited retrospective scope, not preregistered"
shared_downstream_repair_20260908,fashion,standard,gaussian,kaiming,di_wmf,normalised_accuracy_auc,5,50.65399979551633,65.29600017600589,14.642000380489563,1.5581248184029963,12.707332888770784,16.57666787220834,5,3.0317231470614033e-05,first_layer_corruption,first_layer_corruption|dataset=fashion|metric=normalised_accuracy_auc,0.0013642754161776315,0.008519142043242544,0.011035472255303509,True,"exploratory_repair; inherited retrospective scope, not preregistered"
shared_downstream_repair_20260908,fashion,standard,gaussian,kaiming,di_wmf,mean_retention,5,0.7153268046525895,0.9197927647390187,0.20446596008642923,0.027466852789210898,0.17036135783410342,0.23857056233875504,5,7.631058929751333e-05,first_layer_corruption,first_layer_corruption|dataset=fashion|metric=mean_retention,0.0034339765183881,0.02090910146751865,0.026937638022022203,True,"exploratory_repair; inherited retrospective scope, not preregistered"
shared_downstream_repair_20260908,fashion,standard,gaussian,kaiming,lowrank_wmf,normalised_accuracy_auc,5,50.65399979551633,51.249500016371414,0.595500220855078,1.2604742283668733,-0.9695852491717382,2.160585690881894,2,0.35035993556014555,first_layer_corruption,first_layer_corruption|dataset=fashion|metric=normalised_accuracy_auc,1.0,1.0,1.0,True,"exploratory_repair; inherited retrospective scope, not preregistered"
shared_downstream_repair_20260908,fashion,standard,gaussian,kaiming,lowrank_wmf,mean_retention,5,0.7153268046525895,0.691611878021078,-0.023714926631511514,0.02300301826044032,-0.05227694625552404,0.004847092992501006,1,0.08245970254676548,first_layer_corruption,first_layer_corruption|dataset=fashion|metric=mean_retention,1.0,1.0,1.0,True,"exploratory_repair; inherited retrospective scope, not preregistered"
shared_downstream_repair_20260908,fashion,standard,occlusion,kaiming,random_stem,normalised_accuracy_auc,5,60.983110931184555,60.83238843414519,-0.1507224970393679,1.387077231823734,-1.873006358523035,1.5715613644442992,2,0.819975537980687,first_layer_corruption,first_layer_corruption|dataset=fashion|metric=normalised_accuracy_auc,1.0,1.0,1.0,True,"exploratory_repair; inherited retrospective scope, not preregistered"
shared_downstream_repair_20260908,fashion,standard,occlusion,kaiming,random_stem,mean_retention,5,0.8777642922742956,0.8694678745711528,-0.008296417703142845,0.01197233355642406,-0.02316203325464143,0.006569197848355744,2,0.1961858502844798,first_layer_corruption,first_layer_corruption|dataset=fashion|metric=mean_retention,1.0,1.0,1.0,True,"exploratory_repair; inherited retrospective scope, not preregistered"
shared_downstream_repair_20260908,fashion,standard,occlusion,kaiming,gabor,normalised_accuracy_auc,5,60.983110931184555,61.64755566252603,0.6644447313414673,0.47962418730966405,0.0689126452913188,1.2599768173916157,5,0.03630113303139518,first_layer_corruption,first_layer_corruption|dataset=fashion|metric=normalised_accuracy_auc,0.798624926690694,1.0,1.0,True,"exploratory_repair; inherited retrospective scope, not preregistered"
shared_downstream_repair_20260908,fashion,standard,occlusion,kaiming,gabor,mean_retention,5,0.8777642922742956,0.8559701245386698,-0.021794167735625702,0.009650941140162954,-0.03377739389814963,-0.009810941573101776,0,0.007233197030903322,first_layer_corruption,first_layer_corruption|dataset=fashion|metric=mean_retention,0.26039509311251957,1.0,1.0,True,"exploratory_repair; inherited retrospective scope, not preregistered"
shared_downstream_repair_20260908,fashion,standard,occlusion,kaiming,pca,normalised_accuracy_auc,5,60.983110931184555,60.33077796300252,-0.6523329681820371,1.2771821522882993,-2.2381640658268154,0.9334981294627414,1,0.3171377200015295,first_layer_corruption,first_layer_corruption|dataset=fashion|metric=normalised_accuracy_auc,1.0,1.0,1.0,True,"exploratory_repair; inherited retrospective scope, not preregistered"
shared_downstream_repair_20260908,fashion,standard,occlusion,kaiming,pca,mean_retention,5,0.8777642922742956,0.8520360177164378,-0.02572827455785782,0.01459915700685033,-0.0438555222173881,-0.007601026898327541,0,0.016950528055428543,first_layer_corruption,first_layer_corruption|dataset=fashion|metric=mean_retention,0.5085158416628563,1.0,1.0,True,"exploratory_repair; inherited retrospective scope, not preregistered"
shared_downstream_repair_20260908,fashion,standard,occlusion,kaiming,kmeans,normalised_accuracy_auc,5,60.983110931184555,59.39316683345371,-1.5899440977308559,1.3581744945243486,-3.276340470860335,0.09645227539862322,0,0.05894465572716738,first_layer_corruption,first_layer_corruption|dataset=fashion|metric=normalised_accuracy_auc,1.0,1.0,1.0,True,"exploratory_repair; inherited retrospective scope, not preregistered"
shared_downstream_repair_20260908,fashion,standard,occlusion,kaiming,kmeans,mean_retention,5,0.8777642922742956,0.8314199731435371,-0.04634431913075847,0.024527143078261444,-0.07679878966982835,-0.015889848591688585,0,0.013422873206933814,first_layer_corruption,first_layer_corruption|dataset=fashion|metric=mean_retention,0.4210311613200701,1.0,1.0,True,"exploratory_repair; inherited retrospective scope, not preregistered"
shared_downstream_repair_20260908,fashion,standard,occlusion,kaiming,di_wmf,normalised_accuracy_auc,5,60.983110931184555,59.30088914102978,-1.6822217901547787,1.2888991137689805,-3.2826014170384594,-0.08184216327109817,0,0.0433113632584388,first_layer_corruption,first_layer_corruption|dataset=fashion|metric=normalised_accuracy_auc,0.9095386284272148,1.0,1.0,True,"exploratory_repair; inherited retrospective scope, not preregistered"
shared_downstream_repair_20260908,fashion,standard,occlusion,kaiming,di_wmf,mean_retention,5,0.8777642922742956,0.8307568274362118,-0.04700746483808378,0.024731738063130494,-0.07771597360407861,-0.016298956072088956,0,0.013157223791252191,first_layer_corruption,first_layer_corruption|dataset=fashion|metric=mean_retention,0.4210311613200701,1.0,1.0,True,"exploratory_repair; inherited retrospective scope, not preregistered"
shared_downstream_repair_20260908,fashion,standard,occlusion,kaiming,lowrank_wmf,normalised_accuracy_auc,5,60.983110931184555,60.9242778023084,-0.05883312887615659,1.3649904036884997,-1.753692571029789,1.636026313277476,2,0.9278561318437298,first_layer_corruption,first_layer_corruption|dataset=fashion|metric=normalised_accuracy_auc,1.0,1.0,1.0,True,"exploratory_repair; inherited retrospective scope, not preregistered"
shared_downstream_repair_20260908,fashion,standard,occlusion,kaiming,lowrank_wmf,mean_retention,5,0.8777642922742956,0.8358280875476533,-0.04193620472664232,0.01923444902120438,-0.06581892760155743,-0.018053481851727216,0,0.00818877547452828,first_layer_corruption,first_layer_corruption|dataset=fashion|metric=mean_retention,0.27841836613396154,1.0,1.0,True,"exploratory_repair; inherited retrospective scope, not preregistered"
shared_downstream_repair_20260908,fashion,standard,rotation,kaiming,random_stem,normalised_accuracy_auc,5,67.60827799638113,67.67966638008754,0.07138838370640314,0.9499905196587023,-1.108180643188693,1.2509574106014991,2,0.8747114844573137,first_layer_corruption,first_layer_corruption|dataset=fashion|metric=normalised_accuracy_auc,1.0,1.0,1.0,True,"exploratory_repair; inherited retrospective scope, not preregistered"
shared_downstream_repair_20260908,fashion,standard,rotation,kaiming,random_stem,mean_retention,5,0.982538606332243,0.9777802746041686,-0.004758331728074494,0.0057094094913944776,-0.01184749994454188,0.0023308364883928923,1,0.1358360506217471,first_layer_corruption,first_layer_corruption|dataset=fashion|metric=mean_retention,1.0,1.0,1.0,True,"exploratory_repair; inherited retrospective scope, not preregistered"
shared_downstream_repair_20260908,fashion,standard,rotation,kaiming,gabor,normalised_accuracy_auc,5,67.60827799638113,69.95733353826736,2.3490555418862185,0.7926714777210034,1.3648239055970715,3.3332871781753655,5,0.0026902482190622593,first_layer_corruption,first_layer_corruption|dataset=fashion|metric=normalised_accuracy_auc,0.09415868766717908,0.5837838635365102,0.7559597495564949,True,"exploratory_repair; inherited retrospective scope, not preregistered"
shared_downstream_repair_20260908,fashion,standard,rotation,kaiming,gabor,mean_retention,5,0.982538606332243,0.9827908211569053,0.0002522148246623335,0.010674987675287495,-0.013002533053011042,0.01350696270233571,2,0.9603998281216826,first_layer_corruption,first_layer_corruption|dataset=fashion|metric=mean_retention,1.0,1.0,1.0,True,"exploratory_repair; inherited retrospective scope, not preregistered"
shared_downstream_repair_20260908,fashion,standard,rotation,kaiming,pca,normalised_accuracy_auc,5,67.60827799638113,68.28961110777325,0.6813331113921237,0.6521497968962706,-0.12841781284987241,1.49108403563412,4,0.07971515304412265,first_layer_corruption,first_layer_corruption|dataset=fashion|metric=normalised_accuracy_auc,1.0,1.0,1.0,True,"exploratory_repair; inherited retrospective scope, not preregistered"
shared_downstream_repair_20260908,fashion,standard,rotation,kaiming,pca,mean_retention,5,0.982538606332243,0.9783968560812293,-0.004141750251013909,0.006495045690827857,-0.012206414652003355,0.003922914149975537,1,0.22704290701293392,first_layer_corruption,first_layer_corruption|dataset=fashion|metric=mean_retention,1.0,1.0,1.0,True,"exploratory_repair; inherited retrospective scope, not preregistered"
shared_downstream_repair_20260908,fashion,standard,rotation,kaiming,kmeans,normalised_accuracy_auc,5,67.60827799638113,69.39327792988884,1.7849999335077,0.7194680364120911,0.8916623748364516,2.6783374921789482,5,0.005164574157809734,first_layer_corruption,first_layer_corruption|dataset=fashion|metric=normalised_accuracy_auc,0.16010179889210174,1.0,1.0,True,"exploratory_repair; inherited retrospective scope, not preregistered"
shared_downstream_repair_20260908,fashion,standard,rotation,kaiming,kmeans,mean_retention,5,0.982538606332243,0.9862282646947476,0.003689658362504411,0.004333906079775452,-0.0016915967883491777,0.009070913513358,4,0.12968878147976132,first_layer_corruption,first_layer_corruption|dataset=fashion|metric=mean_retention,1.0,1.0,1.0,True,"exploratory_repair; inherited retrospective scope, not preregistered"
shared_downstream_repair_20260908,fashion,standard,rotation,kaiming,di_wmf,normalised_accuracy_auc,5,67.60827799638113,69.25050026840634,1.642222272025208,0.7165071846649127,0.7525610963724497,2.5318834476779664,5,0.0068621277039374404,first_layer_corruption,first_layer_corruption|dataset=fashion|metric=normalised_accuracy_auc,0.1830059576408701,1.0,1.0,True,"exploratory_repair; inherited retrospective scope, not preregistered"
shared_downstream_repair_20260908,fashion,standard,rotation,kaiming,di_wmf,mean_retention,5,0.982538606332243,0.9849680818439864,0.0024294755117434176,0.005402323890891041,-0.004278395570212068,0.009137346593698904,3,0.3715117319086015,first_layer_corruption,first_layer_corruption|dataset=fashion|metric=mean_retention,1.0,1.0,1.0,True,"exploratory_repair; inherited retrospective scope, not preregistered"
shared_downstream_repair_20260908,fashion,standard,rotation,kaiming,lowrank_wmf,normalised_accuracy_auc,5,67.60827799638113,70.6409446729554,3.0326666765742774,1.3053581896037982,1.411850407782798,4.653482945365757,5,0.0065388470667700795,first_layer_corruption,first_layer_corruption|dataset=fashion|metric=normalised_accuracy_auc,0.1830059576408701,1.0,1.0,True,"exploratory_repair; inherited retrospective scope, not preregistered"
shared_downstream_repair_20260908,fashion,standard,rotation,kaiming,lowrank_wmf,mean_retention,5,0.982538606332243,0.9832884219751096,0.0007498156428664915,0.007847224291263227,-0.008993800245425105,0.010493431531158089,3,0.8412608996272827,first_layer_corruption,first_layer_corruption|dataset=fashion|metric=mean_retention,1.0,1.0,1.0,True,"exploratory_repair; inherited retrospective scope, not preregistered"
shared_downstream_repair_20260908,fashion,standard,salt_pepper,kaiming,random_stem,normalised_accuracy_auc,5,29.222499827543896,36.504666739039955,7.282166911496057,3.0481346347095095,3.497407873899278,11.066925949092838,5,0.0059169614717317735,first_layer_corruption,first_layer_corruption|dataset=fashion|metric=normalised_accuracy_auc,0.17159188268022144,1.0,1.0,True,"exploratory_repair; inherited retrospective scope, not preregistered"
shared_downstream_repair_20260908,fashion,standard,salt_pepper,kaiming,random_stem,mean_retention,5,0.39387729454536186,0.4992151209974892,0.10533782645212733,0.049739892326387695,0.04357759287592006,0.1670980600283346,5,0.009067321598121009,first_layer_corruption,first_layer_corruption|dataset=fashion|metric=mean_retention,0.2992216127379933,1.0,1.0,True,"exploratory_repair; inherited retrospective scope, not preregistered"
shared_downstream_repair_20260908,fashion,standard,salt_pepper,kaiming,gabor,normalised_accuracy_auc,5,29.222499827543896,29.73805552555455,0.5155556980106553,1.3818388669933785,-1.2002238744537026,2.231335270475013,4,0.4510575192256989,first_layer_corruption,first_layer_corruption|dataset=fashion|metric=normalised_accuracy_auc,1.0,1.0,1.0,True,"exploratory_repair; inherited retrospective scope, not preregistered"
shared_downstream_repair_20260908,fashion,standard,salt_pepper,kaiming,gabor,mean_retention,5,0.39387729454536186,0.38838735560059406,-0.005489938944767803,0.02047456659958061,-0.030912471170292312,0.019932593280756708,2,0.5811029397498967,first_layer_corruption,first_layer_corruption|dataset=fashion|metric=mean_retention,1.0,1.0,1.0,True,"exploratory_repair; inherited retrospective scope, not preregistered"
shared_downstream_repair_20260908,fashion,standard,salt_pepper,kaiming,pca,normalised_accuracy_auc,5,29.222499827543896,29.316444413529503,0.09394458598560647,2.194659884165807,-2.631085580485119,2.818974752456332,3,0.9283488674789607,first_layer_corruption,first_layer_corruption|dataset=fashion|metric=normalised_accuracy_auc,1.0,1.0,1.0,True,"exploratory_repair; inherited retrospective scope, not preregistered"
shared_downstream_repair_20260908,fashion,standard,salt_pepper,kaiming,pca,mean_retention,5,0.39387729454536186,0.38300618515507623,-0.010871109390285705,0.03689073692365873,-0.05667700929559903,0.034934790515027625,2,0.5459395108158155,first_layer_corruption,first_layer_corruption|dataset=fashion|metric=mean_retention,1.0,1.0,1.0,True,"exploratory_repair; inherited retrospective scope, not preregistered"
shared_downstream_repair_20260908,fashion,standard,salt_pepper,kaiming,kmeans,normalised_accuracy_auc,5,29.222499827543896,55.43761130836274,26.215111480818848,2.1436181647961288,23.55345797969587,28.876764981941825,5,1.063487024767035e-05,first_layer_corruption,first_layer_corruption|dataset=fashion|metric=normalised_accuracy_auc,0.0005104737718881769,0.0030628426313290607,0.004009346083371722,True,"exploratory_repair; inherited retrospective scope, not preregistered"
shared_downstream_repair_20260908,fashion,standard,salt_pepper,kaiming,kmeans,mean_retention,5,0.39387729454536186,0.7707864018113455,0.3769091072659835,0.033694467792893305,0.3350718996689116,0.41874631486305536,5,1.5166505226798303e-05,first_layer_corruption,first_layer_corruption|dataset=fashion|metric=mean_retention,0.0007279922508863186,0.004352787000091113,0.0056722729548225655,True,"exploratory_repair; inherited retrospective scope, not preregistered"
shared_downstream_repair_20260908,fashion,standard,salt_pepper,kaiming,di_wmf,normalised_accuracy_auc,5,29.222499827543896,56.44372228119109,27.221222453647197,2.5431648319149884,24.06346624036043,30.378978666933964,5,1.807346254149797e-05,first_layer_corruption,first_layer_corruption|dataset=fashion|metric=normalised_accuracy_auc,0.0008313792769089066,0.005150936824326922,0.006723328065437245,True,"exploratory_repair; inherited retrospective scope, not preregistered"
shared_downstream_repair_20260908,fashion,standard,salt_pepper,kaiming,di_wmf,mean_retention,5,0.39387729454536186,0.78582638380164,0.3919490892562781,0.03809434679781532,0.34464871030234195,0.4392494682102142,5,2.114873860715491e-05,first_layer_corruption,first_layer_corruption|dataset=fashion|metric=mean_retention,0.0009939907145362808,0.006006241764431995,0.007846182023254471,True,"exploratory_repair; inherited retrospective scope, not preregistered"
shared_downstream_repair_20260908,fashion,standard,salt_pepper,kaiming,lowrank_wmf,normalised_accuracy_auc,5,29.222499827543896,29.72744437555472,0.5049445480108282,1.8700444544734722,-1.81702232614948,2.8269114221711367,3,0.5785602499531826,first_layer_corruption,first_layer_corruption|dataset=fashion|metric=normalised_accuracy_auc,1.0,1.0,1.0,True,"exploratory_repair; inherited retrospective scope, not preregistered"
shared_downstream_repair_20260908,fashion,standard,salt_pepper,kaiming,lowrank_wmf,mean_retention,5,0.39387729454536186,0.3843398681181857,-0.009537426427176176,0.02959405126991643,-0.04628329445002779,0.027208441595675432,1,0.511003777219615,first_layer_corruption,first_layer_corruption|dataset=fashion|metric=mean_retention,1.0,1.0,1.0,True,"exploratory_repair; inherited retrospective scope, not preregistered"
shared_downstream_repair_20260908,fashion,standard,translation,kaiming,random_stem,normalised_accuracy_auc,5,62.05544408824708,62.43322193622589,0.3777778479788111,0.8076983815749198,-0.6251121538302132,1.3806678497878355,2,0.3546619538881205,first_layer_corruption,first_layer_corruption|dataset=fashion|metric=normalised_accuracy_auc,1.0,1.0,1.0,True,"exploratory_repair; inherited retrospective scope, not preregistered"
shared_downstream_repair_20260908,fashion,standard,translation,kaiming,random_stem,mean_retention,5,0.8946571727900212,0.8958666011348345,0.0012094283448133235,0.009101040090575553,-0.010091005481863466,0.012509862171490114,2,0.7811451127340382,first_layer_corruption,first_layer_corruption|dataset=fashion|metric=mean_retention,1.0,1.0,1.0,True,"exploratory_repair; inherited retrospective scope, not preregistered"
shared_downstream_repair_20260908,fashion,standard,translation,kaiming,gabor,normalised_accuracy_auc,5,62.05544408824708,65.90488857693143,3.8494444886843424,0.587428041021161,3.120056238613003,4.578832738755682,5,0.00012620369582385955,first_layer_corruption,first_layer_corruption|dataset=fashion|metric=normalised_accuracy_auc,0.0051743515287782415,0.03407499787244208,0.043918886146703126,True,"exploratory_repair; inherited retrospective scope, not preregistered"
shared_downstream_repair_20260908,fashion,standard,translation,kaiming,gabor,mean_retention,5,0.8946571727900212,0.9207022022023104,0.0260450294122893,0.008338064189674694,0.015691955293258193,0.036398103531320405,5,0.0022102368406301883,first_layer_corruption,first_layer_corruption|dataset=fashion|metric=mean_retention,0.08398899994394715,0.4884623417792716,0.634337973260864,True,"exploratory_repair; inherited retrospective scope, not preregistered"
shared_downstream_repair_20260908,fashion,standard,translation,kaiming,pca,normalised_accuracy_auc,5,62.05544408824708,63.431111276149764,1.3756671879026698,0.5272524513228509,0.7209968011304033,2.0303375746749364,5,0.004301516428805652,first_layer_corruption,first_layer_corruption|dataset=fashion|metric=normalised_accuracy_auc,0.1380498187377909,0.9205245157644094,1.0,True,"exploratory_repair; inherited retrospective scope, not preregistered"
shared_downstream_repair_20260908,fashion,standard,translation,kaiming,pca,mean_retention,5,0.8946571727900212,0.9019966694572782,0.007339496667256995,0.009008245122086672,-0.0038457169878326966,0.018524710322346687,4,0.14257144729274474,first_layer_corruption,first_layer_corruption|dataset=fashion|metric=mean_retention,1.0,1.0,1.0,True,"exploratory_repair; inherited retrospective scope, not preregistered"
shared_downstream_repair_20260908,fashion,standard,translation,kaiming,kmeans,normalised_accuracy_auc,5,62.05544408824708,63.44511104954614,1.3896669612990535,0.7747811753001633,0.4276490694428413,2.3516848531552657,5,0.015987728700397847,first_layer_corruption,first_layer_corruption|dataset=fashion|metric=normalised_accuracy_auc,0.38370548880954836,1.0,1.0,True,"exploratory_repair; inherited retrospective scope, not preregistered"
shared_downstream_repair_20260908,fashion,standard,translation,kaiming,kmeans,mean_retention,5,0.8946571727900212,0.8957276477644625,0.0010704749744413044,0.0060972021051772214,-0.00650020136932945,0.008641151318212059,4,0.7146497573790724,first_layer_corruption,first_layer_corruption|dataset=fashion|metric=mean_retention,1.0,1.0,1.0,True,"exploratory_repair; inherited retrospective scope, not preregistered"
shared_downstream_repair_20260908,fashion,standard,translation,kaiming,di_wmf,normalised_accuracy_auc,5,62.05544408824708,63.136055668195084,1.0806115799480012,0.6747183381522626,0.24283811053646354,1.918385049359539,5,0.023142261074517986,first_layer_corruption,first_layer_corruption|dataset=fashion|metric=normalised_accuracy_auc,0.5322720047139137,1.0,1.0,True,"exploratory_repair; inherited retrospective scope, not preregistered"
shared_downstream_repair_20260908,fashion,standard,translation,kaiming,di_wmf,mean_retention,5,0.8946571727900212,0.8920004853867673,-0.0026566874032537325,0.005906236955266948,-0.009990249195469317,0.004676874388961852,2,0.37141516981438877,first_layer_corruption,first_layer_corruption|dataset=fashion|metric=mean_retention,1.0,1.0,1.0,True,"exploratory_repair; inherited retrospective scope, not preregistered"
shared_downstream_repair_20260908,fashion,standard,translation,kaiming,lowrank_wmf,normalised_accuracy_auc,5,62.05544408824708,64.99033331871033,2.9348892304632415,1.263113436218116,1.3665267510637604,4.503251709862722,5,0.0065359270586025035,first_layer_corruption,first_layer_corruption|dataset=fashion|metric=normalised_accuracy_auc,0.1830059576408701,1.0,1.0,True,"exploratory_repair; inherited retrospective scope, not preregistered"
shared_downstream_repair_20260908,fashion,standard,translation,kaiming,lowrank_wmf,mean_retention,5,0.8946571727900212,0.8990634608291895,0.004406288039168338,0.01086606290273783,-0.009085711069378714,0.01789828714771539,4,0.4158247958375092,first_layer_corruption,first_layer_corruption|dataset=fashion|metric=mean_retention,1.0,1.0,1.0,True,"exploratory_repair; inherited retrospective scope, not preregistered"
shared_downstream_repair_20260908,cifar10,standard,brightness,kaiming,random_stem,normalised_accuracy_auc,5,31.834666911098697,33.00133327643076,1.166666365332069,0.5021931478359473,0.5431112135195528,1.7902215171445852,5,0.00653987224283402,first_layer_corruption,first_layer_corruption|dataset=cifar10|metric=normalised_accuracy_auc,0.15041706158518245,1.0,1.0,True,"exploratory_repair; inherited retrospective scope, not preregistered"
shared_downstream_repair_20260908,cifar10,standard,brightness,kaiming,random_stem,mean_retention,5,0.9474572683114963,0.9494278340569073,0.0019705657454108126,0.008379703521339151,-0.00843421043265732,0.012375341923478944,2,0.626808170200994,first_layer_corruption,first_layer_corruption|dataset=cifar10|metric=mean_retention,1.0,1.0,1.0,True,"exploratory_repair; inherited retrospective scope, not preregistered"
shared_downstream_repair_20260908,cifar10,standard,brightness,kaiming,gabor,normalised_accuracy_auc,5,31.834666911098697,35.58349993493822,3.748833023839525,0.4689683847161002,3.166531864241771,4.331134183437279,5,5.756959368755994e-05,first_layer_corruption,first_layer_corruption|dataset=cifar10|metric=normalised_accuracy_auc,0.0026482013096277572,0.016061916638829225,0.02060991454014646,True,"exploratory_repair; inherited retrospective scope, not preregistered"
shared_downstream_repair_20260908,cifar10,standard,brightness,kaiming,gabor,mean_retention,5,0.9474572683114963,0.9529560201403153,0.005498751828818827,0.007523831850672167,-0.003843319308699601,0.014840822966337253,4,0.17755179640574653,first_layer_corruption,first_layer_corruption|dataset=cifar10|metric=mean_retention,1.0,1.0,1.0,True,"exploratory_repair; inherited retrospective scope, not preregistered"
shared_downstream_repair_20260908,cifar10,standard,brightness,kaiming,pca,normalised_accuracy_auc,5,31.834666911098697,36.82488881879383,4.990221907695134,1.0071305860407458,3.7397041175184818,6.240739697871787,5,0.00037744138727887754,first_layer_corruption,first_layer_corruption|dataset=cifar10|metric=normalised_accuracy_auc,0.01396533132931847,0.0973798779179504,0.12531054057658733,True,"exploratory_repair; inherited retrospective scope, not preregistered"
shared_downstream_repair_20260908,cifar10,standard,brightness,kaiming,pca,mean_retention,5,0.9474572683114963,0.9493411644409754,0.001883896129478857,0.008836567584875941,-0.009088151708355982,0.012855943967313698,3,0.6584398551612729,first_layer_corruption,first_layer_corruption|dataset=cifar10|metric=mean_retention,1.0,1.0,1.0,True,"exploratory_repair; inherited retrospective scope, not preregistered"
shared_downstream_repair_20260908,cifar10,standard,brightness,kaiming,kmeans,normalised_accuracy_auc,5,31.834666911098697,32.31927767395974,0.48461076286104116,1.0600955058294168,-0.8316716613849542,1.8008931871070366,3,0.3644782033565189,first_layer_corruption,first_layer_corruption|dataset=cifar10|metric=normalised_accuracy_auc,1.0,1.0,1.0,True,"exploratory_repair; inherited retrospective scope, not preregistered"
shared_downstream_repair_20260908,cifar10,standard,brightness,kaiming,kmeans,mean_retention,5,0.9474572683114963,0.930984438029524,-0.016472830281972394,0.004613295073336179,-0.02220099268762472,-0.010744667876320068,0,0.0013337644685730392,first_layer_corruption,first_layer_corruption|dataset=cifar10|metric=mean_retention,0.042680462994337254,0.305432063303226,0.39612804716619265,True,"exploratory_repair; inherited retrospective scope, not preregistered"
shared_downstream_repair_20260908,cifar10,standard,brightness,kaiming,di_wmf,normalised_accuracy_auc,5,31.834666911098697,32.28883329364989,0.45416638255119113,1.0421556241807242,-0.8398407365195862,1.7481735016219684,3,0.3850030617566218,first_layer_corruption,first_layer_corruption|dataset=cifar10|metric=normalised_accuracy_auc,1.0,1.0,1.0,True,"exploratory_repair; inherited retrospective scope, not preregistered"
shared_downstream_repair_20260908,cifar10,standard,brightness,kaiming,di_wmf,mean_retention,5,0.9474572683114963,0.9307798805292359,-0.01667738778226071,0.007648560406874683,-0.026174329877563737,-0.007180445686957682,0,0.008186192974173211,first_layer_corruption,first_layer_corruption|dataset=cifar10|metric=mean_retention,0.2128410173285035,1.0,1.0,True,"exploratory_repair; inherited retrospective scope, not preregistered"
shared_downstream_repair_20260908,cifar10,standard,brightness,kaiming,lowrank_wmf,normalised_accuracy_auc,5,31.834666911098697,35.641722083091736,3.8070551719930394,0.3730127214186174,3.343898704935532,4.2702116390505465,5,2.1837883630656856e-05,first_layer_corruption,first_layer_corruption|dataset=cifar10|metric=normalised_accuracy_auc,0.001048218414271529,0.0061801210674758906,0.008080016943343036,True,"exploratory_repair; inherited retrospective scope, not preregistered"
shared_downstream_repair_20260908,cifar10,standard,brightness,kaiming,lowrank_wmf,mean_retention,5,0.9474572683114963,0.9398233838416269,-0.007633884469869523,0.006317347381055357,-0.015477907277072794,0.00021013833733374895,1,0.0539787363816753,first_layer_corruption,first_layer_corruption|dataset=cifar10|metric=mean_retention,0.9716172548701554,1.0,1.0,True,"exploratory_repair; inherited retrospective scope, not preregistered"
shared_downstream_repair_20260908,cifar10,standard,colored_gaussian,kaiming,random_stem,normalised_accuracy_auc,5,27.150333424409233,28.591499808761807,1.441166384352578,0.9804962951567119,0.22371943428431718,2.6586133344208385,4,0.03031077136540783,first_layer_corruption,first_layer_corruption|dataset=cifar10|metric=normalised_accuracy_auc,0.5023892786276462,1.0,1.0,True,"exploratory_repair; inherited retrospective scope, not preregistered"
shared_downstream_repair_20260908,cifar10,standard,colored_gaussian,kaiming,random_stem,mean_retention,5,0.79991102446727,0.8164566572485856,0.016545632781315555,0.02911631819824515,-0.019607051285690538,0.052698316848321644,4,0.2727210308788249,first_layer_corruption,first_layer_corruption|dataset=cifar10|metric=mean_retention,1.0,1.0,1.0,True,"exploratory_repair; inherited retrospective scope, not preregistered"
shared_downstream_repair_20260908,cifar10,standard,colored_gaussian,kaiming,gabor,normalised_accuracy_auc,5,27.150333424409233,22.532055551807087,-4.618277872602146,2.242681725904517,-7.402935031087267,-1.8336207141170253,0,0.009995757531745121,first_layer_corruption,first_layer_corruption|dataset=cifar10|metric=normalised_accuracy_auc,0.20991090816664754,1.0,1.0,True,"exploratory_repair; inherited retrospective scope, not preregistered"
shared_downstream_repair_20260908,cifar10,standard,colored_gaussian,kaiming,gabor,mean_retention,5,0.79991102446727,0.5934128853480769,-0.20649813911919318,0.05538062748446808,-0.27526227046459106,-0.1377340077737953,0,0.001130930326650626,first_layer_corruption,first_layer_corruption|dataset=cifar10|metric=mean_retention,0.037642187457038144,0.2635067661095959,0.3426718889751397,True,"exploratory_repair; inherited retrospective scope, not preregistered"
shared_downstream_repair_20260908,cifar10,standard,colored_gaussian,kaiming,pca,normalised_accuracy_auc,5,27.150333424409233,31.344777875476417,4.194444451067185,1.076216365015382,2.858145336349865,5.530743565784506,5,0.0009548170843807317,first_layer_corruption,first_layer_corruption|dataset=cifar10|metric=normalised_accuracy_auc,0.028644512531421952,0.22848783363335792,0.2951301184430873,True,"exploratory_repair; inherited retrospective scope, not preregistered"
shared_downstream_repair_20260908,cifar10,standard,colored_gaussian,kaiming,pca,mean_retention,5,0.79991102446727,0.798402258518976,-0.0015087659482941884,0.04480219775691735,-0.05713804194346389,0.054120510046875514,3,0.9435899827440734,first_layer_corruption,first_layer_corruption|dataset=cifar10|metric=mean_retention,1.0,1.0,1.0,True,"exploratory_repair; inherited retrospective scope, not preregistered"
shared_downstream_repair_20260908,cifar10,standard,colored_gaussian,kaiming,kmeans,normalised_accuracy_auc,5,27.150333424409233,31.569555617041054,4.419222192631825,0.5777154084315573,3.7018937687747764,5.136550616488873,5,6.852545987068642e-05,first_layer_corruption,first_layer_corruption|dataset=cifar10|metric=normalised_accuracy_auc,0.0030836456941808893,0.019050077844050824,0.024463589173835055,True,"exploratory_repair; inherited retrospective scope, not preregistered"
shared_downstream_repair_20260908,cifar10,standard,colored_gaussian,kaiming,kmeans,mean_retention,5,0.79991102446727,0.9030675306666561,0.10315650619938602,0.024710803860246485,0.07247399067944336,0.13383902171932868,5,0.0007332531986610296,first_layer_corruption,first_layer_corruption|dataset=cifar10|metric=mean_retention,0.028596874747780155,0.17964703367195226,0.23170801077688535,True,"exploratory_repair; inherited retrospective scope, not preregistered"
shared_downstream_repair_20260908,cifar10,standard,colored_gaussian,kaiming,di_wmf,normalised_accuracy_auc,5,27.150333424409233,31.551666657129925,4.401333232720691,0.5815116132872968,3.679291197964465,5.123375267476917,5,7.146060564466605e-05,first_layer_corruption,first_layer_corruption|dataset=cifar10|metric=normalised_accuracy_auc,0.003084368823047628,0.01972312715792783,0.025368515003856448,True,"exploratory_repair; inherited retrospective scope, not preregistered"
shared_downstream_repair_20260908,cifar10,standard,colored_gaussian,kaiming,di_wmf,mean_retention,5,0.79991102446727,0.9030152022912468,0.10310417782397681,0.02356297195141145,0.07384688386122412,0.1323614717867295,5,0.0006114662615984038,first_layer_corruption,first_layer_corruption|dataset=cifar10|metric=mean_retention,0.02568158298713296,0.15347803166119936,0.19689213623468602,True,"exploratory_repair; inherited retrospective scope, not preregistered"
shared_downstream_repair_20260908,cifar10,standard,colored_gaussian,kaiming,lowrank_wmf,normalised_accuracy_auc,5,27.150333424409233,30.213055560986202,3.062722136576968,1.818115220567646,0.8052339226118264,5.3202103505421094,5,0.019659011745628254,first_layer_corruption,first_layer_corruption|dataset=cifar10|metric=normalised_accuracy_auc,0.3538622114213086,1.0,1.0,True,"exploratory_repair; inherited retrospective scope, not preregistered"
shared_downstream_repair_20260908,cifar10,standard,colored_gaussian,kaiming,lowrank_wmf,mean_retention,5,0.79991102446727,0.7835767965454001,-0.016334227921869938,0.04256037492265908,-0.06917991321339002,0.036511457369650155,1,0.4391739166614131,first_layer_corruption,first_layer_corruption|dataset=cifar10|metric=mean_retention,1.0,1.0,1.0,True,"exploratory_repair; inherited retrospective scope, not preregistered"
shared_downstream_repair_20260908,cifar10,standard,contrast,kaiming,random_stem,normalised_accuracy_auc,5,33.33383346597354,34.47711105147997,1.1432775855064363,0.36808178973282585,0.6862436788007786,1.600311492212094,5,0.002257475877321414,first_layer_corruption,first_layer_corruption|dataset=cifar10|metric=normalised_accuracy_auc,0.05417942105571394,0.49664469301071107,0.6456381009139244,True,"exploratory_repair; inherited retrospective scope, not preregistered"
shared_downstream_repair_20260908,cifar10,standard,contrast,kaiming,random_stem,mean_retention,5,0.9974105706765064,0.9974806329692993,7.006229279298282e-05,0.0028142854629860463,-0.0034243346472650027,0.003564459232850968,3,0.9582763568634659,first_layer_corruption,first_layer_corruption|dataset=cifar10|metric=mean_retention,1.0,1.0,1.0,True,"exploratory_repair; inherited retrospective scope, not preregistered"
shared_downstream_repair_20260908,cifar10,standard,contrast,kaiming,gabor,normalised_accuracy_auc,5,33.33383346597354,37.06438880827692,3.7305553423033815,0.6766013788976076,2.890443768991198,4.570666915615565,5,0.0002486779415467977,first_layer_corruption,first_layer_corruption|dataset=cifar10|metric=normalised_accuracy_auc,0.00969843972032511,0.0654022986268078,0.08405314424281762,True,"exploratory_repair; inherited retrospective scope, not preregistered"
shared_downstream_repair_20260908,cifar10,standard,contrast,kaiming,gabor,mean_retention,5,0.9974105706765064,0.9980660182248006,0.0006554475482941413,0.0036280332534766894,-0.003849350726833935,0.0051602458234222175,3,0.7068988127326618,first_layer_corruption,first_layer_corruption|dataset=cifar10|metric=mean_retention,1.0,1.0,1.0,True,"exploratory_repair; inherited retrospective scope, not preregistered"
shared_downstream_repair_20260908,cifar10,standard,contrast,kaiming,pca,normalised_accuracy_auc,5,33.33383346597354,38.49799990653992,5.1641664405663805,1.1123190538490546,3.7830399168859357,6.545292964246825,5,0.00048610450197252226,first_layer_corruption,first_layer_corruption|dataset=cifar10|metric=normalised_accuracy_auc,0.01701365756903828,0.12298443899904814,0.15798396314106974,True,"exploratory_repair; inherited retrospective scope, not preregistered"
shared_downstream_repair_20260908,cifar10,standard,contrast,kaiming,pca,mean_retention,5,0.9974105706765064,0.9981543755913835,0.0007438049148770665,0.000947044732375477,-0.0004321064340020819,0.001919716263756215,4,0.1538982643244554,first_layer_corruption,first_layer_corruption|dataset=cifar10|metric=mean_retention,1.0,1.0,1.0,True,"exploratory_repair; inherited retrospective scope, not preregistered"
shared_downstream_repair_20260908,cifar10,standard,contrast,kaiming,kmeans,normalised_accuracy_auc,5,33.33383346597354,34.01038886772262,0.67655540174908,0.9520695715470416,-0.5055951090261643,1.8587059125243244,3,0.1872638914687526,first_layer_corruption,first_layer_corruption|dataset=cifar10|metric=normalised_accuracy_auc,1.0,1.0,1.0,True,"exploratory_repair; inherited retrospective scope, not preregistered"
shared_downstream_repair_20260908,cifar10,standard,contrast,kaiming,kmeans,mean_retention,5,0.9974105706765064,0.9852610349872168,-0.012149535689289382,0.002497964614879938,-0.015251168420372732,-0.009047902958206032,0,0.0004057212142564409,first_layer_corruption,first_layer_corruption|dataset=cifar10|metric=mean_retention,0.017851733427283398,0.10427035206390531,0.13388800070462548,True,"exploratory_repair; inherited retrospective scope, not preregistered"
shared_downstream_repair_20260908,cifar10,standard,contrast,kaiming,di_wmf,normalised_accuracy_auc,5,33.33383346597354,34.0154446164767,0.6816111505031571,0.9441038194080914,-0.4906485726225379,1.853870873628852,3,0.18174831013775755,first_layer_corruption,first_layer_corruption|dataset=cifar10|metric=normalised_accuracy_auc,1.0,1.0,1.0,True,"exploratory_repair; inherited retrospective scope, not preregistered"
shared_downstream_repair_20260908,cifar10,standard,contrast,kaiming,di_wmf,mean_retention,5,0.9974105706765064,0.9861286957664934,-0.01128187491001289,0.0021490900483788385,-0.01395032265198288,-0.0086134271680429,0,0.0003012862447620498,first_layer_corruption,first_layer_corruption|dataset=cifar10|metric=mean_retention,0.013557881014292242,0.07833442363813295,0.1009308919952867,True,"exploratory_repair; inherited retrospective scope, not preregistered"
shared_downstream_repair_20260908,cifar10,standard,contrast,kaiming,lowrank_wmf,normalised_accuracy_auc,5,33.33383346597354,37.23933332496219,3.905499858988648,0.5134975304819429,3.2679084622226795,4.543091255754616,5,7.009929143290063e-05,first_layer_corruption,first_layer_corruption|dataset=cifar10|metric=normalised_accuracy_auc,0.003084368823047628,0.019417503726913476,0.024955347750112624,True,"exploratory_repair; inherited retrospective scope, not preregistered"
shared_downstream_repair_20260908,cifar10,standard,contrast,kaiming,lowrank_wmf,mean_retention,5,0.9974105706765064,0.986774689383954,-0.010635881292552486,0.002726890658914146,-0.01402176325076432,-0.007249999334340651,0,0.0009520326401389913,first_layer_corruption,first_layer_corruption|dataset=cifar10|metric=mean_retention,0.034273175045003684,0.22848783363335792,0.2951301184430873,True,"exploratory_repair; inherited retrospective scope, not preregistered"
shared_downstream_repair_20260908,cifar10,standard,gaussian,kaiming,random_stem,normalised_accuracy_auc,5,25.537500000662277,27.064333276616207,1.5268332759539291,1.879795839143922,-0.8072415414843126,3.8609080933921707,3,0.14350774386524745,first_layer_corruption,first_layer_corruption|dataset=cifar10|metric=normalised_accuracy_auc,1.0,1.0,1.0,True,"exploratory_repair; inherited retrospective scope, not preregistered"
shared_downstream_repair_20260908,cifar10,standard,gaussian,kaiming,random_stem,mean_retention,5,0.7513770025087102,0.7733490820786179,0.021972079569907564,0.05693427258747443,-0.04872115696587891,0.09266531610569403,3,0.43683719718120717,first_layer_corruption,first_layer_corruption|dataset=cifar10|metric=mean_retention,1.0,1.0,1.0,True,"exploratory_repair; inherited retrospective scope, not preregistered"
shared_downstream_repair_20260908,cifar10,standard,gaussian,kaiming,gabor,normalised_accuracy_auc,5,25.537500000662277,23.1228889276584,-2.4146110730038743,2.795672151840283,-5.885896534724801,1.0566743887170524,1,0.12562986842353444,first_layer_corruption,first_layer_corruption|dataset=cifar10|metric=normalised_accuracy_auc,1.0,1.0,1.0,True,"exploratory_repair; inherited retrospective scope, not preregistered"
shared_downstream_repair_20260908,cifar10,standard,gaussian,kaiming,gabor,mean_retention,5,0.7513770025087102,0.60991471178718,-0.14146229072153021,0.08042997428395476,-0.24132929416637142,-0.041595287276689014,0,0.017061996549137697,first_layer_corruption,first_layer_corruption|dataset=cifar10|metric=mean_retention,0.4094879171793047,1.0,1.0,True,"exploratory_repair; inherited retrospective scope, not preregistered"
shared_downstream_repair_20260908,cifar10,standard,gaussian,kaiming,pca,normalised_accuracy_auc,5,25.537500000662277,28.056999941666923,2.5194999410046477,2.4528478174296704,-0.526112886970453,5.565112768979748,4,0.08322887640053672,first_layer_corruption,first_layer_corruption|dataset=cifar10|metric=normalised_accuracy_auc,1.0,1.0,1.0,True,"exploratory_repair; inherited retrospective scope, not preregistered"
shared_downstream_repair_20260908,cifar10,standard,gaussian,kaiming,pca,mean_retention,5,0.7513770025087102,0.7158033976368208,-0.03557360487188954,0.07371145902382154,-0.1270984697968407,0.05595126005306163,2,0.3412532570813321,first_layer_corruption,first_layer_corruption|dataset=cifar10|metric=mean_retention,1.0,1.0,1.0,True,"exploratory_repair; inherited retrospective scope, not preregistered"
shared_downstream_repair_20260908,cifar10,standard,gaussian,kaiming,kmeans,normalised_accuracy_auc,5,25.537500000662277,33.84566669662794,8.308166695965664,2.2049931250346324,5.57030611632335,11.046027275607978,5,0.0010866613677076899,first_layer_corruption,first_layer_corruption|dataset=cifar10|metric=normalised_accuracy_auc,0.031513179663523,0.2575387441467225,0.3336050398862608,True,"exploratory_repair; inherited retrospective scope, not preregistered"
shared_downstream_repair_20260908,cifar10,standard,gaussian,kaiming,kmeans,mean_retention,5,0.7513770025087102,0.9796308028345507,0.2282538003258404,0.06808413788603669,0.1437161774640077,0.31279142318767306,5,0.0016938775921036963,first_layer_corruption,first_layer_corruption|dataset=cifar10|metric=mean_retention,0.05081632776311089,0.38281633581543534,0.4980000120784867,True,"exploratory_repair; inherited retrospective scope, not preregistered"
shared_downstream_repair_20260908,cifar10,standard,gaussian,kaiming,di_wmf,normalised_accuracy_auc,5,25.537500000662277,33.858888894319534,8.32138889365726,2.2135730122821196,5.572874976911095,11.069902810403427,5,0.001096226536371958,first_layer_corruption,first_layer_corruption|dataset=cifar10|metric=normalised_accuracy_auc,0.031513179663523,0.2587094625837821,0.33544532012981915,True,"exploratory_repair; inherited retrospective scope, not preregistered"
shared_downstream_repair_20260908,cifar10,standard,gaussian,kaiming,di_wmf,mean_retention,5,0.7513770025087102,0.9807386115986553,0.229361609089945,0.06872324897167732,0.1440304250022194,0.31469279317767057,5,0.0017229236648604429,first_layer_corruption,first_layer_corruption|dataset=cifar10|metric=mean_retention,0.05081632776311089,0.38765782459359965,0.5048166338041098,True,"exploratory_repair; inherited retrospective scope, not preregistered"
shared_downstream_repair_20260908,cifar10,standard,gaussian,kaiming,lowrank_wmf,normalised_accuracy_auc,5,25.537500000662277,31.876055565145286,6.338555564483011,2.0148781206622495,3.836753941288236,8.840357187677785,5,0.002152222298620105,first_layer_corruption,first_layer_corruption|dataset=cifar10|metric=normalised_accuracy_auc,0.05380555746550262,0.47779335029366327,0.6198400220025901,True,"exploratory_repair; inherited retrospective scope, not preregistered"
shared_downstream_repair_20260908,cifar10,standard,gaussian,kaiming,lowrank_wmf,mean_retention,5,0.7513770025087102,0.8309429148495179,0.07956591234080754,0.058016582622036315,0.007528810400210903,0.15160301428140416,4,0.03741606488631105,first_layer_corruption,first_layer_corruption|dataset=cifar10|metric=mean_retention,0.748321297726221,1.0,1.0,True,"exploratory_repair; inherited retrospective scope, not preregistered"
shared_downstream_repair_20260908,cifar10,standard,occlusion,kaiming,random_stem,normalised_accuracy_auc,5,32.406277772453095,33.48083355360561,1.0745557811525153,0.5721841155287714,0.3640953645563766,1.785016197748654,5,0.013703389730230412,first_layer_corruption,first_layer_corruption|dataset=cifar10|metric=normalised_accuracy_auc,0.26036440487437784,1.0,1.0,True,"exploratory_repair; inherited retrospective scope, not preregistered"
shared_downstream_repair_20260908,cifar10,standard,occlusion,kaiming,random_stem,mean_retention,5,0.967279527788351,0.9657105921177257,-0.0015689356706254376,0.012652170070757527,-0.01727867974663623,0.014140808405385355,3,0.7953021366661648,first_layer_corruption,first_layer_corruption|dataset=cifar10|metric=mean_retention,1.0,1.0,1.0,True,"exploratory_repair; inherited retrospective scope, not preregistered"
shared_downstream_repair_20260908,cifar10,standard,occlusion,kaiming,gabor,normalised_accuracy_auc,5,32.406277772453095,35.420611053705215,3.01433328125212,0.5000429957758813,2.3934478958432512,3.6352186666609887,5,0.00017526942517872695,first_layer_corruption,first_layer_corruption|dataset=cifar10|metric=normalised_accuracy_auc,0.007186046432327805,0.046972205947898825,0.06064322111183952,True,"exploratory_repair; inherited retrospective scope, not preregistered"
shared_downstream_repair_20260908,cifar10,standard,occlusion,kaiming,gabor,mean_retention,5,0.967279527788351,0.9490586334871642,-0.018220894301186875,0.006112686852650651,-0.025810797498416665,-0.010630991103957085,0,0.0026323725818803876,first_layer_corruption,first_layer_corruption|dataset=cifar10|metric=mean_retention,0.07370643229265085,0.5738572228499245,0.7449614406721498,True,"exploratory_repair; inherited retrospective scope, not preregistered"
shared_downstream_repair_20260908,cifar10,standard,occlusion,kaiming,pca,normalised_accuracy_auc,5,32.406277772453095,36.88433350788223,4.4780557354291295,0.8821263923020862,3.382751152242259,5.573360318616,5,0.00034342665650850324,first_layer_corruption,first_layer_corruption|dataset=cifar10|metric=normalised_accuracy_auc,0.013050212947323123,0.08894750403570234,0.11436107661733158,True,"exploratory_repair; inherited retrospective scope, not preregistered"
shared_downstream_repair_20260908,cifar10,standard,occlusion,kaiming,pca,mean_retention,5,0.967279527788351,0.952085310983694,-0.01519421680465718,0.01040990095928162,-0.028119816050663996,-0.0022686175586503626,0,0.030971101767696067,first_layer_corruption,first_layer_corruption|dataset=cifar10|metric=mean_retention,0.6503931371216174,1.0,1.0,True,"exploratory_repair; inherited retrospective scope, not preregistered"
shared_downstream_repair_20260908,cifar10,standard,occlusion,kaiming,kmeans,normalised_accuracy_auc,5,32.406277772453095,32.51388877630234,0.1076110038492395,0.8636476931268378,-0.9647492438380874,1.1799712515365663,3,0.7943503815724199,first_layer_corruption,first_layer_corruption|dataset=cifar10|metric=normalised_accuracy_auc,1.0,1.0,1.0,True,"exploratory_repair; inherited retrospective scope, not preregistered"
shared_downstream_repair_20260908,cifar10,standard,occlusion,kaiming,kmeans,mean_retention,5,0.967279527788351,0.9376601937323821,-0.02961933405596895,0.005281228518045849,-0.0361768453731135,-0.0230618227388244,0,0.0002326275235783036,first_layer_corruption,first_layer_corruption|dataset=cifar10|metric=mean_retention,0.010933493608180269,0.06164629374825045,0.07909335801662322,True,"exploratory_repair; inherited retrospective scope, not preregistered"
shared_downstream_repair_20260908,cifar10,standard,occlusion,kaiming,di_wmf,normalised_accuracy_auc,5,32.406277772453095,32.52166681819492,0.11538904574182211,0.8189775190421941,-0.9015058549911079,1.132283946474752,3,0.7684755104740659,first_layer_corruption,first_layer_corruption|dataset=cifar10|metric=normalised_accuracy_auc,1.0,1.0,1.0,True,"exploratory_repair; inherited retrospective scope, not preregistered"
shared_downstream_repair_20260908,cifar10,standard,occlusion,kaiming,di_wmf,mean_retention,5,0.967279527788351,0.9383411154924394,-0.028938412295911632,0.005462938554899361,-0.03572154642392947,-0.022155278167893797,0,0.0002908428741892457,first_layer_corruption,first_layer_corruption|dataset=cifar10|metric=mean_retention,0.013378772212705302,0.07590999016339313,0.09772320572758655,True,"exploratory_repair; inherited retrospective scope, not preregistered"
shared_downstream_repair_20260908,cifar10,standard,occlusion,kaiming,lowrank_wmf,normalised_accuracy_auc,5,32.406277772453095,35.67733325892025,3.27105548646715,0.3358153328125699,2.8540856776689667,3.6880252952653336,5,2.628954906745986e-05,first_layer_corruption,first_layer_corruption|dataset=cifar10|metric=normalised_accuracy_auc,0.0012356088061706134,0.00741365283702368,0.009648264507757768,True,"exploratory_repair; inherited retrospective scope, not preregistered"
shared_downstream_repair_20260908,cifar10,standard,occlusion,kaiming,lowrank_wmf,mean_retention,5,0.967279527788351,0.9411540118619459,-0.026125515926405263,0.003982672705989709,-0.03107065724206145,-0.021180374610749078,0,0.00012569321280954035,first_layer_corruption,first_layer_corruption|dataset=cifar10|metric=mean_retention,0.006033274214857937,0.034062860671385434,0.04386693127052958,True,"exploratory_repair; inherited retrospective scope, not preregistered"
shared_downstream_repair_20260908,cifar10,standard,rotation,kaiming,random_stem,normalised_accuracy_auc,5,32.66577786869473,33.67044453819592,1.0046666695011965,0.45083355108958373,0.44488287993090314,1.56445045907149,5,0.007581192786162977,first_layer_corruption,first_layer_corruption|dataset=cifar10|metric=normalised_accuracy_auc,0.1667862412955855,1.0,1.0,True,"exploratory_repair; inherited retrospective scope, not preregistered"
shared_downstream_repair_20260908,cifar10,standard,rotation,kaiming,random_stem,mean_retention,5,0.975884418640347,0.9721446569699225,-0.0037397616704245794,0.005907617769617881,-0.01107503797010792,0.003595514629258762,1,0.22984387777907628,first_layer_corruption,first_layer_corruption|dataset=cifar10|metric=mean_retention,1.0,1.0,1.0,True,"exploratory_repair; inherited retrospective scope, not preregistered"
shared_downstream_repair_20260908,cifar10,standard,rotation,kaiming,gabor,normalised_accuracy_auc,5,32.66577786869473,35.78538859883945,3.119610730144713,0.7818155214782525,2.1488585438882652,4.090362916401161,5,0.0008723799819442152,first_layer_corruption,first_layer_corruption|dataset=cifar10|metric=normalised_accuracy_auc,0.02704377944027067,0.2119883356124443,0.2730549343485394,True,"exploratory_repair; inherited retrospective scope, not preregistered"
shared_downstream_repair_20260908,cifar10,standard,rotation,kaiming,gabor,mean_retention,5,0.975884418640347,0.9615084866924418,-0.014375931947905185,0.007473681685597371,-0.023655733430946263,-0.005096130464864106,0,0.012633938306397457,first_layer_corruption,first_layer_corruption|dataset=cifar10|metric=mean_retention,0.3158484576599364,1.0,1.0,True,"exploratory_repair; inherited retrospective scope, not preregistered"
shared_downstream_repair_20260908,cifar10,standard,rotation,kaiming,pca,normalised_accuracy_auc,5,32.66577786869473,36.86727782090505,4.201499952210318,0.893140975642042,3.092518957435009,5.310480946985626,5,0.0004619018048030208,first_layer_corruption,first_layer_corruption|dataset=cifar10|metric=normalised_accuracy_auc,0.01662846497290875,0.11732305841996728,0.1505799883657848,True,"exploratory_repair; inherited retrospective scope, not preregistered"
shared_downstream_repair_20260908,cifar10,standard,rotation,kaiming,pca,mean_retention,5,0.975884418640347,0.9525190458939411,-0.023365372746405978,0.010071437944125397,-0.03587071465176982,-0.010860030841042138,0,0.006571889079614713,first_layer_corruption,first_layer_corruption|dataset=cifar10|metric=mean_retention,0.17744100514959726,1.0,1.0,True,"exploratory_repair; inherited retrospective scope, not preregistered"
shared_downstream_repair_20260908,cifar10,standard,rotation,kaiming,kmeans,normalised_accuracy_auc,5,32.66577786869473,33.23477789759635,0.5690000289016275,1.05360117407628,-0.7392186174141064,1.8772186752173614,3,0.2937218469192842,first_layer_corruption,first_layer_corruption|dataset=cifar10|metric=normalised_accuracy_auc,1.0,1.0,1.0,True,"exploratory_repair; inherited retrospective scope, not preregistered"
shared_downstream_repair_20260908,cifar10,standard,rotation,kaiming,kmeans,mean_retention,5,0.975884418640347,0.9607118842817938,-0.015172534358553147,0.0035458462894671678,-0.019575284039348932,-0.010769784677757362,0,0.0006666163767113773,first_layer_corruption,first_layer_corruption|dataset=cifar10|metric=mean_retention,0.02733127144516647,0.16665409417784433,0.21398385692435212,True,"exploratory_repair; inherited retrospective scope, not preregistered"
shared_downstream_repair_20260908,cifar10,standard,rotation,kaiming,di_wmf,normalised_accuracy_auc,5,32.66577786869473,33.249222271972236,0.5834444032775046,1.0217559087660604,-0.6852331235892823,1.8521219301442915,3,0.2707439153402338,first_layer_corruption,first_layer_corruption|dataset=cifar10|metric=normalised_accuracy_auc,1.0,1.0,1.0,True,"exploratory_repair; inherited retrospective scope, not preregistered"
shared_downstream_repair_20260908,cifar10,standard,rotation,kaiming,di_wmf,mean_retention,5,0.975884418640347,0.9615758825917124,-0.014308536048634645,0.003595077254511587,-0.018772414046322912,-0.009844658050946377,0,0.0008809770379101863,first_layer_corruption,first_layer_corruption|dataset=cifar10|metric=mean_retention,0.033477127440587076,0.2131964431742651,0.2748648358279781,True,"exploratory_repair; inherited retrospective scope, not preregistered"
shared_downstream_repair_20260908,cifar10,standard,rotation,kaiming,lowrank_wmf,normalised_accuracy_auc,5,32.66577786869473,35.76905558506648,3.1032777163717498,0.5178073222234195,2.460335006360634,3.7462204263828656,5,0.00017932838881470166,first_layer_corruption,first_layer_corruption|dataset=cifar10|metric=normalised_accuracy_auc,0.007186046432327805,0.04788067981352534,0.06186829414107207,True,"exploratory_repair; inherited retrospective scope, not preregistered"
shared_downstream_repair_20260908,cifar10,standard,rotation,kaiming,lowrank_wmf,mean_retention,5,0.975884418640347,0.9450555670408323,-0.030828851599514852,0.008755435015755996,-0.04170016004719168,-0.019957543151838026,0,0.0014066096627050413,first_layer_corruption,first_layer_corruption|dataset=cifar10|metric=mean_retention,0.04360489954385628,0.32070700309674943,0.4163564601606922,True,"exploratory_repair; inherited retrospective scope, not preregistered"
shared_downstream_repair_20260908,cifar10,standard,salt_pepper,kaiming,random_stem,normalised_accuracy_auc,5,21.26211111744245,22.92133333782355,1.659222220381102,2.089953440163801,-0.935797724192394,4.254242164954598,4,0.15052005238403585,first_layer_corruption,first_layer_corruption|dataset=cifar10|metric=normalised_accuracy_auc,1.0,1.0,1.0,True,"exploratory_repair; inherited retrospective scope, not preregistered"
shared_downstream_repair_20260908,cifar10,standard,salt_pepper,kaiming,random_stem,mean_retention,5,0.6108635208854822,0.6420522832718003,0.03118876238631796,0.06737276050472571,-0.05246556879200441,0.11484309356464033,3,0.35907855259298693,first_layer_corruption,first_layer_corruption|dataset=cifar10|metric=mean_retention,1.0,1.0,1.0,True,"exploratory_repair; inherited retrospective scope, not preregistered"
shared_downstream_repair_20260908,cifar10,standard,salt_pepper,kaiming,gabor,normalised_accuracy_auc,5,21.26211111744245,17.410666570067406,-3.851444547375042,3.37231877872175,-8.038731365380325,0.3358422706302413,0,0.06305356710377177,first_layer_corruption,first_layer_corruption|dataset=cifar10|metric=normalised_accuracy_auc,0.9458035065565766,1.0,1.0,True,"exploratory_repair; inherited retrospective scope, not preregistered"
shared_downstream_repair_20260908,cifar10,standard,salt_pepper,kaiming,gabor,mean_retention,5,0.6108635208854822,0.43130847030106356,-0.1795550505844187,0.10435413245073355,-0.30912781991228167,-0.04998228125655571,0,0.01834246749645499,first_layer_corruption,first_layer_corruption|dataset=cifar10|metric=mean_retention,0.4218767524184648,1.0,1.0,True,"exploratory_repair; inherited retrospective scope, not preregistered"
shared_downstream_repair_20260908,cifar10,standard,salt_pepper,kaiming,pca,normalised_accuracy_auc,5,21.26211111744245,22.52616670396593,1.2640555865234824,2.942790755227512,-2.3899017484893843,4.9180129215363495,4,0.39120142882214226,first_layer_corruption,first_layer_corruption|dataset=cifar10|metric=normalised_accuracy_auc,1.0,1.0,1.0,True,"exploratory_repair; inherited retrospective scope, not preregistered"
shared_downstream_repair_20260908,cifar10,standard,salt_pepper,kaiming,pca,mean_retention,5,0.6108635208854822,0.5568947884638764,-0.053968732421605735,0.09250234678953174,-0.16882556617952685,0.06088810133631537,1,0.26202853145934896,first_layer_corruption,first_layer_corruption|dataset=cifar10|metric=mean_retention,1.0,1.0,1.0,True,"exploratory_repair; inherited retrospective scope, not preregistered"
shared_downstream_repair_20260908,cifar10,standard,salt_pepper,kaiming,kmeans,normalised_accuracy_auc,5,21.26211111744245,32.81800011793773,11.555889000495277,2.747681581683864,8.144191701990849,14.967586298999706,5,0.0007125491424307182,first_layer_corruption,first_layer_corruption|dataset=cifar10|metric=normalised_accuracy_auc,0.023514121700213702,0.17599963818038739,0.2265906272929684,True,"exploratory_repair; inherited retrospective scope, not preregistered"
shared_downstream_repair_20260908,cifar10,standard,salt_pepper,kaiming,kmeans,mean_retention,5,0.6108635208854822,0.947410935006306,0.3365474141208239,0.08890332708249808,0.22615935356195235,0.4469354746796954,5,0.0010674150914795847,first_layer_corruption,first_layer_corruption|dataset=cifar10|metric=mean_retention,0.037359528201785466,0.2540447917721412,0.3287638481757121,True,"exploratory_repair; inherited retrospective scope, not preregistered"
shared_downstream_repair_20260908,cifar10,standard,salt_pepper,kaiming,di_wmf,normalised_accuracy_auc,5,21.26211111744245,32.82816661728753,11.56605549984508,2.7561678127915474,8.143821153693803,14.988289845996356,5,0.000718630361875428,first_layer_corruption,first_layer_corruption|dataset=cifar10|metric=normalised_accuracy_auc,0.023514121700213702,0.1767830690213553,0.22780582471451066,True,"exploratory_repair; inherited retrospective scope, not preregistered"
shared_downstream_repair_20260908,cifar10,standard,salt_pepper,kaiming,di_wmf,mean_retention,5,0.6108635208854822,0.9483477425998312,0.3374842217143491,0.09000690944415796,0.2257258826679518,0.4492425607607464,5,0.001107123160501122,first_layer_corruption,first_layer_corruption|dataset=cifar10|metric=mean_retention,0.037642187457038144,0.2601739427177637,0.3376725639528422,True,"exploratory_repair; inherited retrospective scope, not preregistered"
shared_downstream_repair_20260908,cifar10,standard,salt_pepper,kaiming,lowrank_wmf,normalised_accuracy_auc,5,21.26211111744245,26.7807777888245,5.518666671382056,2.7342436850588787,2.1236547253284552,8.913678617435657,5,0.010714044016406105,first_layer_corruption,first_layer_corruption|dataset=cifar10|metric=normalised_accuracy_auc,0.2142808803281221,1.0,1.0,True,"exploratory_repair; inherited retrospective scope, not preregistered"
shared_downstream_repair_20260908,cifar10,standard,salt_pepper,kaiming,lowrank_wmf,mean_retention,5,0.6108635208854822,0.6922469255689124,0.0813834046834303,0.08131897260903725,-0.01958743597612926,0.18235424534298988,4,0.08883455016869005,first_layer_corruption,first_layer_corruption|dataset=cifar10|metric=mean_retention,1.0,1.0,1.0,True,"exploratory_repair; inherited retrospective scope, not preregistered"
shared_downstream_repair_20260908,cifar10,standard,translation,kaiming,random_stem,normalised_accuracy_auc,5,30.20955579148399,30.96533328294754,0.7557774914635544,0.5099965589599437,0.12253312499518909,1.3890218579319198,5,0.0295523105075086,first_layer_corruption,first_layer_corruption|dataset=cifar10|metric=normalised_accuracy_auc,0.5023892786276462,1.0,1.0,True,"exploratory_repair; inherited retrospective scope, not preregistered"
shared_downstream_repair_20260908,cifar10,standard,translation,kaiming,random_stem,mean_retention,5,0.8985103136069196,0.890104124448363,-0.008406189158556666,0.008738768474269848,-0.019256803361695572,0.0024444250445822425,1,0.09787526426457599,first_layer_corruption,first_layer_corruption|dataset=cifar10|metric=mean_retention,1.0,1.0,1.0,True,"exploratory_repair; inherited retrospective scope, not preregistered"
shared_downstream_repair_20260908,cifar10,standard,translation,kaiming,gabor,normalised_accuracy_auc,5,30.20955579148399,32.51250010397699,2.302944312493003,0.512937391207765,1.6660484204977613,2.9398402044882452,5,0.0005535295367297147,first_layer_corruption,first_layer_corruption|dataset=cifar10|metric=normalised_accuracy_auc,0.0188200042488103,0.1394894432558881,0.17879004036369783,True,"exploratory_repair; inherited retrospective scope, not preregistered"
shared_downstream_repair_20260908,cifar10,standard,translation,kaiming,gabor,mean_retention,5,0.8985103136069196,0.8691535371531944,-0.02935677645372512,0.018322040982140693,-0.05210659511486315,-0.006606957792587086,0,0.023110338848909028,first_layer_corruption,first_layer_corruption|dataset=cifar10|metric=mean_retention,0.5084274546759986,1.0,1.0,True,"exploratory_repair; inherited retrospective scope, not preregistered"
shared_downstream_repair_20260908,cifar10,standard,translation,kaiming,pca,normalised_accuracy_auc,5,30.20955579148399,33.46877800093757,3.259222209453579,0.5092465829201458,2.6269090612333463,3.891535357673812,5,0.0001385037960689921,first_layer_corruption,first_layer_corruption|dataset=cifar10|metric=normalised_accuracy_auc,0.005817159434897669,0.037257521142558876,0.04806081723594026,True,"exploratory_repair; inherited retrospective scope, not preregistered"
shared_downstream_repair_20260908,cifar10,standard,translation,kaiming,pca,mean_retention,5,0.8985103136069196,0.856495079184584,-0.04201523442233546,0.033028302030460706,-0.0830252879753588,-0.0010051808693121167,1,0.04665474373977198,first_layer_corruption,first_layer_corruption|dataset=cifar10|metric=mean_retention,0.8864401310556675,1.0,1.0,True,"exploratory_repair; inherited retrospective scope, not preregistered"
shared_downstream_repair_20260908,cifar10,standard,translation,kaiming,kmeans,normalised_accuracy_auc,5,30.20955579148399,27.868833359744816,-2.340722431739173,0.6425015382801965,-3.1384934606122306,-1.542951402866115,0,0.0012356405395687288,first_layer_corruption,first_layer_corruption|dataset=cifar10|metric=normalised_accuracy_auc,0.03212665402878695,0.2854329646403763,0.3694565213310499,True,"exploratory_repair; inherited retrospective scope, not preregistered"
shared_downstream_repair_20260908,cifar10,standard,translation,kaiming,kmeans,mean_retention,5,0.8985103136069196,0.8005972284044864,-0.09791308520243311,0.024701817215934202,-0.12858444232966854,-0.06724172807519768,0,0.0008949092462597405,first_layer_corruption,first_layer_corruption|dataset=cifar10|metric=mean_retention,0.033477127440587076,0.21567312834859748,0.2783167755867793,True,"exploratory_repair; inherited retrospective scope, not preregistered"
shared_downstream_repair_20260908,cifar10,standard,translation,kaiming,di_wmf,normalised_accuracy_auc,5,30.20955579148399,27.857000148958626,-2.3525556425253584,0.6321837493543101,-3.1375154443480775,-1.5675958407026394,0,0.0011395297904483676,first_layer_corruption,first_layer_corruption|dataset=cifar10|metric=normalised_accuracy_auc,0.031513179663523,0.2643709113840213,0.344137996715407,True,"exploratory_repair; inherited retrospective scope, not preregistered"
shared_downstream_repair_20260908,cifar10,standard,translation,kaiming,di_wmf,mean_retention,5,0.8985103136069196,0.8007324402660319,-0.09777787334088761,0.023045707187150558,-0.1263928982683182,-0.06916284841345703,0,0.0006888218891878749,first_layer_corruption,first_layer_corruption|dataset=cifar10|metric=mean_retention,0.027552875567514994,0.17151665040778083,0.22042300454011995,True,"exploratory_repair; inherited retrospective scope, not preregistered"
shared_downstream_repair_20260908,cifar10,standard,translation,kaiming,lowrank_wmf,normalised_accuracy_auc,5,30.20955579148399,29.892277667919796,-0.3172781235641914,0.8967494641031749,-1.4307396485496224,0.7961834014212396,1,0.4731291274681581,first_layer_corruption,first_layer_corruption|dataset=cifar10|metric=normalised_accuracy_auc,1.0,1.0,1.0,True,"exploratory_repair; inherited retrospective scope, not preregistered"
shared_downstream_repair_20260908,cifar10,standard,translation,kaiming,lowrank_wmf,mean_retention,5,0.8985103136069196,0.7834616768860311,-0.11504863672088847,0.02386906866520516,-0.14468599995312728,-0.08541127348864964,0,0.0004202470686943898,first_layer_corruption,first_layer_corruption|dataset=cifar10|metric=mean_retention,0.01807062395385876,0.1071630025170694,0.13769106614172827,True,"exploratory_repair; inherited retrospective scope, not preregistered"
shared_downstream_repair_20260908,sign,standard,brightness,kaiming,random_stem,normalised_accuracy_auc,10,14.259921047422623,13.422619280301864,-0.837301767120759,3.862862074261125,-3.600626828755621,1.9260232945141031,5,0.5103307644840457,first_layer_corruption,first_layer_corruption|dataset=sign|metric=normalised_accuracy_auc,1.0,1.0,1.0,True,"exploratory_repair; inherited retrospective scope, not preregistered"
shared_downstream_repair_20260908,sign,standard,brightness,kaiming,random_stem,mean_retention,10,0.89810195262832,0.9338996125439156,0.035797659915595616,0.19286830167245175,-0.10217201162862624,0.17376733145981746,5,0.5716713600407167,first_layer_corruption,first_layer_corruption|dataset=sign|metric=mean_retention,1.0,1.0,1.0,True,"exploratory_repair; inherited retrospective scope, not preregistered"
shared_downstream_repair_20260908,sign,standard,brightness,kaiming,gabor,normalised_accuracy_auc,10,14.259921047422623,18.28769880450434,4.02777775708172,4.318534837630818,0.938484037307612,7.117071476855829,8,0.016237579098417148,first_layer_corruption,first_layer_corruption|dataset=sign|metric=normalised_accuracy_auc,0.7144534803303545,1.0,1.0,True,"exploratory_repair; inherited retrospective scope, not preregistered"
shared_downstream_repair_20260908,sign,standard,brightness,kaiming,gabor,mean_retention,10,0.89810195262832,0.9595443802398116,0.06144242761149157,0.1785630013170232,-0.06629384853148987,0.18917870375447302,7,0.3048209401777577,first_layer_corruption,first_layer_corruption|dataset=sign|metric=mean_retention,1.0,1.0,1.0,True,"exploratory_repair; inherited retrospective scope, not preregistered"
shared_downstream_repair_20260908,sign,standard,brightness,kaiming,pca,normalised_accuracy_auc,10,14.259921047422623,14.50992105321752,0.25000000579489556,4.995827196677244,-3.3237994803842366,3.823799491974028,6,0.877756767912239,first_layer_corruption,first_layer_corruption|dataset=sign|metric=normalised_accuracy_auc,1.0,1.0,1.0,True,"exploratory_repair; inherited retrospective scope, not preregistered"
shared_downstream_repair_20260908,sign,standard,brightness,kaiming,pca,mean_retention,10,0.89810195262832,0.7776310893664595,-0.12047086326186038,0.13573469826041068,-0.21756961704228953,-0.02337210948143123,1,0.020488229251516554,first_layer_corruption,first_layer_corruption|dataset=sign|metric=mean_retention,0.9629467748212781,1.0,1.0,True,"exploratory_repair; inherited retrospective scope, not preregistered"
shared_downstream_repair_20260908,sign,standard,brightness,kaiming,kmeans,normalised_accuracy_auc,10,14.259921047422623,16.72420673072338,2.46428568330076,4.394917725856786,-0.6796490630637799,5.6082204296653,7,0.10996240198717827,first_layer_corruption,first_layer_corruption|dataset=sign|metric=normalised_accuracy_auc,1.0,1.0,1.0,True,"exploratory_repair; inherited retrospective scope, not preregistered"
shared_downstream_repair_20260908,sign,standard,brightness,kaiming,kmeans,mean_retention,10,0.89810195262832,0.898691052899823,0.000589100271503018,0.24538913260053674,-0.17495171038444207,0.17612991092744812,4,0.9941084433782219,first_layer_corruption,first_layer_corruption|dataset=sign|metric=mean_retention,1.0,1.0,1.0,True,"exploratory_repair; inherited retrospective scope, not preregistered"
shared_downstream_repair_20260908,sign,standard,brightness,kaiming,di_wmf,normalised_accuracy_auc,10,14.259921047422623,15.269841607660055,1.009920560237434,4.683506105381647,-2.3404578764030983,4.360298996877966,5,0.5124711403102712,first_layer_corruption,first_layer_corruption|dataset=sign|metric=normalised_accuracy_auc,1.0,1.0,1.0,True,"exploratory_repair; inherited retrospective scope, not preregistered"
shared_downstream_repair_20260908,sign,standard,brightness,kaiming,di_wmf,mean_retention,10,0.89810195262832,0.8552808714077595,-0.042821081220560456,0.17545959347418172,-0.1683373131311217,0.08269515069000082,3,0.4600415197590853,first_layer_corruption,first_layer_corruption|dataset=sign|metric=mean_retention,1.0,1.0,1.0,True,"exploratory_repair; inherited retrospective scope, not preregistered"
shared_downstream_repair_20260908,sign,standard,brightness,kaiming,lowrank_wmf,normalised_accuracy_auc,10,14.259921047422623,16.23809554303686,1.9781744956142373,6.060720765796398,-2.3574039593580305,6.313752950586505,6,0.3289422075741995,first_layer_corruption,first_layer_corruption|dataset=sign|metric=normalised_accuracy_auc,1.0,1.0,1.0,True,"exploratory_repair; inherited retrospective scope, not preregistered"
shared_downstream_repair_20260908,sign,standard,brightness,kaiming,lowrank_wmf,mean_retention,10,0.89810195262832,0.893424767982893,-0.004677184645426979,0.21024341132037822,-0.15507626086829057,0.1457218915774366,5,0.9454537251354046,first_layer_corruption,first_layer_corruption|dataset=sign|metric=mean_retention,1.0,1.0,1.0,True,"exploratory_repair; inherited retrospective scope, not preregistered"
shared_downstream_repair_20260908,sign,standard,colored_gaussian,kaiming,random_stem,normalised_accuracy_auc,10,12.90873043032156,12.740079655001562,-0.16865077532000025,3.325545994420177,-2.547603068551555,2.210301517911555,4,0.8761307686347225,first_layer_corruption,first_layer_corruption|dataset=sign|metric=normalised_accuracy_auc,1.0,1.0,1.0,True,"exploratory_repair; inherited retrospective scope, not preregistered"
shared_downstream_repair_20260908,sign,standard,colored_gaussian,kaiming,random_stem,mean_retention,10,0.8187320189047483,0.9046341428867819,0.08590212398203367,0.23264310835136293,-0.0805207302035954,0.25232497816766275,6,0.27294888315159926,first_layer_corruption,first_layer_corruption|dataset=sign|metric=mean_retention,1.0,1.0,1.0,True,"exploratory_repair; inherited retrospective scope, not preregistered"
shared_downstream_repair_20260908,sign,standard,colored_gaussian,kaiming,gabor,normalised_accuracy_auc,10,12.90873043032156,12.704365336232716,-0.20436509408884582,3.4993342518569506,-2.7076380174544044,2.298907829276713,5,0.8575740740999277,first_layer_corruption,first_layer_corruption|dataset=sign|metric=normalised_accuracy_auc,1.0,1.0,1.0,True,"exploratory_repair; inherited retrospective scope, not preregistered"
shared_downstream_repair_20260908,sign,standard,colored_gaussian,kaiming,gabor,mean_retention,10,0.8187320189047483,0.6636255948958796,-0.15510642400886873,0.2664692008987942,-0.3457270071003056,0.035514159082568136,4,0.0988017716480366,first_layer_corruption,first_layer_corruption|dataset=sign|metric=mean_retention,1.0,1.0,1.0,True,"exploratory_repair; inherited retrospective scope, not preregistered"
shared_downstream_repair_20260908,sign,standard,colored_gaussian,kaiming,pca,normalised_accuracy_auc,10,12.90873043032156,14.730159108423525,1.8214286781019637,4.25025144309004,-1.2190180438242797,4.861875400028207,6,0.2083920664105886,first_layer_corruption,first_layer_corruption|dataset=sign|metric=normalised_accuracy_auc,1.0,1.0,1.0,True,"exploratory_repair; inherited retrospective scope, not preregistered"
shared_downstream_repair_20260908,sign,standard,colored_gaussian,kaiming,pca,mean_retention,10,0.8187320189047483,0.8021240956163698,-0.016607923288378457,0.14899941018414078,-0.12319568034915934,0.08997983377240243,5,0.7325939826749506,first_layer_corruption,first_layer_corruption|dataset=sign|metric=mean_retention,1.0,1.0,1.0,True,"exploratory_repair; inherited retrospective scope, not preregistered"
shared_downstream_repair_20260908,sign,standard,colored_gaussian,kaiming,kmeans,normalised_accuracy_auc,10,12.90873043032156,18.12500035804179,5.216269927720229,6.89203869818039,0.2860024487598176,10.14653740668064,7,0.040333024649979725,first_layer_corruption,first_layer_corruption|dataset=sign|metric=normalised_accuracy_auc,1.0,1.0,1.0,True,"exploratory_repair; inherited retrospective scope, not preregistered"
shared_downstream_repair_20260908,sign,standard,colored_gaussian,kaiming,kmeans,mean_retention,10,0.8187320189047483,0.9408952883769842,0.12216326947223602,0.26756256626900415,-0.06923946008752974,0.3135659990320018,6,0.182679735385904,first_layer_corruption,first_layer_corruption|dataset=sign|metric=mean_retention,1.0,1.0,1.0,True,"exploratory_repair; inherited retrospective scope, not preregistered"
shared_downstream_repair_20260908,sign,standard,colored_gaussian,kaiming,di_wmf,normalised_accuracy_auc,10,12.90873043032156,15.162698777599468,2.253968347277906,5.764838108867532,-1.8699484057033495,6.377885100259162,6,0.2476012538971342,first_layer_corruption,first_layer_corruption|dataset=sign|metric=normalised_accuracy_auc,1.0,1.0,1.0,True,"exploratory_repair; inherited retrospective scope, not preregistered"
shared_downstream_repair_20260908,sign,standard,colored_gaussian,kaiming,di_wmf,mean_retention,10,0.8187320189047483,0.8437944433195639,0.02506242441481569,0.2325324668423681,-0.14128128160326692,0.19140613043289828,6,0.7410518689700323,first_layer_corruption,first_layer_corruption|dataset=sign|metric=mean_retention,1.0,1.0,1.0,True,"exploratory_repair; inherited retrospective scope, not preregistered"
shared_downstream_repair_20260908,sign,standard,colored_gaussian,kaiming,lowrank_wmf,normalised_accuracy_auc,10,12.90873043032156,15.593254295074278,2.684523864752717,4.501583853400115,-0.5357152325830912,5.904762962088525,8,0.09194696424285687,first_layer_corruption,first_layer_corruption|dataset=sign|metric=normalised_accuracy_auc,1.0,1.0,1.0,True,"exploratory_repair; inherited retrospective scope, not preregistered"
shared_downstream_repair_20260908,sign,standard,colored_gaussian,kaiming,lowrank_wmf,mean_retention,10,0.8187320189047483,0.8909994734568578,0.07226745455210946,0.3090749935253876,-0.148831476529115,0.29336638563333395,6,0.4785054281165164,first_layer_corruption,first_layer_corruption|dataset=sign|metric=mean_retention,1.0,1.0,1.0,True,"exploratory_repair; inherited retrospective scope, not preregistered"
shared_downstream_repair_20260908,sign,standard,contrast,kaiming,random_stem,normalised_accuracy_auc,10,15.357143282890316,14.611111314346392,-0.7460319685439266,5.653057656778256,-4.789985803170595,3.2979218660827416,4,0.6862199965501834,first_layer_corruption,first_layer_corruption|dataset=sign|metric=normalised_accuracy_auc,1.0,1.0,1.0,True,"exploratory_repair; inherited retrospective scope, not preregistered"
shared_downstream_repair_20260908,sign,standard,contrast,kaiming,random_stem,mean_retention,10,0.9591886677054123,1.0051142039936873,0.04592553628827486,0.13739360683779336,-0.052359929199358966,0.14421100177590868,5,0.3180433428008444,first_layer_corruption,first_layer_corruption|dataset=sign|metric=mean_retention,1.0,1.0,1.0,True,"exploratory_repair; inherited retrospective scope, not preregistered"
shared_downstream_repair_20260908,sign,standard,contrast,kaiming,gabor,normalised_accuracy_auc,10,15.357143282890316,19.190476594699753,3.8333333118094344,5.563681299942678,-0.14668452872440474,7.813351152343273,8,0.057287798108505275,first_layer_corruption,first_layer_corruption|dataset=sign|metric=normalised_accuracy_auc,1.0,1.0,1.0,True,"exploratory_repair; inherited retrospective scope, not preregistered"
shared_downstream_repair_20260908,sign,standard,contrast,kaiming,gabor,mean_retention,10,0.9591886677054123,1.0094769102166066,0.05028824251119396,0.14294451456537569,-0.0519681031537718,0.15254458817615973,6,0.2947556614897558,first_layer_corruption,first_layer_corruption|dataset=sign|metric=mean_retention,1.0,1.0,1.0,True,"exploratory_repair; inherited retrospective scope, not preregistered"
shared_downstream_repair_20260908,sign,standard,contrast,kaiming,pca,normalised_accuracy_auc,10,15.357143282890316,18.517857578893505,3.1607142960031824,6.784444617585384,-1.6925850143620274,8.014013606368392,7,0.17478049581880847,first_layer_corruption,first_layer_corruption|dataset=sign|metric=normalised_accuracy_auc,1.0,1.0,1.0,True,"exploratory_repair; inherited retrospective scope, not preregistered"
shared_downstream_repair_20260908,sign,standard,contrast,kaiming,pca,mean_retention,10,0.9591886677054123,0.9823672033690188,0.023178535663606503,0.06956572417896263,-0.02658578554666486,0.07294285687387786,7,0.3195135098270304,first_layer_corruption,first_layer_corruption|dataset=sign|metric=mean_retention,1.0,1.0,1.0,True,"exploratory_repair; inherited retrospective scope, not preregistered"
shared_downstream_repair_20260908,sign,standard,contrast,kaiming,kmeans,normalised_accuracy_auc,10,15.357143282890316,18.85119085717532,3.494047574285004,6.679255509133326,-1.2840039809161286,8.272099129486136,7,0.13246406855567577,first_layer_corruption,first_layer_corruption|dataset=sign|metric=normalised_accuracy_auc,1.0,1.0,1.0,True,"exploratory_repair; inherited retrospective scope, not preregistered"
shared_downstream_repair_20260908,sign,standard,contrast,kaiming,kmeans,mean_retention,10,0.9591886677054123,0.9835447058886324,0.024356038183219984,0.16546326381069504,-0.09400925026820667,0.14272132663464662,6,0.6526429435660936,first_layer_corruption,first_layer_corruption|dataset=sign|metric=mean_retention,1.0,1.0,1.0,True,"exploratory_repair; inherited retrospective scope, not preregistered"
shared_downstream_repair_20260908,sign,standard,contrast,kaiming,di_wmf,normalised_accuracy_auc,10,15.357143282890316,17.720238467057545,2.3630951841672263,6.860404048073847,-2.5445422293715034,7.2707325977059565,7,0.30434447101186846,first_layer_corruption,first_layer_corruption|dataset=sign|metric=normalised_accuracy_auc,1.0,1.0,1.0,True,"exploratory_repair; inherited retrospective scope, not preregistered"
shared_downstream_repair_20260908,sign,standard,contrast,kaiming,di_wmf,mean_retention,10,0.9591886677054123,0.9850088409332167,0.025820173227804288,0.12989300518227584,-0.06709968506662006,0.11874003152222865,7,0.5452324298208713,first_layer_corruption,first_layer_corruption|dataset=sign|metric=mean_retention,1.0,1.0,1.0,True,"exploratory_repair; inherited retrospective scope, not preregistered"
shared_downstream_repair_20260908,sign,standard,contrast,kaiming,lowrank_wmf,normalised_accuracy_auc,10,15.357143282890316,17.926587723195553,2.569444440305234,5.214612618704996,-1.1608647084471575,6.299753589057625,5,0.1536191550872728,first_layer_corruption,first_layer_corruption|dataset=sign|metric=normalised_accuracy_auc,1.0,1.0,1.0,True,"exploratory_repair; inherited retrospective scope, not preregistered"
shared_downstream_repair_20260908,sign,standard,contrast,kaiming,lowrank_wmf,mean_retention,10,0.9591886677054123,0.999557270265241,0.04036860255982851,0.14783854129397062,-0.06538871892344267,0.14612592404309968,5,0.41029028390669237,first_layer_corruption,first_layer_corruption|dataset=sign|metric=mean_retention,1.0,1.0,1.0,True,"exploratory_repair; inherited retrospective scope, not preregistered"
shared_downstream_repair_20260908,sign,standard,gaussian,kaiming,random_stem,normalised_accuracy_auc,10,12.101190713130766,12.029762181142967,-0.07142853198780034,2.79359330853948,-2.069844797724955,1.9269877337493546,5,0.9373265039873225,first_layer_corruption,first_layer_corruption|dataset=sign|metric=normalised_accuracy_auc,1.0,1.0,1.0,True,"exploratory_repair; inherited retrospective scope, not preregistered"
shared_downstream_repair_20260908,sign,standard,gaussian,kaiming,random_stem,mean_retention,10,0.7742043820428642,0.8817569701735039,0.10755258813063961,0.33366560031095077,-0.13113740333664656,0.3462425795979258,5,0.3346693710990242,first_layer_corruption,first_layer_corruption|dataset=sign|metric=mean_retention,1.0,1.0,1.0,True,"exploratory_repair; inherited retrospective scope, not preregistered"
shared_downstream_repair_20260908,sign,standard,gaussian,kaiming,gabor,normalised_accuracy_auc,10,12.101190713130766,13.251984396742449,1.1507936836116839,3.827028500694653,-1.5868975837067945,3.888484950930162,6,0.3664900413011423,first_layer_corruption,first_layer_corruption|dataset=sign|metric=normalised_accuracy_auc,1.0,1.0,1.0,True,"exploratory_repair; inherited retrospective scope, not preregistered"
shared_downstream_repair_20260908,sign,standard,gaussian,kaiming,gabor,mean_retention,10,0.7742043820428642,0.6885356939285843,-0.08566868811428,0.2982895507460045,-0.29905217821932134,0.12771480199076135,5,0.3874421595633341,first_layer_corruption,first_layer_corruption|dataset=sign|metric=mean_retention,1.0,1.0,1.0,True,"exploratory_repair; inherited retrospective scope, not preregistered"
shared_downstream_repair_20260908,sign,standard,gaussian,kaiming,pca,normalised_accuracy_auc,10,12.101190713130766,14.51785750273201,2.4166667896012464,3.7788554317754404,-0.2865635401840727,5.119897119386565,7,0.0738411701393288,first_layer_corruption,first_layer_corruption|dataset=sign|metric=normalised_accuracy_auc,1.0,1.0,1.0,True,"exploratory_repair; inherited retrospective scope, not preregistered"
shared_downstream_repair_20260908,sign,standard,gaussian,kaiming,pca,mean_retention,10,0.7742043820428642,0.7712149375449976,-0.002989444497866689,0.1782677884389773,-0.13051453806980653,0.12453564907407315,5,0.958866817294996,first_layer_corruption,first_layer_corruption|dataset=sign|metric=mean_retention,1.0,1.0,1.0,True,"exploratory_repair; inherited retrospective scope, not preregistered"
shared_downstream_repair_20260908,sign,standard,gaussian,kaiming,kmeans,normalised_accuracy_auc,10,12.101190713130766,18.736111438936657,6.634920725805891,6.420368458890888,2.042065809862061,11.227775641749721,9,0.00971444747601921,first_layer_corruption,first_layer_corruption|dataset=sign|metric=normalised_accuracy_auc,0.44686458389688366,1.0,1.0,True,"exploratory_repair; inherited retrospective scope, not preregistered"
shared_downstream_repair_20260908,sign,standard,gaussian,kaiming,kmeans,mean_retention,10,0.7742043820428642,0.9811294910878908,0.20692510904502653,0.3072614994827884,-0.012876526548887962,0.426726744638941,6,0.06205835558444149,first_layer_corruption,first_layer_corruption|dataset=sign|metric=mean_retention,1.0,1.0,1.0,True,"exploratory_repair; inherited retrospective scope, not preregistered"
shared_downstream_repair_20260908,sign,standard,gaussian,kaiming,di_wmf,normalised_accuracy_auc,10,12.101190713130766,15.904762231641346,3.8035715185105787,6.0072722902092135,-0.4937722003367928,8.10091523735795,6,0.07627788893820289,first_layer_corruption,first_layer_corruption|dataset=sign|metric=normalised_accuracy_auc,1.0,1.0,1.0,True,"exploratory_repair; inherited retrospective scope, not preregistered"
shared_downstream_repair_20260908,sign,standard,gaussian,kaiming,di_wmf,mean_retention,10,0.7742043820428642,0.8792413922644231,0.1050370102215589,0.31575649661401795,-0.12084158023638161,0.33091560067949943,7,0.3202509952938256,first_layer_corruption,first_layer_corruption|dataset=sign|metric=mean_retention,1.0,1.0,1.0,True,"exploratory_repair; inherited retrospective scope, not preregistered"
shared_downstream_repair_20260908,sign,standard,gaussian,kaiming,lowrank_wmf,normalised_accuracy_auc,10,12.101190713130766,16.07341304421425,3.9722223310834828,4.75025034692682,0.5740979403198363,7.370346721847129,9,0.026723044950026392,first_layer_corruption,first_layer_corruption|dataset=sign|metric=normalised_accuracy_auc,1.0,1.0,1.0,True,"exploratory_repair; inherited retrospective scope, not preregistered"
shared_downstream_repair_20260908,sign,standard,gaussian,kaiming,lowrank_wmf,mean_retention,10,0.7742043820428642,0.9117652377477382,0.13756085570487392,0.3246473377876002,-0.09467785938647702,0.36979957079622483,6,0.21311314874677767,first_layer_corruption,first_layer_corruption|dataset=sign|metric=mean_retention,1.0,1.0,1.0,True,"exploratory_repair; inherited retrospective scope, not preregistered"
shared_downstream_repair_20260908,sign,standard,occlusion,kaiming,random_stem,normalised_accuracy_auc,10,13.803571837229862,13.623016104102135,-0.1805557331277269,4.368179390246388,-3.3053630264592075,2.9442515602037536,4,0.8988793046074809,first_layer_corruption,first_layer_corruption|dataset=sign|metric=normalised_accuracy_auc,1.0,1.0,1.0,True,"exploratory_repair; inherited retrospective scope, not preregistered"
shared_downstream_repair_20260908,sign,standard,occlusion,kaiming,random_stem,mean_retention,10,0.8636864226458154,0.9454630051217008,0.08177658247588526,0.17445817272529127,-0.043023276186174894,0.20657644113794543,7,0.1724038584082,first_layer_corruption,first_layer_corruption|dataset=sign|metric=mean_retention,1.0,1.0,1.0,True,"exploratory_repair; inherited retrospective scope, not preregistered"
shared_downstream_repair_20260908,sign,standard,occlusion,kaiming,gabor,normalised_accuracy_auc,10,13.803571837229862,17.113095650242435,3.3095238130125724,4.638566568817523,-0.008706815795692435,6.627754441820837,7,0.05048740360255172,first_layer_corruption,first_layer_corruption|dataset=sign|metric=normalised_accuracy_auc,1.0,1.0,1.0,True,"exploratory_repair; inherited retrospective scope, not preregistered"
shared_downstream_repair_20260908,sign,standard,occlusion,kaiming,gabor,mean_retention,10,0.8636864226458154,0.894997488570018,0.03131106592420254,0.21208087826938848,-0.12040245497012836,0.18302458681853345,6,0.6516882223553009,first_layer_corruption,first_layer_corruption|dataset=sign|metric=mean_retention,1.0,1.0,1.0,True,"exploratory_repair; inherited retrospective scope, not preregistered"
shared_downstream_repair_20260908,sign,standard,occlusion,kaiming,pca,normalised_accuracy_auc,10,13.803571837229862,16.21230206141869,2.408730224188831,5.030771287049234,-1.1900667583607674,6.007527206738429,7,0.1642993919859854,first_layer_corruption,first_layer_corruption|dataset=sign|metric=normalised_accuracy_auc,1.0,1.0,1.0,True,"exploratory_repair; inherited retrospective scope, not preregistered"
shared_downstream_repair_20260908,sign,standard,occlusion,kaiming,pca,mean_retention,10,0.8636864226458154,0.8664167274423654,0.0027303047965498983,0.12957087606793255,-0.08995911621131478,0.09541972580441457,6,0.9483289134670677,first_layer_corruption,first_layer_corruption|dataset=sign|metric=mean_retention,1.0,1.0,1.0,True,"exploratory_repair; inherited retrospective scope, not preregistered"
shared_downstream_repair_20260908,sign,standard,occlusion,kaiming,kmeans,normalised_accuracy_auc,10,13.803571837229862,19.432540064056717,5.628968226826854,5.533663886357762,1.6704235504003617,9.587512903253346,8,0.010544340892100533,first_layer_corruption,first_layer_corruption|dataset=sign|metric=normalised_accuracy_auc,0.474495340144524,1.0,1.0,True,"exploratory_repair; inherited retrospective scope, not preregistered"
shared_downstream_repair_20260908,sign,standard,occlusion,kaiming,kmeans,mean_retention,10,0.8636864226458154,1.0265315747103698,0.1628451520645544,0.22333126732821232,0.003083587662137066,0.32260671646697175,8,0.046553934253899955,first_layer_corruption,first_layer_corruption|dataset=sign|metric=mean_retention,1.0,1.0,1.0,True,"exploratory_repair; inherited retrospective scope, not preregistered"
shared_downstream_repair_20260908,sign,standard,occlusion,kaiming,di_wmf,normalised_accuracy_auc,10,13.803571837229862,17.62103210720751,3.817460269977647,7.5844951802974965,-1.6081607355493883,9.243081275504682,7,0.14592689344295562,first_layer_corruption,first_layer_corruption|dataset=sign|metric=normalised_accuracy_auc,1.0,1.0,1.0,True,"exploratory_repair; inherited retrospective scope, not preregistered"
shared_downstream_repair_20260908,sign,standard,occlusion,kaiming,di_wmf,mean_retention,10,0.8636864226458154,0.9753641385360281,0.11167771589021255,0.18030187225426092,-0.017302473586313566,0.24065790536673867,8,0.08181613842631538,first_layer_corruption,first_layer_corruption|dataset=sign|metric=mean_retention,1.0,1.0,1.0,True,"exploratory_repair; inherited retrospective scope, not preregistered"
shared_downstream_repair_20260908,sign,standard,occlusion,kaiming,lowrank_wmf,normalised_accuracy_auc,10,13.803571837229862,17.21627023898893,3.4126984017590694,4.6495790996702695,0.08658988295307646,6.738806920565063,6,0.045407775229428064,first_layer_corruption,first_layer_corruption|dataset=sign|metric=normalised_accuracy_auc,1.0,1.0,1.0,True,"exploratory_repair; inherited retrospective scope, not preregistered"
shared_downstream_repair_20260908,sign,standard,occlusion,kaiming,lowrank_wmf,mean_retention,10,0.8636864226458154,0.9711167749519811,0.10743035230616575,0.24302859137772395,-0.06642182888421179,0.2812825334965433,7,0.19564400333743068,first_layer_corruption,first_layer_corruption|dataset=sign|metric=mean_retention,1.0,1.0,1.0,True,"exploratory_repair; inherited retrospective scope, not preregistered"
shared_downstream_repair_20260908,sign,standard,rotation,kaiming,random_stem,normalised_accuracy_auc,10,15.121032177574104,14.742063668866951,-0.37896850870715293,5.665789296909752,-4.432030010026221,3.674092992611915,4,0.8371969330400066,first_layer_corruption,first_layer_corruption|dataset=sign|metric=normalised_accuracy_auc,1.0,1.0,1.0,True,"exploratory_repair; inherited retrospective scope, not preregistered"
shared_downstream_repair_20260908,sign,standard,rotation,kaiming,random_stem,mean_retention,10,0.9415780739625579,1.0171411656281328,0.07556309166557516,0.12007193321831336,-0.010331194975393754,0.16145737830654408,6,0.0777878976891598,first_layer_corruption,first_layer_corruption|dataset=sign|metric=mean_retention,1.0,1.0,1.0,True,"exploratory_repair; inherited retrospective scope, not preregistered"
shared_downstream_repair_20260908,sign,standard,rotation,kaiming,gabor,normalised_accuracy_auc,10,15.121032177574104,16.863095661004387,1.7420634834302795,4.794976220567348,-1.6880558699176895,5.172182836778249,7,0.2802188746717903,first_layer_corruption,first_layer_corruption|dataset=sign|metric=normalised_accuracy_auc,1.0,1.0,1.0,True,"exploratory_repair; inherited retrospective scope, not preregistered"
shared_downstream_repair_20260908,sign,standard,rotation,kaiming,gabor,mean_retention,10,0.9415780739625579,0.881955314890501,-0.05962275907205664,0.1438619100130007,-0.162535369905987,0.043289851761873714,5,0.22245296373760615,first_layer_corruption,first_layer_corruption|dataset=sign|metric=mean_retention,1.0,1.0,1.0,True,"exploratory_repair; inherited retrospective scope, not preregistered"
shared_downstream_repair_20260908,sign,standard,rotation,kaiming,pca,normalised_accuracy_auc,10,15.121032177574104,17.8809528094199,2.759920631845792,6.603884460970632,-1.96421372354191,7.484054987233494,7,0.2189113290199858,first_layer_corruption,first_layer_corruption|dataset=sign|metric=normalised_accuracy_auc,1.0,1.0,1.0,True,"exploratory_repair; inherited retrospective scope, not preregistered"
shared_downstream_repair_20260908,sign,standard,rotation,kaiming,pca,mean_retention,10,0.9415780739625579,0.9491501159247584,0.0075720419622005595,0.08914933403805655,-0.05620154980460884,0.07134563372900996,5,0.7942981100409928,first_layer_corruption,first_layer_corruption|dataset=sign|metric=mean_retention,1.0,1.0,1.0,True,"exploratory_repair; inherited retrospective scope, not preregistered"
shared_downstream_repair_20260908,sign,standard,rotation,kaiming,kmeans,normalised_accuracy_auc,10,15.121032177574104,18.400793994466465,3.2797618168923592,7.386171995405242,-2.0039873287079044,8.563510962492623,6,0.19382047709400615,first_layer_corruption,first_layer_corruption|dataset=sign|metric=normalised_accuracy_auc,1.0,1.0,1.0,True,"exploratory_repair; inherited retrospective scope, not preregistered"
shared_downstream_repair_20260908,sign,standard,rotation,kaiming,kmeans,mean_retention,10,0.9415780739625579,0.9480481536830732,0.006470079720515598,0.10510298003450733,-0.0687160628852661,0.0816562223262973,5,0.8499762565889629,first_layer_corruption,first_layer_corruption|dataset=sign|metric=mean_retention,1.0,1.0,1.0,True,"exploratory_repair; inherited retrospective scope, not preregistered"
shared_downstream_repair_20260908,sign,standard,rotation,kaiming,di_wmf,normalised_accuracy_auc,10,15.121032177574104,17.78174632953273,2.660714151958625,7.351174617138659,-2.5979993774077714,7.919427681325021,7,0.2819141481050793,first_layer_corruption,first_layer_corruption|dataset=sign|metric=normalised_accuracy_auc,1.0,1.0,1.0,True,"exploratory_repair; inherited retrospective scope, not preregistered"
shared_downstream_repair_20260908,sign,standard,rotation,kaiming,di_wmf,mean_retention,10,0.9415780739625579,0.9904828901073515,0.048904816144793826,0.12482011405832967,-0.04038611445087834,0.138195746740466,5,0.24668774890760323,first_layer_corruption,first_layer_corruption|dataset=sign|metric=mean_retention,1.0,1.0,1.0,True,"exploratory_repair; inherited retrospective scope, not preregistered"
shared_downstream_repair_20260908,sign,standard,rotation,kaiming,lowrank_wmf,normalised_accuracy_auc,10,15.121032177574104,16.81746071204543,1.6964285344713261,5.80918463767221,-2.459211814146183,5.852068883088835,4,0.37985720169640125,first_layer_corruption,first_layer_corruption|dataset=sign|metric=normalised_accuracy_auc,1.0,1.0,1.0,True,"exploratory_repair; inherited retrospective scope, not preregistered"
shared_downstream_repair_20260908,sign,standard,rotation,kaiming,lowrank_wmf,mean_retention,10,0.9415780739625579,0.9303466231634854,-0.01123145079907235,0.13797916782878533,-0.10993580138547929,0.08747289978733458,5,0.8026523686313531,first_layer_corruption,first_layer_corruption|dataset=sign|metric=mean_retention,1.0,1.0,1.0,True,"exploratory_repair; inherited retrospective scope, not preregistered"
shared_downstream_repair_20260908,sign,standard,salt_pepper,kaiming,random_stem,normalised_accuracy_auc,10,10.781746212806969,11.325397048559456,0.5436508357524866,1.8919321932482112,-0.8097559243158473,1.8970575958208205,6,0.38720093685868706,first_layer_corruption,first_layer_corruption|dataset=sign|metric=normalised_accuracy_auc,1.0,1.0,1.0,True,"exploratory_repair; inherited retrospective scope, not preregistered"
shared_downstream_repair_20260908,sign,standard,salt_pepper,kaiming,random_stem,mean_retention,10,0.6800858741800299,0.8366881695014319,0.15660229532140205,0.35127265550425824,-0.09468302467222331,0.4078876153150274,6,0.1922100006946402,first_layer_corruption,first_layer_corruption|dataset=sign|metric=mean_retention,1.0,1.0,1.0,True,"exploratory_repair; inherited retrospective scope, not preregistered"
shared_downstream_repair_20260908,sign,standard,salt_pepper,kaiming,gabor,normalised_accuracy_auc,10,10.781746212806969,11.686508173329962,0.904761960522996,2.1245544910580048,-0.6150527667663384,2.4245766878123303,5,0.21101118160678192,first_layer_corruption,first_layer_corruption|dataset=sign|metric=normalised_accuracy_auc,1.0,1.0,1.0,True,"exploratory_repair; inherited retrospective scope, not preregistered"
shared_downstream_repair_20260908,sign,standard,salt_pepper,kaiming,gabor,mean_retention,10,0.6800858741800299,0.5904084670366339,-0.08967740714339612,0.21155816487610532,-0.24101700140199855,0.061662187115206324,4,0.21294901748902015,first_layer_corruption,first_layer_corruption|dataset=sign|metric=mean_retention,1.0,1.0,1.0,True,"exploratory_repair; inherited retrospective scope, not preregistered"
shared_downstream_repair_20260908,sign,standard,salt_pepper,kaiming,pca,normalised_accuracy_auc,10,10.781746212806969,13.208333595345417,2.426587382538451,3.3044310022472785,0.06273984477729577,4.790434920299607,8,0.0453224217138404,first_layer_corruption,first_layer_corruption|dataset=sign|metric=normalised_accuracy_auc,1.0,1.0,1.0,True,"exploratory_repair; inherited retrospective scope, not preregistered"
shared_downstream_repair_20260908,sign,standard,salt_pepper,kaiming,pca,mean_retention,10,0.6800858741800299,0.7071149102991172,0.027029036119087295,0.23055588558929346,-0.1379007088493962,0.1919587810875708,6,0.7194162799598373,first_layer_corruption,first_layer_corruption|dataset=sign|metric=mean_retention,1.0,1.0,1.0,True,"exploratory_repair; inherited retrospective scope, not preregistered"
shared_downstream_repair_20260908,sign,standard,salt_pepper,kaiming,kmeans,normalised_accuracy_auc,10,10.781746212806969,18.00198452340232,7.220238310595351,4.962499071514677,3.6702803289143158,10.770196292276387,10,0.0012887113731909277,first_layer_corruption,first_layer_corruption|dataset=sign|metric=normalised_accuracy_auc,0.06185814591316453,0.2964036158339134,0.38403598921089643,True,"exploratory_repair; inherited retrospective scope, not preregistered"
shared_downstream_repair_20260908,sign,standard,salt_pepper,kaiming,kmeans,mean_retention,10,0.6800858741800299,0.9414764032879226,0.2613905291078928,0.2858999814950557,0.05687000292851946,0.4659110552872661,8,0.017849814653718685,first_layer_corruption,first_layer_corruption|dataset=sign|metric=mean_retention,0.856791103378497,1.0,1.0,True,"exploratory_repair; inherited retrospective scope, not preregistered"
shared_downstream_repair_20260908,sign,standard,salt_pepper,kaiming,di_wmf,normalised_accuracy_auc,10,10.781746212806969,15.57539718432559,4.7936509715186215,5.263480048468067,1.0283841694081808,8.558917773629062,9,0.01817783240582803,first_layer_corruption,first_layer_corruption|dataset=sign|metric=normalised_accuracy_auc,0.7816467934506053,1.0,1.0,True,"exploratory_repair; inherited retrospective scope, not preregistered"
shared_downstream_repair_20260908,sign,standard,salt_pepper,kaiming,di_wmf,mean_retention,10,0.6800858741800299,0.8546785495073728,0.17459267532734293,0.2703303370049751,-0.018789998142543146,0.36797534879722904,8,0.07149234893410346,first_layer_corruption,first_layer_corruption|dataset=sign|metric=mean_retention,1.0,1.0,1.0,True,"exploratory_repair; inherited retrospective scope, not preregistered"
shared_downstream_repair_20260908,sign,standard,salt_pepper,kaiming,lowrank_wmf,normalised_accuracy_auc,10,10.781746212806969,13.68849236932066,2.9067461565136905,2.6030027755945095,1.0446701447313498,4.7688221682960314,9,0.0064010479181194424,first_layer_corruption,first_layer_corruption|dataset=sign|metric=normalised_accuracy_auc,0.3008492521516138,1.0,1.0,True,"exploratory_repair; inherited retrospective scope, not preregistered"
shared_downstream_repair_20260908,sign,standard,salt_pepper,kaiming,lowrank_wmf,mean_retention,10,0.6800858741800299,0.8051754742507338,0.12508960007070388,0.3217788910877138,-0.10509715186447452,0.35527635200588226,7,0.250122418563382,first_layer_corruption,first_layer_corruption|dataset=sign|metric=mean_retention,1.0,1.0,1.0,True,"exploratory_repair; inherited retrospective scope, not preregistered"
shared_downstream_repair_20260908,sign,standard,translation,kaiming,random_stem,normalised_accuracy_auc,10,15.047619464910692,14.722222520245447,-0.32539694466524693,4.818803242860237,-3.772561122959151,3.121767233628657,5,0.8356666509133684,first_layer_corruption,first_layer_corruption|dataset=sign|metric=normalised_accuracy_auc,1.0,1.0,1.0,True,"exploratory_repair; inherited retrospective scope, not preregistered"
shared_downstream_repair_20260908,sign,standard,translation,kaiming,random_stem,mean_retention,10,0.9540402648082982,1.0301964463637943,0.07615618155549597,0.22344784328175188,-0.08368877626035601,0.23600113937134795,6,0.3091716929184507,first_layer_corruption,first_layer_corruption|dataset=sign|metric=mean_retention,1.0,1.0,1.0,True,"exploratory_repair; inherited retrospective scope, not preregistered"
shared_downstream_repair_20260908,sign,standard,translation,kaiming,gabor,normalised_accuracy_auc,10,15.047619464910692,16.884921046180857,1.8373015812701639,4.201387959498906,-1.1681903102193776,4.8427934727597055,8,0.20004105939165964,first_layer_corruption,first_layer_corruption|dataset=sign|metric=normalised_accuracy_auc,1.0,1.0,1.0,True,"exploratory_repair; inherited retrospective scope, not preregistered"
shared_downstream_repair_20260908,sign,standard,translation,kaiming,gabor,mean_retention,10,0.9540402648082982,0.8736248427385236,-0.08041542206977455,0.19493679206700287,-0.21986480250267254,0.05903395836312343,5,0.22443179774494645,first_layer_corruption,first_layer_corruption|dataset=sign|metric=mean_retention,1.0,1.0,1.0,True,"exploratory_repair; inherited retrospective scope, not preregistered"
shared_downstream_repair_20260908,sign,standard,translation,kaiming,pca,normalised_accuracy_auc,10,15.047619464910692,16.662698822716873,1.6150793578061795,5.505746464743948,-2.323494398271976,5.5536531138843355,7,0.3778025712936141,first_layer_corruption,first_layer_corruption|dataset=sign|metric=normalised_accuracy_auc,1.0,1.0,1.0,True,"exploratory_repair; inherited retrospective scope, not preregistered"
shared_downstream_repair_20260908,sign,standard,translation,kaiming,pca,mean_retention,10,0.9540402648082982,0.8847753389358214,-0.06926492587247657,0.13891143495209182,-0.1686361801837502,0.030106328438797084,3,0.14929723383347737,first_layer_corruption,first_layer_corruption|dataset=sign|metric=mean_retention,1.0,1.0,1.0,True,"exploratory_repair; inherited retrospective scope, not preregistered"
shared_downstream_repair_20260908,sign,standard,translation,kaiming,kmeans,normalised_accuracy_auc,10,15.047619464910692,17.146825755221975,2.099206290311284,6.756889074478637,-2.7343809719947414,6.9327935526173095,6,0.3515517807875032,first_layer_corruption,first_layer_corruption|dataset=sign|metric=normalised_accuracy_auc,1.0,1.0,1.0,True,"exploratory_repair; inherited retrospective scope, not preregistered"
shared_downstream_repair_20260908,sign,standard,translation,kaiming,kmeans,mean_retention,10,0.9540402648082982,0.9030509816909325,-0.050989283117365704,0.25861040370191923,-0.23598802136139518,0.1340094551266638,3,0.5484329395651648,first_layer_corruption,first_layer_corruption|dataset=sign|metric=mean_retention,1.0,1.0,1.0,True,"exploratory_repair; inherited retrospective scope, not preregistered"
shared_downstream_repair_20260908,sign,standard,translation,kaiming,di_wmf,normalised_accuracy_auc,10,15.047619464910692,16.4047622659968,1.3571428010861077,6.1387577489526315,-3.034259948708089,5.748545550880305,5,0.5021495300660144,first_layer_corruption,first_layer_corruption|dataset=sign|metric=normalised_accuracy_auc,1.0,1.0,1.0,True,"exploratory_repair; inherited retrospective scope, not preregistered"
shared_downstream_repair_20260908,sign,standard,translation,kaiming,di_wmf,mean_retention,10,0.9540402648082982,0.927276786357384,-0.0267634784509141,0.2398103868606681,-0.19831349481518978,0.1447865379133616,4,0.7322739897794269,first_layer_corruption,first_layer_corruption|dataset=sign|metric=mean_retention,1.0,1.0,1.0,True,"exploratory_repair; inherited retrospective scope, not preregistered"
shared_downstream_repair_20260908,sign,standard,translation,kaiming,lowrank_wmf,normalised_accuracy_auc,10,15.047619464910692,16.134921047422623,1.0873015825119279,5.924972182562168,-3.151168185968001,5.3257713509918565,5,0.575941425945713,first_layer_corruption,first_layer_corruption|dataset=sign|metric=normalised_accuracy_auc,1.0,1.0,1.0,True,"exploratory_repair; inherited retrospective scope, not preregistered"
shared_downstream_repair_20260908,sign,standard,translation,kaiming,lowrank_wmf,mean_retention,10,0.9540402648082982,0.8934233467427228,-0.06061691806557538,0.19824737168950599,-0.2024345444941967,0.08120070836304596,3,0.3588512819330269,first_layer_corruption,first_layer_corruption|dataset=sign|metric=mean_retention,1.0,1.0,1.0,True,"exploratory_repair; inherited retrospective scope, not preregistered"
